source,h2,ch4,c2h6,c2h4,c2h2,co,co2,scale,source_scale,label_raw,label_std
alan456/data.xlsx,18,21,12,6,2,,,μL/L,μL/L,中温过热,中温过热
alan456/data.xlsx,9.25,96.88,446.52,84.25,0,,,μL/L,μL/L,高温过热,高温过热
alan456/data.xlsx,24.16,261.05,201.4,196,0.87,,,μL/L,μL/L,中温过热,中温过热
alan456/data.xlsx,170,300,580,44,8.9,,,μL/L,μL/L,高温过热,高温过热
alan456/data.xlsx,72,442,461,221,0.7,,,μL/L,μL/L,中温过热,中温过热
alan456/data.xlsx,1308,125,6,112,0,,,μL/L,μL/L,低能放电,低能放电
alan456/data.xlsx,32.4,5.5,12.6,1.4,13.2,,,μL/L,μL/L,高能放电,高能放电
alan456/data.xlsx,68,8,8,3,11,,,μL/L,μL/L,低能放电,低能放电
alan456/data.xlsx,19,10,9.5,7.9,8.5,,,μL/L,μL/L,低能放电,低能放电
alan456/data.xlsx,45,168,330,82,3.1,,,μL/L,μL/L,高温过热,高温过热
alan456/data.xlsx,50.11,15.97,45.37,4.66,12.3,,,μL/L,μL/L,高能放电,高能放电
alan456/data.xlsx,345,112.3,51.5,27.5,58.58,,,μL/L,μL/L,高能放电,高能放电
alan456/data.xlsx,336,419,1074,105,21,,,μL/L,μL/L,高温过热,高温过热
alan456/data.xlsx,6.9,80.6,351,47.4,4.9,,,μL/L,μL/L,高温过热,高温过热
alan456/data.xlsx,18,21,12,6,2,,,μL/L,μL/L,中温过热,中温过热
alan456/data.xlsx,112,93.3,123.6,132,0.5,,,μL/L,μL/L,正常,正常
alan456/data.xlsx,143,305,721,78,2,,,μL/L,μL/L,高温过热,高温过热
alan456/data.xlsx,7.8,111,701,129,2.8,,,μL/L,μL/L,高温过热,高温过热
alan456/data.xlsx,23,61,153,14,4.4,,,μL/L,μL/L,中温过热,中温过热
alan456/data.xlsx,166.6,28.7,12.4,6.72,0.7,,,μL/L,μL/L,中温过热,中温过热
alan456/data.xlsx,14.67,3.68,2.71,10.54,0.2,,,μL/L,μL/L,正常,正常
alan456/data.xlsx,12,12,12,12,12,,,μL/L,μL/L,中温过热,中温过热
alan456/data.xlsx,11,31,52,26,0,,,μL/L,μL/L,中温过热,中温过热
alan456/data.xlsx,4683,148,1364,44.7,12078,,,μL/L,μL/L,高能放电,高能放电
alan456/data.xlsx,345,112.3,51.5,27.5,58.8,,,μL/L,μL/L,低能放电,低能放电
alan456/data.xlsx,345,112.25,51.5,27.5,345,,,μL/L,μL/L,低能放电,低能放电
alan456/data.xlsx,6.17,116.06,488.86,92.57,0,,,μL/L,μL/L,高温过热,高温过热
alan456/data.xlsx,18,135,208,59,0,,,μL/L,μL/L,高温过热,高温过热
alan456/data.xlsx,29,7.52,14.8,5.5,5.4,,,μL/L,μL/L,高能放电,高能放电
alan456/data.xlsx,44.3,17.3,23.3,3.6,10.4,,,μL/L,μL/L,高能放电,高能放电
alan456/data.xlsx,181,316,593,115,2,,,μL/L,μL/L,高温过热,高温过热
alan456/data.xlsx,49.1,12.2,3.9,0.3,4.8,,,μL/L,μL/L,低能放电,低能放电
alan456/data.xlsx,121,14,29,3,74,,,μL/L,μL/L,高能放电,高能放电
alan456/data.xlsx,60,40,110,9.9,70,,,μL/L,μL/L,高能放电,高能放电
alan456/data.xlsx,279,487,708,109,4.4,,,μL/L,μL/L,高温过热,高温过热
alan456/data.xlsx,16.99,185.09,699.2,125.14,0,,,μL/L,μL/L,高温过热,高温过热
alan456/data.xlsx,32.2,5.5,12.6,1.4,13.2,,,μL/L,μL/L,低能放电,低能放电
alan456/data.xlsx,44.6,63.2,129,20.1,0.66,,,μL/L,μL/L,高温过热,高温过热
alan456/data.xlsx,74.8,482,1409,297,7.5,,,μL/L,μL/L,高温过热,高温过热
alan456/data.xlsx,15.91,191.46,734.87,132.1,0,,,μL/L,μL/L,高温过热,高温过热
alan456/data.xlsx,9,16.7,85.3,9.9,3.4,,,μL/L,μL/L,中温过热,中温过热
alan456/data.xlsx,181,262,528,210,0,,,μL/L,μL/L,中温过热,中温过热
alan456/data.xlsx,14.67,3.68,2.71,10.54,0.2,,,μL/L,μL/L,正常,正常
alan456/data.xlsx,160,130,96,33,0,,,μL/L,μL/L,低温过热,低温过热
alan456/data.xlsx,17.04,192.37,733.63,132.09,0,,,μL/L,μL/L,高温过热,高温过热
alan456/data.xlsx,217.5,40,51.8,4.9,67.5,,,μL/L,μL/L,高能放电,高能放电
alan456/data.xlsx,82,161,406,79,8.9,,,μL/L,μL/L,高温过热,高温过热
alan456/data.xlsx,345,112.25,51.5,27.5,58.75,,,μL/L,μL/L,低能放电,低能放电
alan456/data.xlsx,207,416,1345,347,20,,,μL/L,μL/L,高温过热,高温过热
alan456/data.xlsx,29.9,34.6,70,5.6,1.2,,,μL/L,μL/L,中温过热,中温过热
alan456/data.xlsx,10.48,148.49,576.66,105.45,0,,,μL/L,μL/L,高温过热,高温过热
alan456/data.xlsx,21,7.6,96.3,4.7,26.73,,,μL/L,μL/L,高能放电,高能放电
alan456/data.xlsx,334,39.9,5.4,47.8,247.6,,,μL/L,μL/L,高能放电,高能放电
alan456/data.xlsx,65,26.1,41.6,10.1,57.8,,,μL/L,μL/L,高能放电,高能放电
alan456/data.xlsx,4.32,193,125,118,0,,,μL/L,μL/L,中温过热,中温过热
alan456/data.xlsx,49,41.6,124,25.1,15.7,,,μL/L,μL/L,高能放电,高能放电
alan456/data.xlsx,236,410.2,817.3,159,3.5,,,μL/L,μL/L,高温过热,高温过热
alan456/data.xlsx,207.06,21.08,67.34,4.28,141.93,,,μL/L,μL/L,高能放电,高能放电
alan456/data.xlsx,24.2,3.2,16.6,3.7,101,,,μL/L,μL/L,低能放电,低能放电
alan456/data.xlsx,64,22,51.7,20.7,95.1,,,μL/L,μL/L,高能放电,高能放电
alan456/data.xlsx,120,120,84,33,0.6,,,μL/L,μL/L,低温过热,低温过热
alan456/data.xlsx,35.2,2.6,5.3,1.9,18.3,,,μL/L,μL/L,低能放电,低能放电
alan456/data.xlsx,6709,10500,17700,1400,750,,,μL/L,μL/L,高温过热,高温过热
alan456/data.xlsx,69,212,692,135,3.9,,,μL/L,μL/L,高温过热,高温过热
alan456/data.xlsx,2054,370,535,26,805,,,μL/L,μL/L,高能放电,高能放电
alan456/data.xlsx,56,78,173,18,0,,,μL/L,μL/L,低温过热,低温过热
alan456/data.xlsx,7.5,5.7,2.6,3.4,3.2,,,μL/L,μL/L,正常,正常
alan456/data.xlsx,63,0.29,3.64,0.59,16.8,,,μL/L,μL/L,低能放电,低能放电
alan456/data.xlsx,730,750,1300,190,7,,,μL/L,μL/L,高能放电,高能放电
alan456/data.xlsx,30,7.4,1.8,8.5,19,,,μL/L,μL/L,低能放电,低能放电
alan456/data.xlsx,46.1,21.5,15.8,61.5,1.2,,,μL/L,μL/L,正常,正常
alan456/data.xlsx,12,290,355,144,0,,,μL/L,μL/L,中温过热,中温过热
alan456/data.xlsx,45,15,19,1,18,,,μL/L,μL/L,低能放电,低能放电
alan456/data.xlsx,23,23,23,23,23,,,μL/L,μL/L,局部放电,局部放电
alan456/data.xlsx,158,71,146,1.3,685,,,μL/L,μL/L,高能放电,高能放电
alan456/data.xlsx,3.51,61,98.03,45.21,0.01,,,μL/L,μL/L,中温过热,中温过热
alan456/data.xlsx,26788,18342,27,2111,0,,,μL/L,μL/L,局部放电,局部放电
alan456/data.xlsx,54,7,8.6,7.4,5.4,,,μL/L,μL/L,低能放电,低能放电
alan456/data.xlsx,36,30,93,10,7.1,,,μL/L,μL/L,高温过热,高温过热
alan456/data.xlsx,100,94,304,22,118,,,μL/L,μL/L,高能放电,高能放电
alan456/data.xlsx,21,21,21,12,21,,,μL/L,μL/L,正常,正常
alan456/data.xlsx,18,20,12,6,2,,,μL/L,μL/L,局部放电,局部放电
alan456/data.xlsx,15,12,3.2,5.3,0.2,,,μL/L,μL/L,正常,正常
alan456/data.xlsx,21,21,21,21,21,,,μL/L,μL/L,正常,正常
alan456/data.xlsx,80,243,1348,274,8.4,,,μL/L,μL/L,高温过热,高温过热
alan456/data.xlsx,225.5,17.6,3,8.4,0,,,μL/L,μL/L,局部放电,局部放电
alan456/data.xlsx,179,413,544,27,473,,,μL/L,μL/L,高能放电,高能放电
alan456/data.xlsx,57,77,21,19,0,,,μL/L,μL/L,低温过热,低温过热
alan456/data.xlsx,50,90,260,18,5.9,,,μL/L,μL/L,高温过热,高温过热
alan456/data.xlsx,83,35,86,4.9,5.1,,,μL/L,μL/L,中温过热,中温过热
alan456/data.xlsx,81,130,230,74,2.9,,,μL/L,μL/L,高温过热,高温过热
alan456/data.xlsx,120,120,84,33,0.55,,,μL/L,μL/L,低温过热,低温过热
alan456/data.xlsx,6.3,7.87,3.03,6.97,11.1,,,μL/L,μL/L,高能放电,高能放电
alan456/data.xlsx,90,160,330,54,29,,,μL/L,μL/L,高温过热,高温过热
alan456/data.xlsx,4430,941,2475,76,55585,,,μL/L,μL/L,高能放电,高能放电
alan456/data.xlsx,170,330,430,77,13,,,μL/L,μL/L,高温过热,高温过热
alan456/data.xlsx,4072,15850,22621,9057,535,,,μL/L,μL/L,中温过热,中温过热
alan456/data.xlsx,1565,93,47,34,0,,,μL/L,μL/L,局部放电,局部放电
alan456/data.xlsx,5.4,13.7,11.6,4.2,0,,,μL/L,μL/L,正常,正常
alan456/data.xlsx,160,130,96,33,0,,,μL/L,μL/L,中温过热,中温过热
alan456/data.xlsx,437,27.2,34.9,22.5,30.2,,,μL/L,μL/L,高能放电,高能放电
alan456/data.xlsx,246,432,674,141,7.2,,,μL/L,μL/L,高温过热,高温过热
alan456/data.xlsx,56.4,42.7,1413,167,17.1,,,μL/L,μL/L,高温过热,高温过热
alan456/data.xlsx,300.44,42.14,43.18,3.25,64.71,,,μL/L,μL/L,高能放电,高能放电
alan456/data.xlsx,42,97,600,157,0,,,μL/L,μL/L,高温过热,高温过热
alan456/data.xlsx,35.1,6,93,16.1,1.1,,,μL/L,μL/L,高温过热,高温过热
alan456/data.xlsx,51.1,7.1,5.9,1.7,9.2,,,μL/L,μL/L,低能放电,低能放电
alan456/data.xlsx,155,581,293,215,142,,,μL/L,μL/L,高温过热,高温过热
alan456/data.xlsx,477,566,239,734,116,,,μL/L,μL/L,高温过热,高温过热
alan456/data.xlsx,117,5.8,15.9,7,12.8,,,μL/L,μL/L,高能放电,高能放电
alan456/data.xlsx,4683,148,44.7,1364,12078,,,μL/L,μL/L,高能放电,高能放电
alan456/data.xlsx,52.5,32.9,9.73,79.3,9.8,,,μL/L,μL/L,低能放电,低能放电
alan456/data.xlsx,421,135,27.7,351,374,,,μL/L,μL/L,高能放电,高能放电
alan456/data.xlsx,56.4,42.7,167,1413,17.1,,,μL/L,μL/L,高温过热,高温过热
alan456/data.xlsx,74.8,482,297,1409,7.5,,,μL/L,μL/L,高温过热,高温过热
alan456/data.xlsx,6,0.5,0.29,1.87,7.42,,,μL/L,μL/L,低能放电,低能放电
alan456/data.xlsx,63,0.29,0.59,3.64,16.8,,,μL/L,μL/L,低能放电,低能放电
alan456/data.xlsx,22.5,8.5,1.2,7.3,8.4,,,μL/L,μL/L,低能放电,低能放电
alan456/data.xlsx,31,6.6,4.7,19,67,,,μL/L,μL/L,低能放电,低能放电
alan456/data.xlsx,32.2,5.5,1.4,12.6,13.2,,,μL/L,μL/L,低能放电,低能放电
alan456/data.xlsx,3.3,1.1,0.9,3.1,3.3,,,μL/L,μL/L,低能放电,低能放电
alan456/data.xlsx,45,15,1,19,18,,,μL/L,μL/L,低能放电,低能放电
alan456/data.xlsx,71.6,20.2,2.7,34.6,44.2,,,μL/L,μL/L,高能放电,高能放电
alan456/data.xlsx,72,116,36,70,19,,,μL/L,μL/L,高能放电,高能放电
alan456/data.xlsx,7.8,111,129,701,2.8,,,μL/L,μL/L,高温过热,高温过热
alan456/data.xlsx,58,103,51,251,6,,,μL/L,μL/L,高温过热,高温过热
alan456/data.xlsx,316,36.1,37.3,109,440,,,μL/L,μL/L,低能放电,低能放电
alan456/data.xlsx,49,41.6,25.1,124,15.7,,,μL/L,μL/L,高能放电,高能放电
alan456/data.xlsx,21,7.6,4.7,96.3,26.73,,,μL/L,μL/L,高能放电,高能放电
alan456/data.xlsx,65,26.1,10.1,41.6,57.8,,,μL/L,μL/L,高能放电,高能放电
alan456/data.xlsx,64,22,20.7,51.7,95.1,,,μL/L,μL/L,高能放电,高能放电
alan456/data.xlsx,150,80,235,105,35,,,μL/L,μL/L,高能放电,高能放电
alan456/data.xlsx,80,243,274,1348,8.4,,,μL/L,μL/L,高温过热,高温过热
alan456/data.xlsx,158,71,1.3,146,685,,,μL/L,μL/L,高能放电,高能放电
alan456/data.xlsx,24.2,3.2,3.7,16.6,101,,,μL/L,μL/L,低能放电,低能放电
alan456/data.xlsx,35.2,2.6,1.9,5.3,18.3,,,μL/L,μL/L,低能放电,低能放电
alan456/data.xlsx,294,27.4,5.6,52.6,338,,,μL/L,μL/L,高能放电,高能放电
alan456/data.xlsx,437,27.2,22.5,34.9,30.2,,,μL/L,μL/L,高能放电,高能放电
alan456/data.xlsx,2054,370,26,535,805,,,μL/L,μL/L,高能放电,高能放电
alan456/data.xlsx,136,140,59,582,140,,,μL/L,μL/L,高能放电,高能放电
alan456/data.xlsx,4430,941,76,2475,55585,,,μL/L,μL/L,高能放电,高能放电
alan456/data.xlsx,179,413,27,544,473,,,μL/L,μL/L,高能放电,高能放电
alan456/data.xlsx,143,305,78,721,2,,,μL/L,μL/L,高温过热,高温过热
alan456/data.xlsx,170,300,44,580,8.9,,,μL/L,μL/L,高温过热,高温过热
alan456/data.xlsx,180,340,52,6303,10,,,μL/L,μL/L,高温过热,高温过热
alan456/data.xlsx,17,21,11,145,4.1,,,μL/L,μL/L,高温过热,高温过热
alan456/data.xlsx,60,40,9.9,110,70,,,μL/L,μL/L,高能放电,高能放电
alan456/data.xlsx,90,160,54,330,29,,,μL/L,μL/L,高温过热,高温过热
alan456/data.xlsx,250,63,2.8,66,120,,,μL/L,μL/L,高能放电,高能放电
alan456/data.xlsx,44.6,63.2,20.1,129,0.66,,,μL/L,μL/L,高温过热,高温过热
alan456/data.xlsx,246,432,141,674,7.2,,,μL/L,μL/L,高温过热,高温过热
alan456/data.xlsx,4.1,3.5,0.68,1.2,5.2,,,μL/L,μL/L,低能放电,低能放电
alan456/data.xlsx,56,144,36,164,1.8,,,μL/L,μL/L,高温过热,高温过热
alan456/data.xlsx,69,212,135,692,3.9,,,μL/L,μL/L,高温过热,高温过热
alan456/data.xlsx,82,161,79,406,8.9,,,μL/L,μL/L,高温过热,高温过热
alan456/data.xlsx,34,60,11,123,6,,,μL/L,μL/L,低能放电,低能放电
alan456/data.xlsx,96,13.7,3.8,35.6,5.4,,,μL/L,μL/L,低能放电,低能放电
alan456/data.xlsx,181,316,115,593,2,,,μL/L,μL/L,高温过热,高温过热
alan456/data.xlsx,190,450,240,850,0.6,,,μL/L,μL/L,高能放电,高能放电
alan456/data.xlsx,12,14.6,7.2,14.4,0.98,,,μL/L,μL/L,低能放电,低能放电
alan456/data.xlsx,11.9,12.4,5.9,13.6,1.03,,,μL/L,μL/L,低能放电,低能放电
alan456/data.xlsx,49.1,12.2,0.3,3.9,4.8,,,μL/L,μL/L,低能放电,低能放电
alan456/data.xlsx,46.7,8.2,1.8,5.1,4.1,,,μL/L,μL/L,低能放电,低能放电
alan456/data.xlsx,53.9,8.3,1.1,6,7.1,,,μL/L,μL/L,低能放电,低能放电
alan456/data.xlsx,51.1,7.1,1.7,5.9,9.2,,,μL/L,μL/L,低能放电,低能放电
alan456/data.xlsx,81,130,74,230,2.9,,,μL/L,μL/L,高温过热,高温过热
alan456/data.xlsx,170,330,77,430,13,,,μL/L,μL/L,高温过热,高温过热
alan456/data.xlsx,50,90,18,260,5.9,,,μL/L,μL/L,高温过热,高温过热
alan456/data.xlsx,29,7.52,5.5,14.8,5.4,,,μL/L,μL/L,高能放电,高能放电
alan456/data.xlsx,6.3,7.87,6.97,3.03,11.1,,,μL/L,μL/L,高能放电,高能放电
alan456/data.xlsx,413,6.8,40.4,4.6,8.15,,,μL/L,μL/L,高能放电,高能放电
alan456/data.xlsx,23.4,14.3,7.12,9.71,3.44,,,μL/L,μL/L,高能放电,高能放电
alan456/data.xlsx,76,202,275,3216,16,,,μL/L,μL/L,高温过热,高温过热
alan456/data.xlsx,87,500,26,520,9,,,μL/L,μL/L,高温过热,高温过热
alan456/data.xlsx,410,120,18,71,250,,,μL/L,μL/L,高能放电,高能放电
alan456/data.xlsx,279,487,109,708,4.4,,,μL/L,μL/L,高温过热,高温过热
alan456/data.xlsx,3930,2397,157,0,0,,,μL/L,μL/L,局部放电,局部放电
alan456/data.xlsx,37800,1740,249,8,8,,,μL/L,μL/L,局部放电,局部放电
alan456/data.xlsx,92600,10200,0,0,0,,,μL/L,μL/L,局部放电,局部放电
alan456/data.xlsx,8266,1061,22,0,0,,,μL/L,μL/L,局部放电,局部放电
alan456/data.xlsx,9340,995,60,6,7,,,μL/L,μL/L,局部放电,局部放电
alan456/data.xlsx,36036,4704,554,5,10,,,μL/L,μL/L,局部放电,局部放电
alan456/data.xlsx,78,20,11,13,28,,,μL/L,μL/L,低能放电,低能放电
alan456/data.xlsx,305,100,33,161,541,,,μL/L,μL/L,低能放电,低能放电
alan456/data.xlsx,35,6,3,26,482,,,μL/L,μL/L,低能放电,低能放电
alan456/data.xlsx,543,120,41,411,1880,,,μL/L,μL/L,低能放电,低能放电
alan456/data.xlsx,1230,163,27,233,692,,,μL/L,μL/L,低能放电,低能放电
alan456/data.xlsx,60,10,4,4,4,,,μL/L,μL/L,低能放电,低能放电
alan456/data.xlsx,95,10,0,11,39,,,μL/L,μL/L,低能放电,低能放电
alan456/data.xlsx,6870,1028,79,900,5500,,,μL/L,μL/L,低能放电,低能放电
alan456/data.xlsx,10092,5399,530,6500,37565,,,μL/L,μL/L,低能放电,低能放电
alan456/data.xlsx,650,81,170,51,270,,,μL/L,μL/L,低能放电,低能放电
alan456/data.xlsx,545,130,16,153,239,,,μL/L,μL/L,高能放电,高能放电
alan456/data.xlsx,7150,1440,97,1210,1760,,,μL/L,μL/L,高能放电,高能放电
alan456/data.xlsx,620,325,38,181,244,,,μL/L,μL/L,高能放电,高能放电
alan456/data.xlsx,120,31,0,66,94,,,μL/L,μL/L,高能放电,高能放电
alan456/data.xlsx,755,229,32,404,460,,,μL/L,μL/L,高能放电,高能放电
alan456/data.xlsx,5100,1430,0,1140,1010,,,μL/L,μL/L,高能放电,高能放电
alan456/data.xlsx,1570,1110,175,1780,1830,,,μL/L,μL/L,高能放电,高能放电
alan456/data.xlsx,3090,5020,323,3800,2540,,,μL/L,μL/L,高能放电,高能放电
alan456/data.xlsx,1820,405,35,365,634,,,μL/L,μL/L,高能放电,高能放电
alan456/data.xlsx,535,160,16,305,680,,,μL/L,μL/L,高能放电,高能放电
alan456/data.xlsx,13,3,1,3,6,,,μL/L,μL/L,高能放电,高能放电
alan456/data.xlsx,137,67,7,53,104,,,μL/L,μL/L,高能放电,高能放电
alan456/data.xlsx,1084,188,8,166,769,,,μL/L,μL/L,高能放电,高能放电
alan456/data.xlsx,34,21,4,49,56,,,μL/L,μL/L,高能放电,高能放电
alan456/data.xlsx,7940,2000,355,3120,5390,,,μL/L,μL/L,高能放电,高能放电
alan456/data.xlsx,150,130,9,55,30,,,μL/L,μL/L,高能放电,高能放电
alan456/data.xlsx,8200,3790,250,4620,5830,,,μL/L,μL/L,高能放电,高能放电
alan456/data.xlsx,260,215,35,334,277,,,μL/L,μL/L,高能放电,高能放电
alan456/data.xlsx,75,15,7,14,26,,,μL/L,μL/L,高能放电,高能放电
alan456/data.xlsx,530,345,85,266,250,,,μL/L,μL/L,高能放电,高能放电
alan456/data.xlsx,90,28,8,31,32,,,μL/L,μL/L,高能放电,高能放电
alan456/data.xlsx,220,77,22,170,240,,,μL/L,μL/L,高能放电,高能放电
alan456/data.xlsx,2800,2800,234,3500,3600,,,μL/L,μL/L,高能放电,高能放电
alan456/data.xlsx,99,170,20,200,190,,,μL/L,μL/L,高能放电,高能放电
alan456/data.xlsx,310,230,54,610,760,,,μL/L,μL/L,高能放电,高能放电
alan456/data.xlsx,800,160,23,260,600,,,μL/L,μL/L,高能放电,高能放电
alan456/data.xlsx,1500,395,28,395,323,,,μL/L,μL/L,高能放电,高能放电
alan456/data.xlsx,20000,13000,1850,29000,57000,,,μL/L,μL/L,高能放电,高能放电
alan456/data.xlsx,305,85,25,197,130,,,μL/L,μL/L,高能放电,高能放电
alan456/data.xlsx,1900,530,35,383,434,,,μL/L,μL/L,高能放电,高能放电
alan456/data.xlsx,110,62,90,140,250,,,μL/L,μL/L,高能放电,高能放电
alan456/data.xlsx,3700,1690,128,2810,3270,,,μL/L,μL/L,高能放电,高能放电
alan456/data.xlsx,2770,660,54,712,763,,,μL/L,μL/L,高能放电,高能放电
alan456/data.xlsx,1170,255,18,312,325,,,μL/L,μL/L,高能放电,高能放电
alan456/data.xlsx,4419,3564,668,2861,2025,,,μL/L,μL/L,高能放电,高能放电
alan456/data.xlsx,810,280,111,570,490,,,μL/L,μL/L,高能放电,高能放电
alan456/data.xlsx,10000,6730,345,7330,10400,,,μL/L,μL/L,高能放电,高能放电
alan456/data.xlsx,1570,735,87,1330,1740,,,μL/L,μL/L,高能放电,高能放电
alan456/data.xlsx,8800,64064,72128,95650,0,,,μL/L,μL/L,高温过热,高温过热
alan456/data.xlsx,6709,10500,1400,17700,750,,,μL/L,μL/L,高温过热,高温过热
alan456/data.xlsx,1100,1600,221,2010,26,,,μL/L,μL/L,高温过热,高温过热
alan456/data.xlsx,290,966,299,1810,57,,,μL/L,μL/L,高温过热,高温过热
alan456/data.xlsx,2500,10500,4790,13500,6,,,μL/L,μL/L,高温过热,高温过热
alan456/data.xlsx,1860,4980,0,10700,1600,,,μL/L,μL/L,高温过热,高温过热
alan456/data.xlsx,860,1670,30,2050,40,,,μL/L,μL/L,高温过热,高温过热
alan456/data.xlsx,150,22,9,60,11,,,μL/L,μL/L,高温过热,高温过热
alan456/data.xlsx,400,940,210,820,24,,,μL/L,μL/L,高温过热,高温过热
alan456/data.xlsx,6,2990,29990,26076,67,,,μL/L,μL/L,高温过热,高温过热
alan456/data.xlsx,100,200,110,670,11,,,μL/L,μL/L,高温过热,高温过热
alan456/data.xlsx,290,1260,231,820,8,,,μL/L,μL/L,高温过热,高温过热
alan456/data.xlsx,1550,2740,816,5450,184,,,μL/L,μL/L,高温过热,高温过热
alan456/data.xlsx,3910,4290,626,6040,1230,,,μL/L,μL/L,高温过热,高温过热
alan456/data.xlsx,1,8,8,100,6,,,μL/L,μL/L,高温过热,高温过热
alan456/data.xlsx,300,700,280,1700,36,,,μL/L,μL/L,高温过热,高温过热
alan456/data.xlsx,107,143,34,222,2,,,μL/L,μL/L,高温过热,高温过热
alan456/data.xlsx,54.54,71.93,9.72,97.37,6.58,,,μL/L,μL/L,高温过热,高温过热
alan456/data.xlsx,116.17,180.83,52.48,278.18,5.36,,,μL/L,μL/L,高温过热,高温过热
alan456/data.xlsx,5760,540,40.5,1000,2760,,,μL/L,μL/L,高能放电,高能放电
alan456/data.xlsx,50.18,171.12,74.7,148.69,0,,,μL/L,μL/L,中温过热,中温过热
alan456/data.xlsx,20,80.2,24.6,68.6,0,,,μL/L,μL/L,中温过热,中温过热
alan456/data.xlsx,28.97,10.94,1.64,6.96,4.36,,,μL/L,μL/L,高温过热,高温过热
alan456/data.xlsx,15.9,55.98,22.33,137.25,0.21,,,μL/L,μL/L,高温过热,高温过热
alan456/data.xlsx,47.6,19.1,4.21,27,0.72,,,μL/L,μL/L,低温过热,低温过热
alan456/data.xlsx,40,102.6,32.3,183.3,0.2,,,μL/L,μL/L,高能放电,高能放电
alan456/data.xlsx,50.35,65.58,21.05,99.13,0.96,,,μL/L,μL/L,高温过热,高温过热
alan456/data.xlsx,2.369,119.69,21.891,20.15,0,,,μL/L,μL/L,低温过热,低温过热
alan456/data.xlsx,120.45,210.91,35.7,285.39,15.86,,,μL/L,μL/L,高温过热,高温过热
alan456/data.xlsx,87.17,17.26,3.94,12.87,32.81,,,μL/L,μL/L,低能放电,低能放电
alan456/data.xlsx,5.48,48.82,96.81,489.57,0.3,,,μL/L,μL/L,高温过热,高温过热
alan456/data.xlsx,605,1586,655,1901,2.3,,,μL/L,μL/L,高温过热,高温过热
alan456/data.xlsx,1.96,2.1,0.5,0.67,1.59,,,μL/L,μL/L,低能放电,低能放电
alan456/data.xlsx,462,212.4,31.6,0,0,,,μL/L,μL/L,局部放电,局部放电
alan456/data.xlsx,25.4,54.97,8.72,77.84,10.47,,,μL/L,μL/L,高温过热,高温过热
alan456/data.xlsx,131.7,116.55,19.4,183.97,0.32,,,μL/L,μL/L,高温过热,高温过热
alan456/data.xlsx,7911.85,947.43,96.93,907.19,4844.48,,,μL/L,μL/L,低能放电,低能放电
alan456/data.xlsx,21,2.01,0.46,1.48,5.61,,,μL/L,μL/L,低能放电,低能放电
alan456/data.xlsx,676.74,969.55,570.57,2483.26,17.48,,,μL/L,μL/L,高温过热,高温过热
alan456/data.xlsx,7238.97,695.16,231.6,2394.3,2308.92,,,μL/L,μL/L,高能放电,高能放电
alan456/data.xlsx,101.5,24.45,8.97,128.37,0,,,μL/L,μL/L,高温过热,高温过热
alan456/data.xlsx,73.8,148,38.9,181,1.76,,,μL/L,μL/L,高温过热,高温过热
alan456/data.xlsx,34.76,5.52,2.09,4.97,10.36,,,μL/L,μL/L,低能放电,低能放电
alan456/data.xlsx,18.19,21.99,6.58,46.92,3.97,,,μL/L,μL/L,高温过热,高温过热
alan456/data.xlsx,1.6,1,0.1,0.9,1.6,,,μL/L,μL/L,低能放电,低能放电
alan456/data.xlsx,22400,22400,2690,13440,1570,,,μL/L,μL/L,高温过热,高温过热
alan456/data.xlsx,670,224,45,67,2,,,μL/L,μL/L,中温过热,中温过热
alan456/data.xlsx,224,4.5,2,0,0,,,μL/L,μL/L,低温过热,低温过热
alan456/data.xlsx,900,9180,0,900,22,,,μL/L,μL/L,低温过热,低温过热
alan456/data.xlsx,0,224,0,45,0,,,μL/L,μL/L,低温过热,低温过热
alan456/data.xlsx,470,4637,1300,448,0,,,μL/L,μL/L,低温过热,低温过热
alan456/data.xlsx,65,20,10,5,0,,,μL/L,μL/L,低温过热,低温过热
alan456/data.xlsx,53,39,3,4.5,0,,,μL/L,μL/L,低温过热,低温过热
alan456/data.xlsx,219,44,3,3,0,,,μL/L,μL/L,低温过热,低温过热
alan456/data.xlsx,37,47,10,5.5,0,,,μL/L,μL/L,低温过热,低温过热
alan456/data.xlsx,34,30,34,2.5,0,,,μL/L,μL/L,低温过热,低温过热
alan456/data.xlsx,14,62,16,3,0,,,μL/L,μL/L,低温过热,低温过热
alan456/data.xlsx,65,34,16,112,0,,,μL/L,μL/L,高温过热,高温过热
alan456/data.xlsx,0.7,1.5,0.3,1.8,0,,,μL/L,μL/L,中温过热,中温过热
alan456/data.xlsx,0,0.2,0.1,0.13,0,,,μL/L,μL/L,中温过热,中温过热
alan456/data.xlsx,48,40,11,0.5,0,,,μL/L,μL/L,低温过热,低温过热
alan456/data.xlsx,130,140,24,120,0,,,μL/L,μL/L,低温过热,低温过热
alan456/data.xlsx,86,8,2.5,2.5,0,,,μL/L,μL/L,低温过热,低温过热
alan456/data.xlsx,6,3,0.8,0.7,0,,,μL/L,μL/L,低温过热,低温过热
alan456/data.xlsx,50,3,1,0,0,,,μL/L,μL/L,低温过热,低温过热
alan456/data.xlsx,55,22,0.5,2.6,0,,,μL/L,μL/L,低温过热,低温过热
alan456/data.xlsx,78,66,62,2.6,0,,,μL/L,μL/L,低温过热,低温过热
alan456/data.xlsx,1600,3600,670,14,0,,,μL/L,μL/L,局部放电,局部放电
alan456/data.xlsx,6600,1000,38,2,19,,,μL/L,μL/L,局部放电,局部放电
alan456/data.xlsx,88,9,0,0.03,0,,,μL/L,μL/L,局部放电,局部放电
alan456/data.xlsx,2240,168,25,0,0,,,μL/L,μL/L,局部放电,局部放电
alan456/data.xlsx,1950,123,38,2,2,,,μL/L,μL/L,局部放电,局部放电
alan456/data.xlsx,2240,157,90,45,45,,,μL/L,μL/L,局部放电,局部放电
alan456/data.xlsx,73,8,4,2,12,,,μL/L,μL/L,低能放电,低能放电
alan456/data.xlsx,5000,4000,2000,2000,8000,,,μL/L,μL/L,低能放电,低能放电
alan456/data.xlsx,24.3,15.7,6.4,11.2,29.8,,,μL/L,μL/L,低能放电,低能放电
alan456/data.xlsx,2240,360,25,169,828,,,μL/L,μL/L,低能放电,低能放电
alan456/data.xlsx,4480,560,380,403,896,,,μL/L,μL/L,低能放电,低能放电
alan456/data.xlsx,2240,560,380,450,940,,,μL/L,μL/L,低能放电,低能放电
alan456/data.xlsx,200,230,2,170,480,,,μL/L,μL/L,低能放电,低能放电
alan456/data.xlsx,60,5,1,6,29,,,μL/L,μL/L,低能放电,低能放电
alan456/data.xlsx,890,110,3,84,700,,,μL/L,μL/L,低能放电,低能放电
alan456/data.xlsx,41,112,0,254,4536,,,μL/L,μL/L,低能放电,低能放电
alan456/data.xlsx,16000,4000,500,8500,16000,,,μL/L,μL/L,高能放电,高能放电
alan456/data.xlsx,21,75,24,126,0,,,μL/L,μL/L,高温过热,高温过热
alan456/data.xlsx,111,559,243,707,0,,,μL/L,μL/L,中温过热,中温过热
alan456/data.xlsx,23,59.9,18.6,56.9,0.1,,,μL/L,μL/L,中温过热,中温过热
alan456/data.xlsx,740,2227,567,4258,42,,,μL/L,μL/L,高温过热,高温过热
alan456/data.xlsx,388,860,230,1833,18.3,,,μL/L,μL/L,高温过热,高温过热
alan456/data.xlsx,84,126,28.9,132.2,0.37,,,μL/L,μL/L,中温过热,中温过热
alan456/data.xlsx,362,533,91,553,10,,,μL/L,μL/L,中温过热,中温过热
alan456/data.xlsx,103,221.7,47.2,422,0.9,,,μL/L,μL/L,高温过热,高温过热
alan456/data.xlsx,1769.7,554.2,145.2,1066.7,885.7,,,μL/L,μL/L,高能放电,高能放电
alan456/data.xlsx,38,3.7,0,4.1,19.4,,,μL/L,μL/L,低能放电,低能放电
alan456/data.xlsx,700,137.4,14.9,194.8,936.6,,,μL/L,μL/L,低能放电,低能放电
alan456/data.xlsx,253,21.5,5.9,16.1,72.4,,,μL/L,μL/L,低能放电,低能放电
alan456/data.xlsx,131,32,7.3,18.8,38.7,,,μL/L,μL/L,低能放电,低能放电
alan456/data.xlsx,116,20,7,27,54,,,μL/L,μL/L,低能放电,低能放电
alan456/data.xlsx,70,3.8,0.6,3.2,31.1,,,μL/L,μL/L,低能放电,低能放电
alan456/data.xlsx,34,18.9,3.7,9.4,5.6,,,μL/L,μL/L,低能放电,低能放电
alan456/data.xlsx,390,62.6,12.8,65.3,133.6,,,μL/L,μL/L,高能放电,高能放电
alan456/data.xlsx,32930,2397,157,0,0,,,μL/L,μL/L,局部放电,局部放电
alan456/data.xlsx,37800,1740,249,8,8,,,μL/L,μL/L,局部放电,局部放电
alan456/data.xlsx,92600,10200,0,0,0,,,μL/L,μL/L,局部放电,局部放电
alan456/data.xlsx,8266,1061,22,0,0,,,μL/L,μL/L,局部放电,局部放电
alan456/data.xlsx,9340,995,60,6,7,,,μL/L,μL/L,局部放电,局部放电
alan456/data.xlsx,36036,4704,554,5,10,,,μL/L,μL/L,局部放电,局部放电
alan456/data.xlsx,1198,3.2,0.5,3.2,1.4,,,μL/L,μL/L,局部放电,局部放电
alan456/data.xlsx,1309,124,0,6,113,,,μL/L,μL/L,局部放电,局部放电
alan456/data.xlsx,2587,7.88,0,1.4,4.7,,,μL/L,μL/L,局部放电,局部放电
alan456/data.xlsx,85.87,7.01,0,2.64,4.49,,,μL/L,μL/L,局部放电,局部放电
alan456/data.xlsx,102,108,0,41,70,,,μL/L,μL/L,局部放电,局部放电
alan456/data.xlsx,195.9,14.5,0,2.4,11.6,,,μL/L,μL/L,局部放电,局部放电
alan456/data.xlsx,420,37.3,0.2,30,14.9,,,μL/L,μL/L,局部放电,局部放电
alan456/data.xlsx,485,35,0,6,29,,,μL/L,μL/L,局部放电,局部放电
alan456/data.xlsx,83.26,45.32,0.26,36.45,18.1,,,μL/L,μL/L,局部放电,局部放电
alan456/data.xlsx,78,20,11,13,28,,,μL/L,μL/L,低能放电,低能放电
alan456/data.xlsx,1790,580,321,336,619,,,μL/L,μL/L,低能放电,低能放电
alan456/data.xlsx,1330,10,20,66,182,,,μL/L,μL/L,低能放电,低能放电
alan456/data.xlsx,4,1,2,7,52,,,μL/L,μL/L,低能放电,低能放电
alan456/data.xlsx,1900,285,31,957,7730,,,μL/L,μL/L,低能放电,低能放电
alan456/data.xlsx,57,24,2,27,30,,,μL/L,μL/L,低能放电,低能放电
alan456/data.xlsx,1000,500,1,400,500,,,μL/L,μL/L,低能放电,低能放电
alan456/data.xlsx,9,3.9,13,4,8,,,μL/L,μL/L,低能放电,低能放电
alan456/data.xlsx,1198,3.2,0.5,3.2,1.4,,,μL/L,μL/L,低能放电,低能放电
alan456/data.xlsx,14.2,4,9.51,1.5,1.4,,,μL/L,μL/L,低能放电,低能放电
alan456/data.xlsx,30.1,17.1,30.1,5.5,2.2,,,μL/L,μL/L,低能放电,低能放电
alan456/data.xlsx,45,11,28.5,12.74,2.7,,,μL/L,μL/L,低能放电,低能放电
alan456/data.xlsx,65.2,20,25.1,8.13,3.9,,,μL/L,μL/L,低能放电,低能放电
alan456/data.xlsx,67.8,8.89,36.2,12.67,1.88,,,μL/L,μL/L,低能放电,低能放电
alan456/data.xlsx,101.72,27.65,53.87,16.92,7.13,,,μL/L,μL/L,低能放电,低能放电
alan456/data.xlsx,549,121.3,198.5,31.9,25.5,,,μL/L,μL/L,低能放电,低能放电
alan456/data.xlsx,56,10,17.6,13.5,1.3,,,μL/L,μL/L,高能放电,高能放电
alan456/data.xlsx,57,15,25.3,23,3.1,,,μL/L,μL/L,高能放电,高能放电
alan456/data.xlsx,65,26.1,57.8,41.6,10.1,,,μL/L,μL/L,高能放电,高能放电
alan456/data.xlsx,75.5,30.2,18.2,30.3,2.33,,,μL/L,μL/L,高能放电,高能放电
alan456/data.xlsx,145.88,40.65,59.71,34.02,9.37,,,μL/L,μL/L,高能放电,高能放电
alan456/data.xlsx,1027,185,399,271,17,,,μL/L,μL/L,高能放电,高能放电
alan456/data.xlsx,475.3,195.8,221.2,187.3,32.6,,,μL/L,μL/L,高能放电,高能放电
alan456/data.xlsx,440,89,19,304,757,,,μL/L,μL/L,高能放电,高能放电
alan456/data.xlsx,210,43,12,102,187,,,μL/L,μL/L,高能放电,高能放电
alan456/data.xlsx,2850,1115,138,1987,3675,,,μL/L,μL/L,高能放电,高能放电
alan456/data.xlsx,7020,1850,0,2960,4410,,,μL/L,μL/L,高能放电,高能放电
alan456/data.xlsx,545,130,16,153,239,,,μL/L,μL/L,高能放电,高能放电
alan456/data.xlsx,7150,1440,97,1210,1760,,,μL/L,μL/L,高能放电,高能放电
alan456/data.xlsx,620,325,38,181,244,,,μL/L,μL/L,高能放电,高能放电
alan456/data.xlsx,120,31,0,66,94,,,μL/L,μL/L,高能放电,高能放电
alan456/data.xlsx,755,229,32,404,460,,,μL/L,μL/L,高能放电,高能放电
alan456/data.xlsx,5100,1430,0,1140,1010,,,μL/L,μL/L,高能放电,高能放电
alan456/data.xlsx,13500,6110,212,4510,4040,,,μL/L,μL/L,高能放电,高能放电
alan456/data.xlsx,3090,5020,323,3800,2540,,,μL/L,μL/L,高能放电,高能放电
alan456/data.xlsx,1820,405,35,365,634,,,μL/L,μL/L,高能放电,高能放电
alan456/data.xlsx,535,160,16,305,680,,,μL/L,μL/L,高能放电,高能放电
alan456/data.xlsx,137,67,7,53,104,,,μL/L,μL/L,高能放电,高能放电
alan456/data.xlsx,1084,188,8,166,769,,,μL/L,μL/L,高能放电,高能放电
alan456/data.xlsx,34,21,4,49,56,,,μL/L,μL/L,高能放电,高能放电
alan456/data.xlsx,7940,2000,355,3120,5390,,,μL/L,μL/L,高能放电,高能放电
alan456/data.xlsx,150,130,9,55,30,,,μL/L,μL/L,高能放电,高能放电
alan456/data.xlsx,8200,3790,250,4620,5830,,,μL/L,μL/L,高能放电,高能放电
alan456/data.xlsx,260,215,35,334,277,,,μL/L,μL/L,高能放电,高能放电
alan456/data.xlsx,75,15,7,14,26,,,μL/L,μL/L,高能放电,高能放电
alan456/data.xlsx,530,345,85,266,250,,,μL/L,μL/L,高能放电,高能放电
alan456/data.xlsx,60,5,2,21,21,,,μL/L,μL/L,高能放电,高能放电
alan456/data.xlsx,90,28,8,31,32,,,μL/L,μL/L,高能放电,高能放电
alan456/data.xlsx,220,77,22,170,240,,,μL/L,μL/L,高能放电,高能放电
alan456/data.xlsx,5900,1500,68,1200,2300,,,μL/L,μL/L,高能放电,高能放电
alan456/data.xlsx,420,250,41,530,800,,,μL/L,μL/L,高能放电,高能放电
alan456/data.xlsx,2800,2800,234,3500,3600,,,μL/L,μL/L,高能放电,高能放电
alan456/data.xlsx,99,170,20,200,190,,,μL/L,μL/L,高能放电,高能放电
alan456/data.xlsx,800,160,23,260,600,,,μL/L,μL/L,高能放电,高能放电
alan456/data.xlsx,1500,395,28,395,323,,,μL/L,μL/L,高能放电,高能放电
alan456/data.xlsx,20000,13000,1850,29000,57000,,,μL/L,μL/L,高能放电,高能放电
alan456/data.xlsx,305,85,25,197,130,,,μL/L,μL/L,高能放电,高能放电
alan456/data.xlsx,1900,530,35,383,434,,,μL/L,μL/L,高能放电,高能放电
alan456/data.xlsx,110,62,90,140,250,,,μL/L,μL/L,高能放电,高能放电
alan456/data.xlsx,3700,1690,128,2810,3270,,,μL/L,μL/L,高能放电,高能放电
alan456/data.xlsx,2770,660,54,712,763,,,μL/L,μL/L,高能放电,高能放电
alan456/data.xlsx,245,120,18,131,167,,,μL/L,μL/L,高能放电,高能放电
alan456/data.xlsx,1170,255,18,312,325,,,μL/L,μL/L,高能放电,高能放电
alan456/data.xlsx,4419,3564,668,2861,2025,,,μL/L,μL/L,高能放电,高能放电
alan456/data.xlsx,810,580,111,570,490,,,μL/L,μL/L,高能放电,高能放电
alan456/data.xlsx,5000,1200,83,1000,1100,,,μL/L,μL/L,高能放电,高能放电
alan456/data.xlsx,10000,6730,345,7330,10400,,,μL/L,μL/L,高能放电,高能放电
alan456/data.xlsx,1570,735,87,1330,1740,,,μL/L,μL/L,高能放电,高能放电
alan456/data.xlsx,14,44,124,7,1,,,μL/L,μL/L,低温过热,低温过热
alan456/data.xlsx,2031,149,20,3,0,,,μL/L,μL/L,低温过热,低温过热
alan456/data.xlsx,48,610,29,10,0,,,μL/L,μL/L,低温过热,低温过热
alan456/data.xlsx,12,18,4,4,0,,,μL/L,μL/L,低温过热,低温过热
alan456/data.xlsx,66,60,2,7,0,,,μL/L,μL/L,低温过热,低温过热
alan456/data.xlsx,1450,940,211,322,61,,,μL/L,μL/L,低温过热,低温过热
alan456/data.xlsx,0,18900,410,540,330,,,μL/L,μL/L,低温过热,低温过热
alan456/data.xlsx,360,610,259,260,9,,,μL/L,μL/L,低温过热,低温过热
alan456/data.xlsx,1,27,49,4,1,,,μL/L,μL/L,低温过热,低温过热
alan456/data.xlsx,1270,3450,520,1390,8,,,μL/L,μL/L,低温过热,低温过热
alan456/data.xlsx,33,29,0,12,9,,,μL/L,μL/L,低温过热,低温过热
alan456/data.xlsx,46,98,0,41.3,26.3,,,μL/L,μL/L,低温过热,低温过热
alan456/data.xlsx,60,60,0.3,40,16,,,μL/L,μL/L,低温过热,低温过热
alan456/data.xlsx,87.2,73.18,0,56.88,27.14,,,μL/L,μL/L,低温过热,低温过热
alan456/data.xlsx,97,110,0,85,34,,,μL/L,μL/L,低温过热,低温过热
alan456/data.xlsx,110.4,112,0,80.8,32.5,,,μL/L,μL/L,低温过热,低温过热
alan456/data.xlsx,29.9,24.1,0.6,92.5,343,,,μL/L,μL/L,低温过热,低温过热
alan456/data.xlsx,120,120,0.55,84,33,,,μL/L,μL/L,低温过热,低温过热
alan456/data.xlsx,143.2,123,0,75,38,,,μL/L,μL/L,低温过热,低温过热
alan456/data.xlsx,181,162,0,132,70,,,μL/L,μL/L,低温过热,低温过热
alan456/data.xlsx,3420,7870,1500,6990,33,,,μL/L,μL/L,中温过热,中温过热
alan456/data.xlsx,960,4000,1290,1560,6,,,μL/L,μL/L,中温过热,中温过热
alan456/data.xlsx,24700,61000,26300,42100,1560,,,μL/L,μL/L,中温过热,中温过热
alan456/data.xlsx,480,1075,298,1132,0,,,μL/L,μL/L,中温过热,中温过热
alan456/data.xlsx,40000,400,70,600,6,,,μL/L,μL/L,中温过热,中温过热
alan456/data.xlsx,20,41.9,0.38,44.2,20.2,,,μL/L,μL/L,中温过热,中温过热
alan456/data.xlsx,20.37,59.79,0,80.49,45.24,,,μL/L,μL/L,中温过热,中温过热
alan456/data.xlsx,23.51,61.33,1.01,98.03,45.21,,,μL/L,μL/L,中温过热,中温过热
alan456/data.xlsx,46.9,161.6,56,193.6,94.1,,,μL/L,μL/L,中温过热,中温过热
alan456/data.xlsx,47,120,3,198,90,,,μL/L,μL/L,中温过热,中温过热
alan456/data.xlsx,72,442,0.7,461,221,,,μL/L,μL/L,中温过热,中温过热
alan456/data.xlsx,110.6,458.8,0,406.4,242.6,,,μL/L,μL/L,中温过热,中温过热
alan456/data.xlsx,128,419,0.35,614.1,269.5,,,μL/L,μL/L,中温过热,中温过热
alan456/data.xlsx,24,34.6,0,21.7,14.2,,,μL/L,μL/L,中温过热,中温过热
alan456/data.xlsx,613,3240,0,2788,1432,,,μL/L,μL/L,中温过热,中温过热
alan456/data.xlsx,8800,64064,72128,95650,0,,,μL/L,μL/L,高温过热,高温过热
alan456/data.xlsx,6709,10500,1400,17700,750,,,μL/L,μL/L,高温过热,高温过热
alan456/data.xlsx,1100,1600,221,2010,26,,,μL/L,μL/L,高温过热,高温过热
alan456/data.xlsx,290,966,299,1810,57,,,μL/L,μL/L,高温过热,高温过热
alan456/data.xlsx,2500,10500,4790,13500,6,,,μL/L,μL/L,高温过热,高温过热
alan456/data.xlsx,1860,4980,0,10700,1600,,,μL/L,μL/L,高温过热,高温过热
alan456/data.xlsx,860,1670,30,2050,40,,,μL/L,μL/L,高温过热,高温过热
alan456/data.xlsx,150,22,9,60,11,,,μL/L,μL/L,高温过热,高温过热
alan456/data.xlsx,400,940,210,820,24,,,μL/L,μL/L,高温过热,高温过热
alan456/data.xlsx,6,2990,29990,26076,67,,,μL/L,μL/L,高温过热,高温过热
alan456/data.xlsx,100,200,110,670,11,,,μL/L,μL/L,高温过热,高温过热
alan456/data.xlsx,290,1260,231,820,8,,,μL/L,μL/L,高温过热,高温过热
alan456/data.xlsx,1550,2740,816,5450,184,,,μL/L,μL/L,高温过热,高温过热
alan456/data.xlsx,3910,4290,626,6040,1230,,,μL/L,μL/L,高温过热,高温过热
alan456/data.xlsx,12705,23498,6047,34257,5188,,,μL/L,μL/L,高温过热,高温过热
alan456/data.xlsx,1,8,8,100,6,,,μL/L,μL/L,高温过热,高温过热
alan456/data.xlsx,300,700,280,1700,36,,,μL/L,μL/L,高温过热,高温过热
alan456/data.xlsx,107,143,34,222,2,,,μL/L,μL/L,高温过热,高温过热
alan456/data.xlsx,35.1,50.6,1.1,93,16.1,,,μL/L,μL/L,高温过热,高温过热
alan456/data.xlsx,68,99.2,0,202.9,35.9,,,μL/L,μL/L,高温过热,高温过热
alan456/data.xlsx,156,240,0.98,399,54,,,μL/L,μL/L,高温过热,高温过热
alan456/data.xlsx,63,149.6,0,276,51.5,,,μL/L,μL/L,高温过热,高温过热
alan456/data.xlsx,30,25.5,1.8,93,31.5,,,μL/L,μL/L,高温过热,高温过热
alan456/data.xlsx,165.62,240.95,13.53,514.53,61.32,,,μL/L,μL/L,高温过热,高温过热
alan456/data.xlsx,164,244,8.3,497,103,,,μL/L,μL/L,高温过热,高温过热
alan456/data.xlsx,135.65,278.53,2.95,492,58.86,,,μL/L,μL/L,高温过热,高温过热
alan456/data.xlsx,135.88,362.42,3.74,826.65,125.22,,,μL/L,μL/L,高温过热,高温过热
alan456/data.xlsx,236,410.2,3.5,817.3,159,,,μL/L,μL/L,高温过热,高温过热
alan456/data.xlsx,46.1,21.5,615,15.8,12,,,μL/L,μL/L,正常,正常
alan456/data.xlsx,14.67,3.68,10.54,2.71,0.2,,,μL/L,μL/L,正常,正常
alan456/data.xlsx,31,23,10.6,7.1,0.4,,,μL/L,μL/L,正常,正常
alan456/data.xlsx,33,26,6,53,0.2,,,μL/L,μL/L,正常,正常
alan456/data.xlsx,14.5,3.8,105,2.8,0.2,,,μL/L,μL/L,正常,正常
alan456/data.xlsx,0.33,0.26,0.04,0.27,0,,,μL/L,μL/L,正常,正常
alan456/data.xlsx,5.8,2.7,1.8,0.8,0,,,μL/L,μL/L,正常,正常
alan456/data.xlsx,15.02,4.2,9.8,25,0.2,,,μL/L,μL/L,正常,正常
alan456/data.xlsx,39,24.49,18.4,11.43,6,,,μL/L,μL/L,正常,正常
alan456/data.xlsx,46.81,35.6,8.51,7,0.28,,,μL/L,μL/L,正常,正常
alan456/data.xlsx,34.4,2.98,332,27.73,2.5,,,μL/L,μL/L,正常,正常
alan456/data.xlsx,46,11.58,33.1,8.52,0.63,,,μL/L,μL/L,正常,正常
alan456/data.xlsx,39.81,24.5,18.37,11.4,6.53,,,μL/L,μL/L,正常,正常
alan456/data.xlsx,45.6,36.99,7.9,7.52,31,,,μL/L,μL/L,正常,正常
alan456/data.xlsx,33.6,3.04,33.17,28.5,2.47,,,μL/L,μL/L,正常,正常
alan456/data.xlsx,41.9,33.61,14.3,8.94,0.6,,,μL/L,μL/L,正常,正常
alan456/data.xlsx,82.4,1548.2,403.8,320.9,0,,,μL/L,μL/L,低温过热,低温过热
alan456/data.xlsx,19.24,110,181.38,3.38,0.33,,,μL/L,μL/L,低温过热,低温过热
alan456/data.xlsx,73.38,157.49,244.65,35.68,0,,,μL/L,μL/L,低温过热,低温过热
alan456/data.xlsx,70.84,148.56,238.36,35.24,0,,,μL/L,μL/L,低温过热,低温过热
alan456/data.xlsx,19.19,187.55,329.49,74.43,1,,,μL/L,μL/L,低温过热,低温过热
alan456/data.xlsx,58.54,116.04,175.74,34.12,0.72,,,μL/L,μL/L,低温过热,低温过热
alan456/data.xlsx,144,755,248,500,1,,,μL/L,μL/L,中温过热,中温过热
alan456/data.xlsx,231.1,919.6,669.1,1499.6,5.61,,,μL/L,μL/L,中温过热,中温过热
alan456/data.xlsx,21.5,135.7,140.1,310.3,0,,,μL/L,μL/L,中温过热,中温过热
alan456/data.xlsx,259,863,393,994,6,,,μL/L,μL/L,中温过热,中温过热
alan456/data.xlsx,22.4,137.2,43.5,44.8,4.3,,,μL/L,μL/L,中温过热,中温过热
alan456/data.xlsx,27,48.2,18.4,46.3,0.8,,,μL/L,μL/L,中温过热,中温过热
alan456/data.xlsx,200,700,250,740,1,,,μL/L,μL/L,中温过热,中温过热
alan456/data.xlsx,4072,15850,9057,22621,535,,,μL/L,μL/L,中温过热,中温过热
alan456/data.xlsx,27,90,42,63,0.2,,,μL/L,μL/L,中温过热,中温过热
alan456/data.xlsx,680,4895,1846,3662,0,,,μL/L,μL/L,中温过热,中温过热
alan456/data.xlsx,4.32,193,118,125,0,,,μL/L,μL/L,中温过热,中温过热
alan456/data.xlsx,0,434,226,387,0,,,μL/L,μL/L,中温过热,中温过热
alan456/data.xlsx,23.51,61.33,45.21,98.03,1.01,,,μL/L,μL/L,中温过热,中温过热
alan456/data.xlsx,24.16,261.05,196.13,201.4,0.87,,,μL/L,μL/L,中温过热,中温过热
alan456/data.xlsx,26.7,90.6,49.2,95,0.5,,,μL/L,μL/L,中温过热,中温过热
alan456/data.xlsx,46.9,161.6,94.1,193.3,0.56,,,μL/L,μL/L,中温过热,中温过热
alan456/data.xlsx,0,31.33,17.59,51.08,0,,,μL/L,μL/L,中温过热,中温过热
alan456/data.xlsx,15.3,26.2,21,52.8,0,,,μL/L,μL/L,中温过热,中温过热
alan456/data.xlsx,58,290,149,373,0,,,μL/L,μL/L,中温过热,中温过热
alan456/data.xlsx,22.2,50.7,24.1,56.9,0,,,μL/L,μL/L,中温过热,中温过热
alan456/data.xlsx,27.5,48.2,18.4,46,0.01,,,μL/L,μL/L,中温过热,中温过热
alan456/data.xlsx,13.1,44.7,91.5,213.3,4.2,,,μL/L,μL/L,中温过热,中温过热
alan456/data.xlsx,679,1992,1823,3671,0,,,μL/L,μL/L,中温过热,中温过热
alan456/data.xlsx,24,27.8,24.4,30,0,,,μL/L,μL/L,中温过热,中温过热
alan456/data.xlsx,33.9,36.5,31.5,39.3,0,,,μL/L,μL/L,中温过热,中温过热
alan456/data.xlsx,230,572.4,343,768.9,0.51,,,μL/L,μL/L,中温过热,中温过热
alan456/data.xlsx,215.6,255.1,160.2,350.4,0,,,μL/L,μL/L,中温过热,中温过热
alan456/data.xlsx,78,70.1,294.8,635.8,12.2,,,μL/L,μL/L,中温过热,中温过热
alan456/data.xlsx,164,244,103,497,8.3,,,μL/L,μL/L,高温过热,高温过热
alan456/data.xlsx,172.6,306.6,75.8,367.4,1.9,,,μL/L,μL/L,高温过热,高温过热
alan456/data.xlsx,109,431,116,446,0.64,,,μL/L,μL/L,高温过热,高温过热
alan456/data.xlsx,172.9,334.1,172.9,812.5,37.7,,,μL/L,μL/L,高温过热,高温过热
alan456/data.xlsx,25.1,411.91,320.9,1832.8,18.4,,,μL/L,μL/L,高温过热,高温过热
alan456/data.xlsx,56,286,96,928,7,,,μL/L,μL/L,高温过热,高温过热
alan456/data.xlsx,336,419,105,1074,21,,,μL/L,μL/L,高温过热,高温过热
alan456/data.xlsx,11.3,24.6,12.7,59.9,2.8,,,μL/L,μL/L,高温过热,高温过热
alan456/data.xlsx,78,161,86,353,10,,,μL/L,μL/L,高温过热,高温过热
alan456/data.xlsx,10.86,35.9,17.58,92.53,0,,,μL/L,μL/L,高温过热,高温过热
alan456/data.xlsx,73,520,140,1200,6,,,μL/L,μL/L,高温过热,高温过热
alan456/data.xlsx,42,97,157,600,0,,,μL/L,μL/L,高温过热,高温过热
alan456/data.xlsx,86,110,18,92,7.4,,,μL/L,μL/L,高温过热,高温过热
alan456/data.xlsx,766,993,116,665,4,,,μL/L,μL/L,高温过热,高温过热
alan456/data.xlsx,220,340,42,480,14,,,μL/L,μL/L,高温过热,高温过热
alan456/data.xlsx,170,320,53,520,3.2,,,μL/L,μL/L,高温过热,高温过热
alan456/data.xlsx,116,258,94,466,5,,,μL/L,μL/L,高温过热,高温过热
alan456/data.xlsx,98,252,95,645,23,,,μL/L,μL/L,高温过热,高温过热
alan456/data.xlsx,18,250.4,172.8,707.9,0,,,μL/L,μL/L,高温过热,高温过热
alan456/data.xlsx,2.02,16.82,3.9,77.25,0,,,μL/L,μL/L,高温过热,高温过热
alan456/data.xlsx,17.31,21.73,5.83,52.3,2.83,,,μL/L,μL/L,高温过热,高温过热
alan456/data.xlsx,64,250,145,846,3.2,,,μL/L,μL/L,高温过热,高温过热
alan456/data.xlsx,12.51,31.68,8.91,45.18,0.27,,,μL/L,μL/L,高温过热,高温过热
alan456/data.xlsx,15.64,35.35,9.74,38.48,0.12,,,μL/L,μL/L,高温过热,高温过热
alan456/data.xlsx,13,33.5,9.2,36.7,0.12,,,μL/L,μL/L,高温过热,高温过热
alan456/data.xlsx,2.17,45.59,7.97,43.9,0.04,,,μL/L,μL/L,高温过热,高温过热
alan456/data.xlsx,2.7,41.03,7.82,48.36,0,,,μL/L,μL/L,高温过热,高温过热
alan456/data.xlsx,14.08,30.14,7.32,39.15,0,,,μL/L,μL/L,高温过热,高温过热
alan456/data.xlsx,14.23,32.05,8.16,42.62,0.07,,,μL/L,μL/L,高温过热,高温过热
alan456/data.xlsx,18,23.7,27.1,164,6.5,,,μL/L,μL/L,高温过热,高温过热
alan456/data.xlsx,1430,6632,1779,5506,7,,,μL/L,μL/L,高温过热,高温过热
alan456/data.xlsx,190,920,410,3180,15,,,μL/L,μL/L,高温过热,高温过热
alan456/data.xlsx,160,223,45,495,11,,,μL/L,μL/L,高温过热,高温过热
alan456/data.xlsx,130,270,67,500,3,,,μL/L,μL/L,高温过热,高温过热
alan456/data.xlsx,73,520,140,1230,7,,,μL/L,μL/L,高温过热,高温过热
alan456/data.xlsx,135,466,70,502,9,,,μL/L,μL/L,高温过热,高温过热
alan456/data.xlsx,610,1200,300,1800,6,,,μL/L,μL/L,高温过热,高温过热
alan456/data.xlsx,147,766,506,2078,3.1,,,μL/L,μL/L,高温过热,高温过热
alan456/data.xlsx,26,88.3,46,196,0,,,μL/L,μL/L,高温过热,高温过热
alan456/data.xlsx,5.49,35.9,28.1,156,0,,,μL/L,μL/L,高温过热,高温过热
alan456/data.xlsx,12,23,9,98,0,,,μL/L,μL/L,高温过热,高温过热
alan456/data.xlsx,14,29,18,174,0,,,μL/L,μL/L,高温过热,高温过热
alan456/data.xlsx,117,357,92,486,4,,,μL/L,μL/L,高温过热,高温过热
alan456/data.xlsx,18.95,46.97,6.94,61.54,0,,,μL/L,μL/L,高温过热,高温过热
alan456/data.xlsx,305,904,52,411,0,,,μL/L,μL/L,高温过热,高温过热
alan456/data.xlsx,16,26.1,7.1,24.4,0.1,,,μL/L,μL/L,高温过热,高温过热
alan456/data.xlsx,32,41.6,10.1,120.5,2.61,,,μL/L,μL/L,高温过热,高温过热
alan456/data.xlsx,34,48.5,12.9,141,3.31,,,μL/L,μL/L,高温过热,高温过热
alan456/data.xlsx,11,102.4,57.9,277.6,0,,,μL/L,μL/L,高温过热,高温过热
alan456/data.xlsx,24,137,62,329.5,0,,,μL/L,μL/L,高温过热,高温过热
alan456/data.xlsx,43,50.9,11.6,127.9,2.9,,,μL/L,μL/L,高温过热,高温过热
alan456/data.xlsx,26,21,15,12,1,,,μL/L,μL/L,局部放电,局部放电
alan456/data.xlsx,25.2,1.2,6.5,1.3,0.2,,,μL/L,μL/L,局部放电,局部放电
alan456/data.xlsx,980,73,58,12,0,,,μL/L,μL/L,局部放电,局部放电
alan456/data.xlsx,420,373,14.9,30,0.2,,,μL/L,μL/L,局部放电,局部放电
alan456/data.xlsx,1198,3.2,1.4,3.2,0.5,,,μL/L,μL/L,局部放电,局部放电
alan456/data.xlsx,83.26,45.32,18.1,36.45,0.26,,,μL/L,μL/L,局部放电,局部放电
alan456/data.xlsx,1958,14.5,11.6,2.4,0.7,,,μL/L,μL/L,局部放电,局部放电
alan456/data.xlsx,565,26.5,6.9,2.1,0,,,μL/L,μL/L,局部放电,局部放电
alan456/data.xlsx,625,49,9,7,0.6,,,μL/L,μL/L,局部放电,局部放电
alan456/data.xlsx,2587.2,7.88,4.7,1.4,0,,,μL/L,μL/L,局部放电,局部放电
alan456/data.xlsx,87.27,6.5,5.16,1.07,0,,,μL/L,μL/L,局部放电,局部放电
alan456/data.xlsx,560,0,0.6,0.7,0,,,μL/L,μL/L,局部放电,局部放电
alan456/data.xlsx,89.99,5.35,1.96,2.7,0,,,μL/L,μL/L,局部放电,局部放电
alan456/data.xlsx,1300,110,137,52,22.2,,,μL/L,μL/L,局部放电,局部放电
alan456/data.xlsx,650,53,34,20,0,,,μL/L,μL/L,局部放电,局部放电
alan456/data.xlsx,1565,93,34,47,0,,,μL/L,μL/L,局部放电,局部放电
alan456/data.xlsx,1308,125,112,6,0,,,μL/L,μL/L,局部放电,局部放电
alan456/data.xlsx,654,55,34,20,0,,,μL/L,μL/L,局部放电,局部放电
alan456/data.xlsx,2437,115.5,22.6,3.5,0.2,,,μL/L,μL/L,局部放电,局部放电
alan456/data.xlsx,565,93,34,47,0,,,μL/L,μL/L,局部放电,局部放电
alan456/data.xlsx,84.3,8,7.2,0.4,0,,,μL/L,μL/L,局部放电,局部放电
alan456/data.xlsx,980,73,58,12,0,,,μL/L,μL/L,局部放电,局部放电
alan456/data.xlsx,565,93,34,47,2.7,,,μL/L,μL/L,局部放电,局部放电
alan456/data.xlsx,180.85,0.574,0.234,0.188,0,,,μL/L,μL/L,局部放电,局部放电
alan456/data.xlsx,170,24,7,17,54,,,μL/L,μL/L,低能放电,低能放电
alan456/data.xlsx,30,7.4,8.5,1.8,19,,,μL/L,μL/L,低能放电,低能放电
alan456/data.xlsx,14.1,4,1.3,1.5,9.5,,,μL/L,μL/L,低能放电,低能放电
alan456/data.xlsx,29.5,4.5,0.5,3.5,29.1,,,μL/L,μL/L,低能放电,低能放电
alan456/data.xlsx,65.5,233,1,2.1,26,,,μL/L,μL/L,低能放电,低能放电
alan456/data.xlsx,41.18,4.41,1.47,1.47,16.18,,,μL/L,μL/L,低能放电,低能放电
alan456/data.xlsx,36.22,7.52,6.38,2.51,12.98,,,μL/L,μL/L,低能放电,低能放电
alan456/data.xlsx,36.7,7.4,6.2,2.8,12.8,,,μL/L,μL/L,低能放电,低能放电
alan456/data.xlsx,2781,1293,248,23,84,,,μL/L,μL/L,低能放电,低能放电
alan456/data.xlsx,78,28,13,29,110,,,μL/L,μL/L,低能放电,低能放电
alan456/data.xlsx,30.64,29.84,6.82,16.071,99,,,μL/L,μL/L,低能放电,低能放电
alan456/data.xlsx,549.1,121.2,25.4,31.9,198.5,,,μL/L,μL/L,低能放电,低能放电
alan456/data.xlsx,68.72,9.05,11.38,1.71,34.88,,,μL/L,μL/L,低能放电,低能放电
alan456/data.xlsx,225.1,215.9,605.5,88.7,1849,,,μL/L,μL/L,低能放电,低能放电
alan456/data.xlsx,99.39,28.86,16.07,6.82,52.3,,,μL/L,μL/L,低能放电,低能放电
alan456/data.xlsx,345,112.25,27.5,51.5,58.75,,,μL/L,μL/L,低能放电,低能放电
alan456/data.xlsx,80,20,6,20,62,,,μL/L,μL/L,低能放电,低能放电
alan456/data.xlsx,66,8.27,8.21,9.21,8.21,,,μL/L,μL/L,低能放电,低能放电
alan456/data.xlsx,59,10.4,4,10,12.7,,,μL/L,μL/L,低能放电,低能放电
alan456/data.xlsx,75,2.98,0.6,3.57,14.29,,,μL/L,μL/L,低能放电,低能放电
alan456/data.xlsx,410,32.88,2.59,24.76,191,,,μL/L,μL/L,低能放电,低能放电
alan456/data.xlsx,330.2,28.3,2.55,25.98,203.87,,,μL/L,μL/L,低能放电,低能放电
alan456/data.xlsx,584.67,104.44,9.04,193,530.89,,,μL/L,μL/L,低能放电,低能放电
alan456/data.xlsx,61.5,24.6,1.33,5.6,20.5,,,μL/L,μL/L,低能放电,低能放电
alan456/data.xlsx,540,119,27.1,39,201.5,,,μL/L,μL/L,低能放电,低能放电
alan456/data.xlsx,49.1,12.2,3.9,0.3,4.8,,,μL/L,μL/L,低能放电,低能放电
alan456/data.xlsx,22.5,8.5,7.3,1.2,8.4,,,μL/L,μL/L,低能放电,低能放电
alan456/data.xlsx,59,28,9,70,15,,,μL/L,μL/L,高能放电,高能放电
alan456/data.xlsx,673.6,423.5,77.5,988.9,344.4,,,μL/L,μL/L,高能放电,高能放电
alan456/data.xlsx,1678,652.9,80.7,1005.9,419.1,,,μL/L,μL/L,高能放电,高能放电
alan456/data.xlsx,40.9,11.9,4.5,69.3,29,,,μL/L,μL/L,高能放电,高能放电
alan456/data.xlsx,23.7,13.6,2.8,11.1,25.8,,,μL/L,μL/L,高能放电,高能放电
alan456/data.xlsx,56,25,6,85,10,,,μL/L,μL/L,高能放电,高能放电
alan456/data.xlsx,143,92,12,133,79,,,μL/L,μL/L,高能放电,高能放电
alan456/data.xlsx,6725.8,1492.5,5643,3070.5,4877,,,μL/L,μL/L,高能放电,高能放电
alan456/data.xlsx,279,41,9.7,42,34,,,μL/L,μL/L,高能放电,高能放电
alan456/data.xlsx,162,109,11.1,201,183,,,μL/L,μL/L,高能放电,高能放电
alan456/data.xlsx,32.6,15.47,4.97,38.67,8.29,,,μL/L,μL/L,高能放电,高能放电
alan456/data.xlsx,35.88,9.3,1.59,15.4,17.66,,,μL/L,μL/L,高能放电,高能放电
alan456/data.xlsx,56.82,9.86,2.16,11.59,17.97,,,μL/L,μL/L,高能放电,高能放电
alan456/data.xlsx,940,440,3,530,460,,,μL/L,μL/L,高能放电,高能放电
alan456/data.xlsx,980,570,37,480,54,,,μL/L,μL/L,高能放电,高能放电
alan456/data.xlsx,420,200,14,230,180,,,μL/L,μL/L,高能放电,高能放电
alan456/data.xlsx,328,73,3,73,65,,,μL/L,μL/L,高能放电,高能放电
alan456/data.xlsx,60,40,10,110,70,,,μL/L,μL/L,高能放电,高能放电
alan456/data.xlsx,57,13,0.1,11,12,,,μL/L,μL/L,高能放电,高能放电
alan456/data.xlsx,71,16,3.3,62,10,,,μL/L,μL/L,高能放电,高能放电
alan456/data.xlsx,44.09,13.64,2.42,20.08,2021,,,μL/L,μL/L,高能放电,高能放电
alan456/data.xlsx,150,27,5.6,65,90,,,μL/L,μL/L,高能放电,高能放电
alan456/data.xlsx,59,28,9,70,15,,,μL/L,μL/L,高能放电,高能放电
alan456/data.xlsx,335,67,18,143,170,,,μL/L,μL/L,高能放电,高能放电
alan456/data.xlsx,250,63,3.8,66,120,,,μL/L,μL/L,高能放电,高能放电
alan456/data.xlsx,293,50,13,115,120,,,μL/L,μL/L,高能放电,高能放电
alan456/data.xlsx,443,85,9.5,103,174,,,μL/L,μL/L,高能放电,高能放电
alan456/data.xlsx,379.15,18.1,3.93,25.44,33.13,,,μL/L,μL/L,高能放电,高能放电
alan456/data.xlsx,20,3.9,0.6,4.4,6.3,,,μL/L,μL/L,高能放电,高能放电
alan456/data.xlsx,138.7,50.8,7.7,552,96,,,μL/L,μL/L,高能放电,高能放电
alan456/data.xlsx,248.47,22.84,11.52,63.54,32.17,,,μL/L,μL/L,高能放电,高能放电
alan456/data.xlsx,39.184,24.49,18.367,11.429,6.5306,,,μL/L,μL/L,正常,正常
alan456/data.xlsx,46.809,36.879,8.5106,7.5177,0.2837,,,μL/L,μL/L,正常,正常
alan456/data.xlsx,42.017,33.613,14.846,8.9636,0.5602,,,μL/L,μL/L,正常,正常
alan456/data.xlsx,46.132,11.572,33.145,8.522,0.6289,,,μL/L,μL/L,正常,正常
alan456/data.xlsx,93.5,36.7,111.2,69.4,1.1,,,μL/L,μL/L,正常,正常
alan456/data.xlsx,112,93.3,132,123.6,0.5,,,μL/L,μL/L,正常,正常
alan456/data.xlsx,14.2,4.4,13.96,2.48,0.17,,,μL/L,μL/L,正常,正常
alan456/data.xlsx,80.6,8.9,5.3,4.7,0.3,,,μL/L,μL/L,正常,正常
alan456/data.xlsx,15,12,5.3,3.2,0.2,,,μL/L,μL/L,正常,正常
alan456/data.xlsx,34.1,14,2.5,1.1,0,,,μL/L,μL/L,正常,正常
alan456/data.xlsx,10.4,7.7,1.6,0.8,0,,,μL/L,μL/L,正常,正常
alan456/data.xlsx,15.6,2.9,5,41.4,3.9,,,μL/L,μL/L,正常,正常
alan456/data.xlsx,33.663,2.9703,33.168,27.723,2.4752,,,μL/L,μL/L,正常,正常
alan456/data.xlsx,5.07,26.26,3.17,2.77,0.21,,,μL/L,μL/L,低温过热,低温过热
alan456/data.xlsx,59.26,120.18,185.6,36.84,0.05,,,μL/L,μL/L,低温过热,低温过热
alan456/data.xlsx,137,251,32,14,0,,,μL/L,μL/L,低温过热,低温过热
alan456/data.xlsx,61.88,88.76,83.81,76.14,0.14,,,μL/L,μL/L,低温过热,低温过热
alan456/data.xlsx,181.7,262.5,41.6,28.6,1,,,μL/L,μL/L,低温过热,低温过热
alan456/data.xlsx,181,262,41,28,0,,,μL/L,μL/L,低温过热,低温过热
alan456/data.xlsx,86,110,118,92,7.4,,,μL/L,μL/L,低温过热,低温过热
alan456/data.xlsx,11.03,22.51,111.3,7.967,3.314,,,μL/L,μL/L,低温过热,低温过热
alan456/data.xlsx,20,207,2.5,2.4,0.4,,,μL/L,μL/L,低温过热,低温过热
alan456/data.xlsx,87.2,91.3,72.3,120.1,1,,,μL/L,μL/L,低温过热,低温过热
alan456/data.xlsx,72,2442,221,461,0.7,,,μL/L,μL/L,中温过热,中温过热
alan456/data.xlsx,139,714,351,634,0,,,μL/L,μL/L,中温过热,中温过热
alan456/data.xlsx,19,136,55,164,0.29,,,μL/L,μL/L,中温过热,中温过热
alan456/data.xlsx,23.6,170.6,180.4,450.9,0,,,μL/L,μL/L,中温过热,中温过热
alan456/data.xlsx,18.4,29.1,9.7,26.9,0.4,,,μL/L,μL/L,中温过热,中温过热
alan456/data.xlsx,22.7,150.3,160.8,400.8,0,,,μL/L,μL/L,中温过热,中温过热
alan456/data.xlsx,972,3411,1436,1639,0,,,μL/L,μL/L,中温过热,中温过热
alan456/data.xlsx,194.8,917.7,565.89,1460.9,0,,,μL/L,μL/L,中温过热,中温过热
alan456/data.xlsx,139,345,184,533,0,,,μL/L,μL/L,中温过热,中温过热
alan456/data.xlsx,70.2,246.6,171.5,371,0,,,μL/L,μL/L,中温过热,中温过热
alan456/data.xlsx,211,769.2,465,1210.4,0,,,μL/L,μL/L,中温过热,中温过热
alan456/data.xlsx,13.6,46.5,45,116.1,0,,,μL/L,μL/L,中温过热,中温过热
alan456/data.xlsx,118,434,228,638,0,,,μL/L,μL/L,中温过热,中温过热
alan456/data.xlsx,159.8,438.9,3112.4,644.6,0.38,,,μL/L,μL/L,中温过热,中温过热
alan456/data.xlsx,300,490,180,360,95,,,μL/L,μL/L,中温过热,中温过热
alan456/data.xlsx,230,5723,243,768.9,0.51,,,μL/L,μL/L,中温过热,中温过热
alan456/data.xlsx,3.76,26.88,7.22,61.8,0.31,,,μL/L,μL/L,高温过热,高温过热
alan456/data.xlsx,16,237,92,470,0,,,μL/L,μL/L,高温过热,高温过热
alan456/data.xlsx,171.19,628.34,354.87,1619.9,46.26,,,μL/L,μL/L,高温过热,高温过热
alan456/data.xlsx,27.4,63.2,32.7,137.8,0.52,,,μL/L,μL/L,高温过热,高温过热
alan456/data.xlsx,157.2,718.13,727.56,2434.3,153.36,,,μL/L,μL/L,高温过热,高温过热
alan456/data.xlsx,73.38,157.49,35.68,244.65,0,,,μL/L,μL/L,高温过热,高温过热
alan456/data.xlsx,58.54,116.04,34.12,175.74,0.72,,,μL/L,μL/L,高温过热,高温过热
alan456/data.xlsx,159,212.4,82.4,260,0.35,,,μL/L,μL/L,高温过热,高温过热
alan456/data.xlsx,14.42,44.83,3.26,72.63,0,,,μL/L,μL/L,高温过热,高温过热
alan456/data.xlsx,152,247.3,101.2,3132,0.35,,,μL/L,μL/L,高温过热,高温过热
alan456/data.xlsx,100,106.3,19.3,216.6,14.2,,,μL/L,μL/L,高温过热,高温过热
alan456/data.xlsx,807.55,955.76,518.53,2286.7,65.86,,,μL/L,μL/L,高温过热,高温过热
alan456/data.xlsx,32.61,294.63,141.74,910.82,10.39,,,μL/L,μL/L,高温过热,高温过热
alan456/data.xlsx,28.34,71.41,4.78,131,0,,,μL/L,μL/L,高温过热,高温过热
alan456/data.xlsx,1400,7500,5120,19370,124,,,μL/L,μL/L,高温过热,高温过热
alan456/data.xlsx,115,332,104,604,2.85,,,μL/L,μL/L,高温过热,高温过热
alan456/data.xlsx,40,112.9,54,185.3,0.3,,,μL/L,μL/L,高温过热,高温过热
alan456/data.xlsx,41,58.2,25.9,129.8,1,,,μL/L,μL/L,高温过热,高温过热
alan456/data.xlsx,94.3,94.7,36.2,163.2,0,,,μL/L,μL/L,高温过热,高温过热
alan456/data.xlsx,8.5,14.1,31.7,175.9,0,,,μL/L,μL/L,高温过热,高温过热
alan456/data.xlsx,143,305,721,78,2,,,μL/L,μL/L,高温过热,高温过热
alan456/data.xlsx,30,25.5,31.5,93,1.81,,,μL/L,μL/L,高温过热,高温过热
alan456/data.xlsx,740,1856,78.2,3528,706,,,μL/L,μL/L,高温过热,高温过热
alan456/data.xlsx,26.5,298,0,69.3,8.6,,,μL/L,μL/L,高温过热,高温过热
alan456/data.xlsx,2073,85.6,17.4,2.6,0,,,μL/L,μL/L,局部放电,局部放电
alan456/data.xlsx,568,26.5,6.9,2.1,0,,,μL/L,μL/L,局部放电,局部放电
alan456/data.xlsx,3433,180,34.3,3.4,0.3,,,μL/L,μL/L,局部放电,局部放电
alan456/data.xlsx,150,11.6,50.6,29,1.1,,,μL/L,μL/L,局部放电,局部放电
alan456/data.xlsx,1308,125,112,6,0,,,μL/L,μL/L,局部放电,局部放电
alan456/data.xlsx,177.21,13.83,6.6,2.36,0,,,μL/L,μL/L,局部放电,局部放电
alan456/data.xlsx,538.3,12.6,8.67,14.07,0.33,,,μL/L,μL/L,局部放电,局部放电
alan456/data.xlsx,3433,180,34.4,3.6,0.4,,,μL/L,μL/L,局部放电,局部放电
alan456/data.xlsx,181,0.6,0.2,0.2,0,,,μL/L,μL/L,局部放电,局部放电
alan456/data.xlsx,189.93,8.74,1.25,0.04,0.04,,,μL/L,μL/L,局部放电,局部放电
alan456/data.xlsx,242,6,1,4,0,,,μL/L,μL/L,局部放电,局部放电
alan456/data.xlsx,8300,1590.1,90.4,110,370.1,,,μL/L,μL/L,低能放电,低能放电
alan456/data.xlsx,14.2,4,1.4,1.5,9.51,,,μL/L,μL/L,低能放电,低能放电
alan456/data.xlsx,3.09,0.55,2.96,4.56,42.75,,,μL/L,μL/L,低能放电,低能放电
alan456/data.xlsx,31,6.6,19,4.7,67,,,μL/L,μL/L,低能放电,低能放电
alan456/data.xlsx,3.3,1.1,3.1,0.9,3.3,,,μL/L,μL/L,低能放电,低能放电
alan456/data.xlsx,361,29,2.74,25.67,197.2,,,μL/L,μL/L,低能放电,低能放电
alan456/data.xlsx,30.1,17.1,2.2,5.5,5.2,,,μL/L,μL/L,低能放电,低能放电
alan456/data.xlsx,54,7,7.4,8.6,5.4,,,μL/L,μL/L,低能放电,低能放电
alan456/data.xlsx,49.9,23.6,2.8,6.2,10.2,,,μL/L,μL/L,低能放电,低能放电
alan456/data.xlsx,43.6,20.1,32,7.2,10.9,,,μL/L,μL/L,低能放电,低能放电
alan456/data.xlsx,388.61,25.39,9.98,43.92,41.55,,,μL/L,μL/L,高能放电,高能放电
alan456/data.xlsx,647.9,189.9,5.9,164.2,201.4,,,μL/L,μL/L,高能放电,高能放电
alan456/data.xlsx,512,87,11.5,163.9,185.21,,,μL/L,μL/L,高能放电,高能放电
alan456/data.xlsx,698,457,107.1,860,988.6,,,μL/L,μL/L,高能放电,高能放电
alan456/data.xlsx,23,5.9,1,11,3.62,,,μL/L,μL/L,高能放电,高能放电
alan456/data.xlsx,207.1,107.16,1939,136.59,159.65,,,μL/L,μL/L,高能放电,高能放电
alan456/data.xlsx,1350.3,602.76,46.1,705.61,896.69,,,μL/L,μL/L,高能放电,高能放电
alan456/data.xlsx,531,111.9,22.7,122.5,169,,,μL/L,μL/L,高能放电,高能放电
alan456/data.xlsx,447.6,196,33.3,188.6,22.65,,,μL/L,μL/L,高能放电,高能放电
alan456/data.xlsx,344.1,213,18.6,199.9,257.6,,,μL/L,μL/L,高能放电,高能放电
alan456/data.xlsx,3312,38,6.5,42,54,,,μL/L,μL/L,高能放电,高能放电
alan456/data.xlsx,642.9,195.5,17.9,172.9,197.4,,,μL/L,μL/L,高能放电,高能放电
alan456/data.xlsx,6785,1149,251,2525,3574.4,,,μL/L,μL/L,高能放电,高能放电
alan456/data.xlsx,602.6,186,13.7,190.5,260.7,,,μL/L,μL/L,高能放电,高能放电
alan456/data.xlsx,256.61,82.87,6.41,82.65,167.5,,,μL/L,μL/L,高能放电,高能放电
alan456/data.xlsx,176,40,11,71,79,,,μL/L,μL/L,高能放电,高能放电
alan456/data.xlsx,2307,6233,26.87,339.32,550,,,μL/L,μL/L,高能放电,高能放电
alan456/data.xlsx,499.58,26.61,14.5,619.2,2415.6,,,μL/L,μL/L,高能放电,高能放电
alan456/data.xlsx,410,120,18,71,250,,,μL/L,μL/L,高能放电,高能放电
alan456/data.xlsx,46.63,6.22,1.55,7.25,27.98,,,μL/L,μL/L,高能放电,高能放电
alan456/data.xlsx,31,6.6,19,4.7,67,,,μL/L,μL/L,高能放电,高能放电
alan456/data.xlsx,7.6,96.3,26.7,4.7,135,,,μL/L,μL/L,高能放电,高能放电
alan456/data.xlsx,46.1,21.5,61.5,15.8,1.2,,,μL/L,μL/L,正常,正常
alan456/data.xlsx,14.67,3.68,10.54,2.71,0.2,,,μL/L,μL/L,正常,正常
alan456/data.xlsx,31,23,10.6,7.1,0.4,,,μL/L,μL/L,正常,正常
alan456/data.xlsx,33,26,6,5.3,0.2,,,μL/L,μL/L,正常,正常
alan456/data.xlsx,14.5,3.8,10.5,2.8,0.2,,,μL/L,μL/L,正常,正常
alan456/data.xlsx,0.33,0.26,0.04,0.27,0,,,μL/L,μL/L,正常,正常
alan456/data.xlsx,100,200,200,200,20,,,μL/L,μL/L,正常,正常
alan456/data.xlsx,0,225,225,110,3,,,μL/L,μL/L,正常,正常
alan456/data.xlsx,105,125,71,166,10,,,μL/L,μL/L,正常,正常
alan456/data.xlsx,100,50,65,50,15,,,μL/L,μL/L,正常,正常
alan456/data.xlsx,100,70,70,170,10,,,μL/L,μL/L,正常,正常
alan456/data.xlsx,0,224,224,112,5,,,μL/L,μL/L,正常,正常
alan456/data.xlsx,200,50,50,200,3,,,μL/L,μL/L,正常,正常
alan456/data.xlsx,85,0,80,35,70,,,μL/L,μL/L,正常,正常
alan456/data.xlsx,33.6,3.04,33.17,28.5,2.47,,,μL/L,μL/L,正常,正常
alan456/data.xlsx,41.9,33.61,14.3,8.94,0.6,,,μL/L,μL/L,正常,正常
alan456/data.xlsx,98,155,54,300,1.5,,,μL/L,μL/L,高温过热,高温过热
alan456/data.xlsx,8800,64064,72128,95650,0,,,μL/L,μL/L,高温过热,高温过热
alan456/data.xlsx,6709,10500,1400,17700,750,,,μL/L,μL/L,高温过热,高温过热
alan456/data.xlsx,1100,1600,221,2010,26,,,μL/L,μL/L,高温过热,高温过热
alan456/data.xlsx,290,966,299,1810,57,,,μL/L,μL/L,高温过热,高温过热
alan456/data.xlsx,2500,10500,4790,13500,6,,,μL/L,μL/L,高温过热,高温过热
alan456/data.xlsx,860,1670,30,2050,40,,,μL/L,μL/L,高温过热,高温过热
alan456/data.xlsx,150,22,9,60,11,,,μL/L,μL/L,高温过热,高温过热
alan456/data.xlsx,400,940,210,820,24,,,μL/L,μL/L,高温过热,高温过热
alan456/data.xlsx,6,2990,29990,26076,67,,,μL/L,μL/L,高温过热,高温过热
alan456/data.xlsx,100,200,110,670,11,,,μL/L,μL/L,高温过热,高温过热
alan456/data.xlsx,290,1260,231,820,8,,,μL/L,μL/L,高温过热,高温过热
alan456/data.xlsx,1550,2740,816,5450,184,,,μL/L,μL/L,高温过热,高温过热
alan456/data.xlsx,3910,4290,626,6040,1230,,,μL/L,μL/L,高温过热,高温过热
alan456/data.xlsx,12705,23498,6047,34257,5188,,,μL/L,μL/L,高温过热,高温过热
alan456/data.xlsx,78,20,11,13,28,,,μL/L,μL/L,低能放电,低能放电
alan456/data.xlsx,305,100,33,161,541,,,μL/L,μL/L,低能放电,低能放电
alan456/data.xlsx,35,6,3,26,482,,,μL/L,μL/L,低能放电,低能放电
alan456/data.xlsx,543,120,41,411,1880,,,μL/L,μL/L,低能放电,低能放电
alan456/data.xlsx,1230,163,27,233,692,,,μL/L,μL/L,低能放电,低能放电
alan456/data.xlsx,60,10,4,4,4,,,μL/L,μL/L,低能放电,低能放电
alan456/data.xlsx,95,10,0,11,39,,,μL/L,μL/L,低能放电,低能放电
alan456/data.xlsx,650,81,170,51,270,,,μL/L,μL/L,低能放电,低能放电
alan456/data.xlsx,210,22,6,6,7,,,μL/L,μL/L,低能放电,低能放电
alan456/data.xlsx,385,60,8,53,159,,,μL/L,μL/L,低能放电,低能放电
alan456/data.xlsx,4230,690,5,196,1180,,,μL/L,μL/L,低能放电,低能放电
alan456/data.xlsx,7600,1230,318,836,1560,,,μL/L,μL/L,低能放电,低能放电
alan456/data.xlsx,595,80,9,89,244,,,μL/L,μL/L,低能放电,低能放电
alan456/data.xlsx,120,25,1,8,40,,,μL/L,μL/L,低能放电,低能放电
alan456/data.xlsx,8,0,0,43,101,,,μL/L,μL/L,低能放电,低能放电
alan456/data.xlsx,6454,2313,121,2159,6432,,,μL/L,μL/L,低能放电,低能放电
alan456/data.xlsx,2177,1049,207,440,705,,,μL/L,μL/L,低能放电,低能放电
alan456/data.xlsx,1790,580,321,336,619,,,μL/L,μL/L,低能放电,低能放电
alan456/data.xlsx,4,1,2,7,52,,,μL/L,μL/L,低能放电,低能放电
alan456/data.xlsx,1900,285,31,957,7730,,,μL/L,μL/L,低能放电,低能放电
alan456/data.xlsx,141,131,13,139,19,,,μL/L,μL/L,低能放电,低能放电
alan456/data.xlsx,673.6,423.5,77.5,988.9,344.4,,,μL/L,μL/L,高能放电,高能放电
alan456/data.xlsx,1678,652.9,80.7,1005.9,419.1,,,μL/L,μL/L,高能放电,高能放电
alan456/data.xlsx,440,89,19,304,757,,,μL/L,μL/L,高能放电,高能放电
alan456/data.xlsx,210,43,12,102,187,,,μL/L,μL/L,高能放电,高能放电
alan456/data.xlsx,2850,1115,138,1987,3675,,,μL/L,μL/L,高能放电,高能放电
alan456/data.xlsx,7020,1850,0,2960,4410,,,μL/L,μL/L,高能放电,高能放电
alan456/data.xlsx,545,130,16,153,239,,,μL/L,μL/L,高能放电,高能放电
alan456/data.xlsx,7150,1440,97,1210,1760,,,μL/L,μL/L,高能放电,高能放电
alan456/data.xlsx,620,325,38,181,244,,,μL/L,μL/L,高能放电,高能放电
alan456/data.xlsx,120,31,0,66,94,,,μL/L,μL/L,高能放电,高能放电
alan456/data.xlsx,755,229,32,404,460,,,μL/L,μL/L,高能放电,高能放电
alan456/data.xlsx,5100,1430,0,1140,1010,,,μL/L,μL/L,高能放电,高能放电
alan456/data.xlsx,13500,6110,212,4510,4040,,,μL/L,μL/L,高能放电,高能放电
alan456/data.xlsx,1570,1110,175,1780,1830,,,μL/L,μL/L,高能放电,高能放电
alan456/data.xlsx,3090,5020,323,3800,2540,,,μL/L,μL/L,高能放电,高能放电
alan456/data.xlsx,32930,2397,157,0,0,,,μL/L,μL/L,局部放电,局部放电
alan456/data.xlsx,92600,10200,0,0,0,,,μL/L,μL/L,局部放电,局部放电
alan456/data.xlsx,8266,1061,22,0,0,,,μL/L,μL/L,局部放电,局部放电
alan456/data.xlsx,9340,995,60,6,7,,,μL/L,μL/L,局部放电,局部放电
alan456/data.xlsx,36036,4704,554,5,10,,,μL/L,μL/L,局部放电,局部放电
alan456/data.xlsx,33046,619,58,2,0,,,μL/L,μL/L,局部放电,局部放电
alan456/data.xlsx,40280,1069,1060,1,1,,,μL/L,μL/L,局部放电,局部放电
alan456/data.xlsx,26788,18342,2111,27,0,,,μL/L,μL/L,局部放电,局部放电
alan456/data.xlsx,8266,1061,22,0.1,0.1,,,μL/L,μL/L,局部放电,局部放电
alan456/data.xlsx,3.6,7.3,2.8,1,0.4,,,μL/L,μL/L,正常,正常
alan456/data.xlsx,15.1,5.7,1.1,1.8,0,,,μL/L,μL/L,正常,正常
alan456/data.xlsx,29.2,12,2.8,4,0,,,μL/L,μL/L,正常,正常
alan456/data.xlsx,10,12.9,5.7,2,1,,,μL/L,μL/L,正常,正常
alan456/data.xlsx,5.3,19.8,4.3,5,0,,,μL/L,μL/L,正常,正常
alan456/data.xlsx,26,18.5,9.8,6.9,0,,,μL/L,μL/L,正常,正常
alan456/data.xlsx,35.4,39.6,6.8,71.5,1.5,,,μL/L,μL/L,低温过热,低温过热
alan456/data.xlsx,49.7,106.4,42.9,26.5,0,,,μL/L,μL/L,低温过热,低温过热
alan456/data.xlsx,46.3,160.2,17.7,102.3,0,,,μL/L,μL/L,低温过热,低温过热
alan456/data.xlsx,11,57.2,44,308,2.4,,,μL/L,μL/L,高温过热,高温过热
alan456/data.xlsx,29.7,101.4,22.1,242.3,1,,,μL/L,μL/L,高温过热,高温过热
alan456/data.xlsx,30.8,160.3,124.3,479.6,0,,,μL/L,μL/L,高温过热,高温过热
alan456/data.xlsx,43.7,137.5,123.2,418,0,,,μL/L,μL/L,高温过热,高温过热
alan456/data.xlsx,49.5,63.8,70.4,310.2,3.4,,,μL/L,μL/L,高温过热,高温过热
alan456/data.xlsx,59.3,9.1,1.2,6.6,7.8,,,μL/L,μL/L,局部放电,局部放电
alan456/data.xlsx,90.2,98.2,13.2,30.8,8.8,,,μL/L,μL/L,局部放电,局部放电
alan456/data.xlsx,104,520,167.7,1247.9,2.5,,,μL/L,μL/L,高温过热,高温过热
alan456/data.xlsx,126.6,134.6,60.1,308.2,0.1,,,μL/L,μL/L,高温过热,高温过热
alan456/data.xlsx,36.4,189.3,147,567.1,0,,,μL/L,μL/L,高温过热,高温过热
alan456/data.xlsx,77.1,11.8,1.6,8.6,10.1,,,μL/L,μL/L,局部放电,局部放电
alan456/data.xlsx,46,7.9,2,18.1,18.9,,,μL/L,μL/L,局部放电,局部放电
alan456/data.xlsx,58.5,19.5,1.3,11.7,10.4,,,μL/L,μL/L,局部放电,局部放电
alan456/data.xlsx,426.4,95,12.1,90.6,80.6,,,μL/L,μL/L,高能放电,高能放电
alan456/data.xlsx,157.2,58.5,2,33.9,81.1,,,μL/L,μL/L,高能放电,高能放电
alan456/data.xlsx,585,62.7,15.2,63.8,33.8,,,μL/L,μL/L,高能放电,高能放电
alan456/data.xlsx,195,49.4,5.2,26.3,38.1,,,μL/L,μL/L,高能放电,高能放电
alan456/data.xlsx,181.7,262.5,41.6,28.6,1,,,μL/L,μL/L,低温过热,低温过热
alan456/data.xlsx,95,110,160,50,0,,,μL/L,μL/L,低温过热,低温过热
alan456/data.xlsx,18.6,110.2,162.3,50.7,0.7,,,μL/L,μL/L,低温过热,低温过热
alan456/data.xlsx,16,38.4,70,28,0,,,μL/L,μL/L,低温过热,低温过热
alan456/data.xlsx,101,169,595,34,0,,,μL/L,μL/L,低温过热,低温过热
alan456/data.xlsx,102,168,597,35,0,,,μL/L,μL/L,低温过热,低温过热
alan456/data.xlsx,20.88,212.29,324.05,73.06,0.92,,,μL/L,μL/L,低温过热,低温过热
alan456/data.xlsx,72.22,159.01,235.33,32.95,0,,,μL/L,μL/L,低温过热,低温过热
alan456/data.xlsx,64.38,77.53,20.6,11.56,0,,,μL/L,μL/L,低温过热,低温过热
alan456/data.xlsx,20,207,2.5,2.4,0.4,,,μL/L,μL/L,低温过热,低温过热
alan456/data.xlsx,82.4,1548.2,403.8,320.9,0,,,μL/L,μL/L,低温过热,低温过热
alan456/data.xlsx,73.38,157.49,244.65,35.68,0,,,μL/L,μL/L,低温过热,低温过热
alan456/data.xlsx,70.84,148.56,238.36,35.24,0,,,μL/L,μL/L,低温过热,低温过热
alan456/data.xlsx,19.19,187.55,329.49,74.43,1,,,μL/L,μL/L,低温过热,低温过热
alan456/data.xlsx,58.54,116.04,175.74,34.12,0.72,,,μL/L,μL/L,低温过热,低温过热
alan456/data.xlsx,207,416,347,134.5,20,,,μL/L,μL/L,低温过热,低温过热
alan456/data.xlsx,46.9,161.6,94.1,193.3,0.56,,,μL/L,μL/L,中温过热,中温过热
alan456/data.xlsx,72,442,221,461,0.7,,,μL/L,μL/L,中温过热,中温过热
alan456/data.xlsx,128,419,269.4,614.1,0.35,,,μL/L,μL/L,中温过热,中温过热
alan456/data.xlsx,0,31.33,17.59,51.08,0,,,μL/L,μL/L,中温过热,中温过热
alan456/data.xlsx,15.3,26.2,21,52.8,0,,,μL/L,μL/L,中温过热,中温过热
alan456/data.xlsx,58,290,149,373,0,,,μL/L,μL/L,中温过热,中温过热
alan456/data.xlsx,13.1,44.7,91.5,213.3,4.2,,,μL/L,μL/L,中温过热,中温过热
alan456/data.xlsx,679,4992,1823,3671,0,,,μL/L,μL/L,中温过热,中温过热
alan456/data.xlsx,24,27.8,24.4,30,0,,,μL/L,μL/L,中温过热,中温过热
alan456/data.xlsx,33.9,36.5,31.5,39.3,0,,,μL/L,μL/L,中温过热,中温过热
alan456/data.xlsx,230,572.4,343,768.9,0.51,,,μL/L,μL/L,中温过热,中温过热
alan456/data.xlsx,215.6,255.1,160.2,350.4,0,,,μL/L,μL/L,中温过热,中温过热
alan456/data.xlsx,0,37,63,58,93,,,μL/L,μL/L,中温过热,中温过热
alan456/data.xlsx,78,70.1,294.8,635.8,12.2,,,μL/L,μL/L,中温过热,中温过热
alan456/data.xlsx,139,714,351,634,0,,,μL/L,μL/L,中温过热,中温过热
alan456/data.xlsx,40,112.9,54,185.3,0.3,,,μL/L,μL/L,中温过热,中温过热
alan456/data.xlsx,19,136,55,164,0.29,,,μL/L,μL/L,中温过热,中温过热
alan456/data.xlsx,23.6,170.6,180.4,450.9,0,,,μL/L,μL/L,中温过热,中温过热
alan456/data.xlsx,22.7,150.3,160.8,400.8,0,,,μL/L,μL/L,中温过热,中温过热
alan456/data.xlsx,972,3411,1436,1639,0,,,μL/L,μL/L,中温过热,中温过热
alan456/data.xlsx,139,345,184,533,0,,,μL/L,μL/L,中温过热,中温过热
alan456/data.xlsx,70.2,246.6,171.5,371,0,,,μL/L,μL/L,中温过热,中温过热
alan456/data.xlsx,118,434,228,638,0,,,μL/L,μL/L,中温过热,中温过热
alan456/data.xlsx,159.8,438.9,3112.4,644.6,0.38,,,μL/L,μL/L,中温过热,中温过热
alan456/data.xlsx,164,244,103,497,8.3,,,μL/L,μL/L,高温过热,高温过热
alan456/data.xlsx,172.6,306.6,75.8,367.4,1.9,,,μL/L,μL/L,高温过热,高温过热
alan456/data.xlsx,274,376,55,1002,17,,,μL/L,μL/L,高温过热,高温过热
alan456/data.xlsx,109,431,116,446,0.64,,,μL/L,μL/L,高温过热,高温过热
alan456/data.xlsx,172.9,334.1,172.9,812.5,37.7,,,μL/L,μL/L,高温过热,高温过热
alan456/data.xlsx,25.1,411.91,320.9,1832.8,18.4,,,μL/L,μL/L,高温过热,高温过热
alan456/data.xlsx,56,286,96,928,7,,,μL/L,μL/L,高温过热,高温过热
alan456/data.xlsx,336,419,105,1074,21,,,μL/L,μL/L,高温过热,高温过热
alan456/data.xlsx,11.3,24.6,12.7,59.9,2.8,,,μL/L,μL/L,高温过热,高温过热
alan456/data.xlsx,10.86,35.9,17.58,92.53,0,,,μL/L,μL/L,高温过热,高温过热
alan456/data.xlsx,73,520,140,1200,6,,,μL/L,μL/L,高温过热,高温过热
alan456/data.xlsx,86,110,18,92,7.4,,,μL/L,μL/L,高温过热,高温过热
alan456/data.xlsx,220,340,42,480,14,,,μL/L,μL/L,高温过热,高温过热
alan456/data.xlsx,170,320,53,520,3.2,,,μL/L,μL/L,高温过热,高温过热
alan456/data.xlsx,116,258,94,466,5,,,μL/L,μL/L,高温过热,高温过热
alan456/data.xlsx,98,252,95,645,23,,,μL/L,μL/L,高温过热,高温过热
alan456/data.xlsx,27.4,63.2,32.7,137.8,0.52,,,μL/L,μL/L,高温过热,高温过热
alan456/data.xlsx,2.02,16.82,3.9,77.25,0,,,μL/L,μL/L,高温过热,高温过热
alan456/data.xlsx,17.31,21.73,5.83,52.3,2.83,,,μL/L,μL/L,高温过热,高温过热
alan456/data.xlsx,64,250,145,846,3.2,,,μL/L,μL/L,高温过热,高温过热
alan456/data.xlsx,12.51,31.68,8.91,45.18,0.27,,,μL/L,μL/L,高温过热,高温过热
alan456/data.xlsx,15.64,35.35,9.74,38.48,0.12,,,μL/L,μL/L,高温过热,高温过热
alan456/data.xlsx,13,33.5,9.2,36.7,0.12,,,μL/L,μL/L,高温过热,高温过热
alan456/data.xlsx,2.17,45.59,7.97,43.9,0.04,,,μL/L,μL/L,高温过热,高温过热
alan456/data.xlsx,2.7,41.03,7.82,48.36,0,,,μL/L,μL/L,高温过热,高温过热
alan456/data.xlsx,14.08,30.14,7.32,39.15,0,,,μL/L,μL/L,高温过热,高温过热
alan456/data.xlsx,14.23,32.05,8.16,42.62,0.07,,,μL/L,μL/L,高温过热,高温过热
alan456/data.xlsx,18,23.7,27.1,164,6.5,,,μL/L,μL/L,高温过热,高温过热
alan456/data.xlsx,190,920,410,3180,15,,,μL/L,μL/L,高温过热,高温过热
alan456/data.xlsx,160,223,45,495,11,,,μL/L,μL/L,高温过热,高温过热
alan456/data.xlsx,130,270,67,500,3,,,μL/L,μL/L,高温过热,高温过热
alan456/data.xlsx,73,520,140,1230,7,,,μL/L,μL/L,高温过热,高温过热
alan456/data.xlsx,135,466,70,502,9,,,μL/L,μL/L,高温过热,高温过热
alan456/data.xlsx,610,1200,300,1800,6,,,μL/L,μL/L,高温过热,高温过热
alan456/data.xlsx,147,766,506,2078,3.1,,,μL/L,μL/L,高温过热,高温过热
alan456/data.xlsx,26,88.3,46,196,0,,,μL/L,μL/L,高温过热,高温过热
alan456/data.xlsx,5.49,35.9,28.1,156,0,,,μL/L,μL/L,高温过热,高温过热
alan456/data.xlsx,12,23,9,98,0,,,μL/L,μL/L,高温过热,高温过热
alan456/data.xlsx,14,29,18,174,0,,,μL/L,μL/L,高温过热,高温过热
alan456/data.xlsx,117,357,92,486,4,,,μL/L,μL/L,高温过热,高温过热
alan456/data.xlsx,18.95,46.97,6.94,61.54,0,,,μL/L,μL/L,高温过热,高温过热
alan456/data.xlsx,305,904,52,411,0,,,μL/L,μL/L,高温过热,高温过热
alan456/data.xlsx,16,26.1,7.1,24.4,0.1,,,μL/L,μL/L,高温过热,高温过热
alan456/data.xlsx,32,41.6,10.1,120.5,2.61,,,μL/L,μL/L,高温过热,高温过热
alan456/data.xlsx,34,48.5,12.9,141,3.31,,,μL/L,μL/L,高温过热,高温过热
alan456/data.xlsx,11,102.4,57.9,277.6,0,,,μL/L,μL/L,高温过热,高温过热
alan456/data.xlsx,24,137,62,329.5,0,,,μL/L,μL/L,高温过热,高温过热
alan456/data.xlsx,43,50.9,11.6,127.9,2.9,,,μL/L,μL/L,高温过热,高温过热
alan456/data.xlsx,3.76,26.88,7.22,61.8,0.31,,,μL/L,μL/L,高温过热,高温过热
alan456/data.xlsx,16,237,92,470,0,,,μL/L,μL/L,高温过热,高温过热
alan456/data.xlsx,171.19,628.34,354.87,1619.9,46.26,,,μL/L,μL/L,高温过热,高温过热
alan456/data.xlsx,27.4,63.2,32.7,137.8,0.52,,,μL/L,μL/L,高温过热,高温过热
alan456/data.xlsx,73.38,157.49,35.68,244.65,0,,,μL/L,μL/L,高温过热,高温过热
alan456/data.xlsx,58.54,116.04,34.12,175.74,0.72,,,μL/L,μL/L,高温过热,高温过热
alan456/data.xlsx,159,212.4,82.4,260,0.35,,,μL/L,μL/L,高温过热,高温过热
alan456/data.xlsx,14.42,44.83,3.26,72.63,0,,,μL/L,μL/L,高温过热,高温过热
alan456/data.xlsx,152,247.3,101.2,313.2,0.35,,,μL/L,μL/L,高温过热,高温过热
alan456/data.xlsx,100,106.3,19.3,216.6,14.2,,,μL/L,μL/L,高温过热,高温过热
alan456/data.xlsx,807.55,955.76,518.53,2286.7,65.86,,,μL/L,μL/L,高温过热,高温过热
alan456/data.xlsx,32.61,294.63,141.74,910.82,10.39,,,μL/L,μL/L,高温过热,高温过热
alan456/data.xlsx,28.34,71.41,4.78,131,0,,,μL/L,μL/L,高温过热,高温过热
alan456/data.xlsx,115,332,104,604,2.85,,,μL/L,μL/L,高温过热,高温过热
alan456/data.xlsx,41,58.2,25.9,129.8,1,,,μL/L,μL/L,高温过热,高温过热
alan456/data.xlsx,94.3,94.7,36.2,163.2,0,,,μL/L,μL/L,高温过热,高温过热
alan456/data.xlsx,8.5,14.1,31.7,175.9,0,,,μL/L,μL/L,高温过热,高温过热
alan456/data.xlsx,143,305,721,78,2,,,μL/L,μL/L,高温过热,高温过热
alan456/data.xlsx,26.5,298,0,69.3,8.6,,,μL/L,μL/L,高温过热,高温过热
alan456/data.xlsx,26,21,15,12,1,,,μL/L,μL/L,局部放电,局部放电
alan456/data.xlsx,25.2,1.2,6.5,1.3,0.2,,,μL/L,μL/L,局部放电,局部放电
alan456/data.xlsx,980,73,58,12,0,,,μL/L,μL/L,局部放电,局部放电
alan456/data.xlsx,420,37.3,14.9,30,0.2,,,μL/L,μL/L,局部放电,局部放电
alan456/data.xlsx,1198,3.2,1.4,3.2,0.5,,,μL/L,μL/L,局部放电,局部放电
alan456/data.xlsx,83.26,45.32,18.1,36.45,0.26,,,μL/L,μL/L,局部放电,局部放电
alan456/data.xlsx,195.8,14.5,11.6,2.4,0.7,,,μL/L,μL/L,局部放电,局部放电
alan456/data.xlsx,565,26.5,6.9,2.1,0,,,μL/L,μL/L,局部放电,局部放电
alan456/data.xlsx,625,49,9,7,0.6,,,μL/L,μL/L,局部放电,局部放电
alan456/data.xlsx,2587.2,7.88,4.7,1.4,0,,,μL/L,μL/L,局部放电,局部放电
alan456/data.xlsx,87.27,6.5,5.16,1.07,0,,,μL/L,μL/L,局部放电,局部放电
alan456/data.xlsx,560,0,0.6,0.7,0,,,μL/L,μL/L,局部放电,局部放电
alan456/data.xlsx,89.99,5.35,1.96,2.7,0,,,μL/L,μL/L,局部放电,局部放电
alan456/data.xlsx,1300,110,137,52,22.2,,,μL/L,μL/L,局部放电,局部放电
alan456/data.xlsx,650,53,34,20,0,,,μL/L,μL/L,局部放电,局部放电
alan456/data.xlsx,1565,93,34,47,0,,,μL/L,μL/L,局部放电,局部放电
alan456/data.xlsx,1308,125,112,6,0,,,μL/L,μL/L,局部放电,局部放电
alan456/data.xlsx,654,55,34,20,0,,,μL/L,μL/L,局部放电,局部放电
alan456/data.xlsx,2437,115.5,22.6,3.5,0.2,,,μL/L,μL/L,局部放电,局部放电
alan456/data.xlsx,565,93,34,47,0,,,μL/L,μL/L,局部放电,局部放电
alan456/data.xlsx,84.3,8,7.2,0.4,0,,,μL/L,μL/L,局部放电,局部放电
alan456/data.xlsx,980,73,58,12,0,,,μL/L,μL/L,局部放电,局部放电
alan456/data.xlsx,565,93,34,47,2.7,,,μL/L,μL/L,局部放电,局部放电
alan456/data.xlsx,180.85,0.574,0.234,0.188,0,,,μL/L,μL/L,局部放电,局部放电
alan456/data.xlsx,2073,85.6,17.4,2.6,0,,,μL/L,μL/L,局部放电,局部放电
alan456/data.xlsx,568,26.5,6.9,2.1,0,,,μL/L,μL/L,局部放电,局部放电
alan456/data.xlsx,279,41,9.7,42,34,,,μL/L,μL/L,局部放电,局部放电
alan456/data.xlsx,3433,180,34.3,3.4,0.3,,,μL/L,μL/L,局部放电,局部放电
alan456/data.xlsx,150,11.6,50.6,29,1.1,,,μL/L,μL/L,局部放电,局部放电
alan456/data.xlsx,1308,125,112,6,0,,,μL/L,μL/L,局部放电,局部放电
alan456/data.xlsx,177.21,13.83,6.6,2.36,0,,,μL/L,μL/L,局部放电,局部放电
alan456/data.xlsx,538.3,12.6,8.67,14.07,0.33,,,μL/L,μL/L,局部放电,局部放电
alan456/data.xlsx,3433,180,34.4,3.6,0.4,,,μL/L,μL/L,局部放电,局部放电
alan456/data.xlsx,181,0.6,0.2,0.2,0,,,μL/L,μL/L,局部放电,局部放电
alan456/data.xlsx,189.93,8.74,1.25,0.04,0.04,,,μL/L,μL/L,局部放电,局部放电
alan456/data.xlsx,242,6,1,4,0,,,μL/L,μL/L,局部放电,局部放电
alan456/data.xlsx,30,7.4,8.5,1.8,19,,,μL/L,μL/L,低能放电,低能放电
alan456/data.xlsx,14.1,4,1.3,1.5,9.5,,,μL/L,μL/L,低能放电,低能放电
alan456/data.xlsx,29.5,4.5,0.5,3.5,29.1,,,μL/L,μL/L,低能放电,低能放电
alan456/data.xlsx,78,28,13,29,110,,,μL/L,μL/L,低能放电,低能放电
alan456/data.xlsx,30.64,29.84,6.82,16.071,99,,,μL/L,μL/L,低能放电,低能放电
alan456/data.xlsx,68.72,9.05,11.38,1.71,34.88,,,μL/L,μL/L,低能放电,低能放电
alan456/data.xlsx,225.1,215.9,605.5,88.7,1849,,,μL/L,μL/L,低能放电,低能放电
alan456/data.xlsx,80,20,6,20,62,,,μL/L,μL/L,低能放电,低能放电
alan456/data.xlsx,75,2.98,0.6,3.57,14.29,,,μL/L,μL/L,低能放电,低能放电
alan456/data.xlsx,410,32.88,2.59,24.76,191,,,μL/L,μL/L,低能放电,低能放电
alan456/data.xlsx,330.2,28.3,2.55,25.98,203.87,,,μL/L,μL/L,低能放电,低能放电
alan456/data.xlsx,584.67,104.44,9.04,193,530.89,,,μL/L,μL/L,低能放电,低能放电
alan456/data.xlsx,34.45,21.92,3.19,44.96,19.62,,,μL/L,μL/L,高能放电,高能放电
alan456/data.xlsx,5.12,3.76,0.51,5.28,5.16,,,μL/L,μL/L,高能放电,高能放电
alan456/data.xlsx,1675,650,82,1006,420,,,μL/L,μL/L,高能放电,高能放电
alan456/data.xlsx,121,14,3,29,74,,,μL/L,μL/L,高能放电,高能放电
alan456/data.xlsx,181.5,65,9.97,107.6,140.83,,,μL/L,μL/L,高能放电,高能放电
alan456/data.xlsx,200,48,14,117,131,,,μL/L,μL/L,高能放电,高能放电
alan456/data.xlsx,43.74,17.02,2.1,26.22,10.92,,,μL/L,μL/L,高能放电,高能放电
alan456/data.xlsx,217.5,40,4.9,51.8,67.5,,,μL/L,μL/L,高能放电,高能放电
alan456/data.xlsx,40.9,11.9,4.5,69.3,29,,,μL/L,μL/L,高能放电,高能放电
alan456/data.xlsx,56,25,6,85,10,,,μL/L,μL/L,高能放电,高能放电
alan456/data.xlsx,143,92,12,133,79,,,μL/L,μL/L,高能放电,高能放电
alan456/data.xlsx,162,109,11.1,201,183,,,μL/L,μL/L,高能放电,高能放电
alan456/data.xlsx,35.88,9.3,1.59,15.4,17.66,,,μL/L,μL/L,高能放电,高能放电
alan456/data.xlsx,56.82,9.86,2.16,11.59,17.97,,,μL/L,μL/L,高能放电,高能放电
alan456/data.xlsx,940,440,3,530,460,,,μL/L,μL/L,高能放电,高能放电
alan456/data.xlsx,980,570,37,480,54,,,μL/L,μL/L,高能放电,高能放电
alan456/data.xlsx,420,200,14,230,180,,,μL/L,μL/L,高能放电,高能放电
alan456/data.xlsx,328,73,3,73,65,,,μL/L,μL/L,高能放电,高能放电
alan456/data.xlsx,60,40,10,110,70,,,μL/L,μL/L,高能放电,高能放电
alan456/data.xlsx,57,13,0.1,11,12,,,μL/L,μL/L,高能放电,高能放电
alan456/data.xlsx,44.09,13.64,2.42,20.08,20.21,,,μL/L,μL/L,高能放电,高能放电
alan456/data.xlsx,150,27,5.6,65,90,,,μL/L,μL/L,高能放电,高能放电
alan456/data.xlsx,335,67,18,143,170,,,μL/L,μL/L,高能放电,高能放电
alan456/data.xlsx,250,63,3.8,66,120,,,μL/L,μL/L,高能放电,高能放电
alan456/data.xlsx,293,50,13,115,120,,,μL/L,μL/L,高能放电,高能放电
alan456/data.xlsx,443,85,9.5,103,174,,,μL/L,μL/L,高能放电,高能放电
alan456/data.xlsx,379.15,18.1,3.93,25.44,33.13,,,μL/L,μL/L,高能放电,高能放电
alan456/data.xlsx,20,3.9,0.6,4.4,6.3,,,μL/L,μL/L,高能放电,高能放电
alan456/data.xlsx,138.7,50.8,7.7,55.2,96,,,μL/L,μL/L,高能放电,高能放电
alan456/data.xlsx,248.47,22.84,11.52,63.54,32.17,,,μL/L,μL/L,高能放电,高能放电
alan456/data.xlsx,647.9,189.9,5.9,164.2,201.4,,,μL/L,μL/L,高能放电,高能放电
alan456/data.xlsx,512,87,11.5,163.9,185.21,,,μL/L,μL/L,高能放电,高能放电
alan456/data.xlsx,23,5.9,1,3.1,3.62,,,μL/L,μL/L,高能放电,高能放电
alan456/data.xlsx,207.1,107.16,19.39,136.59,159.65,,,μL/L,μL/L,高能放电,高能放电
alan456/data.xlsx,1350.3,602.76,46.1,705.61,896.69,,,μL/L,μL/L,高能放电,高能放电
alan456/data.xlsx,531,111.9,22.7,122.5,169,,,μL/L,μL/L,高能放电,高能放电
alan456/data.xlsx,447.6,196,33.3,188.6,22.65,,,μL/L,μL/L,高能放电,高能放电
alan456/data.xlsx,344.1,213,18.6,199.9,257.6,,,μL/L,μL/L,高能放电,高能放电
alan456/data.xlsx,3312,38,6.5,42,54,,,μL/L,μL/L,高能放电,高能放电
alan456/data.xlsx,642.9,195.5,17.9,172.9,197.4,,,μL/L,μL/L,高能放电,高能放电
alan456/data.xlsx,6785,1149,251,2525,3574.4,,,μL/L,μL/L,高能放电,高能放电
alan456/data.xlsx,602.6,186,13.7,190.5,260.7,,,μL/L,μL/L,高能放电,高能放电
alan456/data.xlsx,256.61,82.87,6.41,82.65,167.5,,,μL/L,μL/L,高能放电,高能放电
alan456/data.xlsx,176,40,11,71,79,,,μL/L,μL/L,高能放电,高能放电
alan456/data.xlsx,2307,623.3,26.87,339.32,550,,,μL/L,μL/L,高能放电,高能放电
alan456/data.xlsx,9.71,3.44,0.47,0.48,0,,,μL/L,μL/L,正常,正常
alan456/data.xlsx,9.76,3.48,0.45,0.51,0,,,μL/L,μL/L,正常,正常
alan456/data.xlsx,9.73,3.41,0.46,0.46,0,,,μL/L,μL/L,正常,正常
alan456/data.xlsx,9.52,3.27,0.47,0.52,0,,,μL/L,μL/L,正常,正常
alan456/data.xlsx,9.57,3.36,0.46,0.47,0,,,μL/L,μL/L,正常,正常
alan456/data.xlsx,9.53,3.32,0.47,0.48,0,,,μL/L,μL/L,正常,正常
alan456/data.xlsx,9.57,3.28,0.47,0.52,0,,,μL/L,μL/L,正常,正常
alan456/data.xlsx,9.61,3.26,0.46,0.52,0,,,μL/L,μL/L,正常,正常
alan456/data.xlsx,7.35,3.1,0.16,0.53,0,,,μL/L,μL/L,正常,正常
alan456/data.xlsx,7.39,3.03,0.13,0.58,0,,,μL/L,μL/L,正常,正常
alan456/data.xlsx,10,73.7,18.8,48.6,0.1,,,μL/L,μL/L,正常,正常
alan456/data.xlsx,12,23.6,7.7,21.4,0.1,,,μL/L,μL/L,正常,正常
alan456/data.xlsx,14.16,0.57,0,0.27,0,,,μL/L,μL/L,正常,正常
alan456/data.xlsx,19.19,9.65,3.41,3.89,0,,,μL/L,μL/L,正常,正常
alan456/data.xlsx,19.18,15.17,3.06,9.9,0,,,μL/L,μL/L,正常,正常
alan456/data.xlsx,1.04,1.06,0,0.77,0,,,μL/L,μL/L,正常,正常
alan456/data.xlsx,9.8,6.5,0,0.8,0,,,μL/L,μL/L,正常,正常
alan456/data.xlsx,0.024,9.228,1.315,0.271,0,,,μL/L,μL/L,正常,正常
alan456/data.xlsx,0,15.836,1.022,0.33,0,,,μL/L,μL/L,正常,正常
alan456/data.xlsx,7.3,3.1,0.2,0.4,0.1,,,μL/L,μL/L,正常,正常
alan456/data.xlsx,9.5,3.5,0.5,0.5,0,,,μL/L,μL/L,正常,正常
alan456/data.xlsx,13.216,2.207,0.133,0.35,0,,,μL/L,μL/L,正常,正常
alan456/data.xlsx,5.272,1.303,0,0.07,0,,,μL/L,μL/L,正常,正常
alan456/data.xlsx,22.685,3.676,0.54,0.55,0,,,μL/L,μL/L,正常,正常
alan456/data.xlsx,4.8,5.79,0.91,1.23,0,,,μL/L,μL/L,正常,正常
alan456/data.xlsx,35.6,6.14,0.53,1.43,0,,,μL/L,μL/L,正常,正常
alan456/data.xlsx,2,5.5,0.52,0.81,0,,,μL/L,μL/L,正常,正常
alan456/data.xlsx,10.87,7.35,0.1,0.78,0,,,μL/L,μL/L,正常,正常
alan456/data.xlsx,11.55,5.66,0.58,1.02,0,,,μL/L,μL/L,正常,正常
alan456/data.xlsx,21.45,7.45,0.46,0.86,0,,,μL/L,μL/L,正常,正常
alan456/data.xlsx,8.7,13.7,6.1,11.9,0.5,,,μL/L,μL/L,正常,正常
alan456/data.xlsx,13.7,32.6,18.3,10.3,1.2,,,μL/L,μL/L,正常,正常
alan456/data.xlsx,21.2,2,0.1,0.3,0,,,μL/L,μL/L,正常,正常
alan456/data.xlsx,538.9,9.6,0,0,0,,,μL/L,μL/L,正常,正常
alan456/data.xlsx,1023.8,0,0,0,0,,,μL/L,μL/L,正常,正常
alan456/data.xlsx,103.9,0,0,0,0,,,μL/L,μL/L,正常,正常
alan456/data.xlsx,504.5,51,0,0.4,0,,,μL/L,μL/L,正常,正常
alan456/data.xlsx,62.9,26.2,0,0.1,0,,,μL/L,μL/L,正常,正常
alan456/data.xlsx,5.6,3.3,0.4,0.3,0,,,μL/L,μL/L,正常,正常
alan456/data.xlsx,4,4.4,0,0,0,,,μL/L,μL/L,正常,正常
alan456/data.xlsx,1.8,2.9,0,0,0.1,,,μL/L,μL/L,正常,正常
alan456/data.xlsx,0.2,13.7,3.7,1.9,0,,,μL/L,μL/L,正常,正常
alan456/data.xlsx,0.7,9.7,3.4,0.5,0,,,μL/L,μL/L,正常,正常
alan456/data.xlsx,7.7,1.2,0.1,0.3,0,,,μL/L,μL/L,正常,正常
alan456/data.xlsx,7.39,1.937,0.171,0.306,0,,,μL/L,μL/L,正常,正常
alan456/data.xlsx,7.152,2.145,0.037,0.168,0,,,μL/L,μL/L,正常,正常
alan456/data.xlsx,8.248,2.73,0.199,0.361,0,,,μL/L,μL/L,正常,正常
alan456/data.xlsx,16.365,32.511,14.32,21.019,0,,,μL/L,μL/L,正常,正常
alan456/data.xlsx,11.816,50.916,24.568,47.667,0,,,μL/L,μL/L,正常,正常
alan456/data.xlsx,2.557,8.581,2.843,0.375,0,,,μL/L,μL/L,正常,正常
alan456/data.xlsx,2.52,7.095,2.579,0.45,0,,,μL/L,μL/L,正常,正常
alan456/data.xlsx,5.92,2.615,0.388,0.322,0,,,μL/L,μL/L,正常,正常
alan456/data.xlsx,5.518,5.881,0.805,0.941,0,,,μL/L,μL/L,正常,正常
alan456/data.xlsx,10.5,4.9,0.3,5.2,0,,,μL/L,μL/L,正常,正常
alan456/data.xlsx,0.1,4.2,0,1.3,0,,,μL/L,μL/L,正常,正常
alan456/data.xlsx,11.204,3.612,0.388,0.911,0,,,μL/L,μL/L,正常,正常
alan456/data.xlsx,7.123,3.714,0.266,2.454,0,,,μL/L,μL/L,正常,正常
alan456/data.xlsx,9.72,3.73,0.713,0.811,0,,,μL/L,μL/L,正常,正常
alan456/data.xlsx,42.167,12.42,0.832,0.328,0,,,μL/L,μL/L,正常,正常
alan456/data.xlsx,5.67,2.4,0,0,0,,,μL/L,μL/L,正常,正常
alan456/data.xlsx,17.029,12.1,1.158,0.365,0,,,μL/L,μL/L,正常,正常
alan456/data.xlsx,17.12,9.83,0.91,0.64,0,,,μL/L,μL/L,正常,正常
alan456/data.xlsx,6.55,8.81,0.99,0.4,0,,,μL/L,μL/L,正常,正常
alan456/data.xlsx,13.316,19.641,6.892,0.848,0,,,μL/L,μL/L,正常,正常
alan456/data.xlsx,4.2,4.1,0.4,0.1,0,,,μL/L,μL/L,正常,正常
alan456/data.xlsx,10.36,18.01,4.6,0,1.28,,,μL/L,μL/L,正常,正常
alan456/data.xlsx,82.99,6.87,0.46,1.24,0.15,,,μL/L,μL/L,正常,正常
alan456/data.xlsx,9.45,9.88,1.87,1.65,0,,,μL/L,μL/L,正常,正常
alan456/data.xlsx,9.68,75.17,21.5,57.48,0.16,,,μL/L,μL/L,中温过热,中温过热
alan456/data.xlsx,18,94.2,24.9,70,0.1,,,μL/L,μL/L,中温过热,中温过热
alan456/data.xlsx,18.7,101.3,28.8,76.02,0.03,,,μL/L,μL/L,中温过热,中温过热
alan456/data.xlsx,21,98.7,25.7,40.6,0.2,,,μL/L,μL/L,中温过热,中温过热
alan456/data.xlsx,184,246,36,24,0,,,μL/L,μL/L,中温过热,中温过热
alan456/data.xlsx,99,165,576,36,0,,,μL/L,μL/L,中温过热,中温过热
alan456/data.xlsx,75,432,215,437,0.7,,,μL/L,μL/L,中温过热,中温过热
alan456/data.xlsx,232.3,568.3,320.1,689.3,0.54,,,μL/L,μL/L,中温过热,中温过热
alan456/data.xlsx,159.3,27.4,6.6,12.3,0.22,,,μL/L,μL/L,中温过热,中温过热
alan456/data.xlsx,4.15,187.4,108.3,136.1,0,,,μL/L,μL/L,中温过热,中温过热
alan456/data.xlsx,145.3,178.3,50.3,23.1,0,,,μL/L,μL/L,中温过热,中温过热
alan456/data.xlsx,135.1,398.1,258.4,630.2,0.35,,,μL/L,μL/L,中温过热,中温过热
alan456/data.xlsx,155.1,132.6,29.5,98.1,0,,,μL/L,μL/L,中温过热,中温过热
alan456/data.xlsx,134,715.3,321.6,633.2,0,,,μL/L,μL/L,中温过热,中温过热
alan456/data.xlsx,38.3,99.1,41.6,26.9,0,,,μL/L,μL/L,中温过热,中温过热
alan456/data.xlsx,78.3,256.3,173.4,378.2,0,,,μL/L,μL/L,中温过热,中温过热
alan456/data.xlsx,15.23,61.32,53.98,81.76,0,,,μL/L,μL/L,中温过热,中温过热
alan456/data.xlsx,26.8,92.3,48.1,93.4,0.5,,,μL/L,μL/L,中温过热,中温过热
alan456/data.xlsx,139.3,715.3,362.3,671.9,0.1,,,μL/L,μL/L,中温过热,中温过热
alan456/data.xlsx,69,188.5,49,175.4,4.5,,,μL/L,μL/L,高温过热,高温过热
alan456/data.xlsx,65,181.1,47.4,170.1,4.2,,,μL/L,μL/L,高温过热,高温过热
alan456/data.xlsx,64,185.2,47.9,172.7,4.2,,,μL/L,μL/L,高温过热,高温过热
alan456/data.xlsx,69,187.2,48.3,172.7,4.8,,,μL/L,μL/L,高温过热,高温过热
alan456/data.xlsx,72,194.5,53.2,178.1,5,,,μL/L,μL/L,高温过热,高温过热
alan456/data.xlsx,70,190.1,52.1,174.6,5,,,μL/L,μL/L,高温过热,高温过热
alan456/data.xlsx,64,180.1,51.9,172.7,4.8,,,μL/L,μL/L,高温过热,高温过热
alan456/data.xlsx,66,178.4,50.1,167.5,4.7,,,μL/L,μL/L,高温过热,高温过热
alan456/data.xlsx,72,190.8,51.2,171,4.7,,,μL/L,μL/L,高温过热,高温过热
alan456/data.xlsx,62,174.2,50.8,167,4.6,,,μL/L,μL/L,高温过热,高温过热
alan456/data.xlsx,117,193.2,44.3,219.2,1.7,,,μL/L,μL/L,高温过热,高温过热
alan456/data.xlsx,108,202.4,56.4,269.3,2.2,,,μL/L,μL/L,高温过热,高温过热
alan456/data.xlsx,121,241.8,69.5,326.5,2.4,,,μL/L,μL/L,高温过热,高温过热
alan456/data.xlsx,125,241,61.9,294.8,2.5,,,μL/L,μL/L,高温过热,高温过热
alan456/data.xlsx,55.4,246.3,95.4,932.1,7.4,,,μL/L,μL/L,高温过热,高温过热
alan456/data.xlsx,223.4,354.2,41.3,466.7,15.3,,,μL/L,μL/L,高温过热,高温过热
alan456/data.xlsx,115.3,137.5,111,425.3,28.7,,,μL/L,μL/L,高温过热,高温过热
alan456/data.xlsx,77.5,523,142,1233,5.3,,,μL/L,μL/L,高温过热,高温过热
alan456/data.xlsx,132.3,245.6,96.6,356.4,2.3,,,μL/L,μL/L,高温过热,高温过热
alan456/data.xlsx,7.6,112,125.5,702.3,2.6,,,μL/L,μL/L,高温过热,高温过热
alan456/data.xlsx,171.3,298,41.3,556.8,8.7,,,μL/L,μL/L,高温过热,高温过热
alan456/data.xlsx,90.99,5.45,2.15,2.7,0,,,μL/L,μL/L,低能放电,低能放电
alan456/data.xlsx,64.1,0.45,0.99,3.14,15.3,,,μL/L,μL/L,低能放电,低能放电
alan456/data.xlsx,31.3,15.9,2.4,4.21,31.2,,,μL/L,μL/L,低能放电,低能放电
alan456/data.xlsx,55.32,7.66,4.8,1.33,6.5,,,μL/L,μL/L,低能放电,低能放电
alan456/data.xlsx,321,33.4,35.4,105.2,416,,,μL/L,μL/L,低能放电,低能放电
alan456/data.xlsx,915.3,129.97,6.87,33.1,307.7,,,μL/L,μL/L,低能放电,低能放电
alan456/data.xlsx,351.4,112.35,28.3,52.5,346,,,μL/L,μL/L,低能放电,低能放电
alan456/data.xlsx,171.2,25.3,7.3,17,55.2,,,μL/L,μL/L,低能放电,低能放电
alan456/data.xlsx,49.5,12.2,3.7,0.3,4.8,,,μL/L,μL/L,低能放电,低能放电
alan456/data.xlsx,536.1,119,28.1,33.6,202.3,,,μL/L,μL/L,低能放电,低能放电
alan456/data.xlsx,360.5,28.5,2.75,25.66,198.3,,,μL/L,μL/L,低能放电,低能放电
alan456/data.xlsx,330.1,28.4,2.56,25.34,213.33,,,μL/L,μL/L,低能放电,低能放电
alan456/data.xlsx,411.3,33.12,2.44,23.77,25.66,,,μL/L,μL/L,低能放电,低能放电
alan456/data.xlsx,33.1,5.6,13.1,1.5,13.3,,,μL/L,μL/L,低能放电,低能放电
alan456/data.xlsx,22.5,7.8,6.9,1.5,7.8,,,μL/L,μL/L,低能放电,低能放电
alan456/data.xlsx,28.8,4.3,0.6,3.45,29.3,,,μL/L,μL/L,低能放电,低能放电
alan456/data.xlsx,21.4,3.5,1.4,0.88,9.14,,,μL/L,μL/L,低能放电,低能放电
alan456/data.xlsx,13.9,3.5,1.3,1.5,0.44,,,μL/L,μL/L,低能放电,低能放电
alan456/data.xlsx,31.2,20.3,3.1,5,30.9,,,μL/L,μL/L,低能放电,低能放电
alan456/data.xlsx,332,28.7,2.35,25.66,196.8,,,μL/L,μL/L,低能放电,低能放电
alan456/data.xlsx,625.1,49.3,9.2,7,0.6,,,μL/L,μL/L,高能放电,高能放电
alan456/data.xlsx,707.3,105.1,11.9,55,81.3,,,μL/L,μL/L,高能放电,高能放电
alan456/data.xlsx,151,21.6,1.7,23,32,,,μL/L,μL/L,高能放电,高能放电
alan456/data.xlsx,133,42.4,21,77.8,52.2,,,μL/L,μL/L,高能放电,高能放电
alan456/data.xlsx,501.3,70.2,9.7,137.8,162,,,μL/L,μL/L,高能放电,高能放电
alan456/data.xlsx,156.1,45.6,19.2,88,62,,,μL/L,μL/L,高能放电,高能放电
alan456/data.xlsx,202,108.3,19,136,159.8,,,μL/L,μL/L,高能放电,高能放电
alan456/data.xlsx,119,26.7,11.4,54.6,84.7,,,μL/L,μL/L,高能放电,高能放电
alan456/data.xlsx,466.5,149.9,13.2,265,521,,,μL/L,μL/L,高能放电,高能放电
alan456/data.xlsx,302.3,241,15,163.2,139.7,,,μL/L,μL/L,高能放电,高能放电
alan456/data.xlsx,332,66,17.8,151.1,167.1,,,μL/L,μL/L,高能放电,高能放电
alan456/data.xlsx,152.1,26.9,37,45.7,60.8,,,μL/L,μL/L,高能放电,高能放电
alan456/data.xlsx,439.7,27.1,22.4,34.9,31.2,,,μL/L,μL/L,高能放电,高能放电
alan456/data.xlsx,346.3,112.1,28.1,52.6,59,,,μL/L,μL/L,高能放电,高能放电
alan456/data.xlsx,100,95.3,21,312,117.1,,,μL/L,μL/L,高能放电,高能放电
alan456/data.xlsx,2053.1,372,27,544.1,765.2,,,μL/L,μL/L,高能放电,高能放电
alan456/data.xlsx,151,86,231.3,132,36.2,,,μL/L,μL/L,高能放电,高能放电
alan456/data.xlsx,66.1,21.1,20,51.8,95.3,,,μL/L,μL/L,高能放电,高能放电
alan456/data.xlsx,101,62,5,63.1,77.6,,,μL/L,μL/L,高能放电,高能放电
alan456/data.xlsx,199.3,47.1,13.3,117,133,,,μL/L,μL/L,高能放电,高能放电
alan456/data.xlsx,181.5,0.55,0.32,0.278,0,,,μL/L,μL/L,局部放电,局部放电
alan456/data.xlsx,225.4,18.3,7.8,2.7,0,,,μL/L,μL/L,局部放电,局部放电
alan456/data.xlsx,2087,85.3,18.5,2.8,0,,,μL/L,μL/L,局部放电,局部放电
alan456/data.xlsx,2433,117,23,3.2,0.1,,,μL/L,μL/L,局部放电,局部放电
alan456/data.xlsx,626.1,47,8.9,6.1,0.6,,,μL/L,μL/L,局部放电,局部放电
alan456/data.xlsx,481.5,38.1,31,6.7,0,,,μL/L,μL/L,局部放电,局部放电
alan456/data.xlsx,2077,86.2,17.8,2.3,0,,,μL/L,μL/L,局部放电,局部放电
alan456/data.xlsx,23,9,6.4,6.2,0.4,,,μL/L,μL/L,低温过热,低温过热
alan456/data.xlsx,22,3.3,2.1,1.2,0.2,,,μL/L,μL/L,低温过热,低温过热
alan456/data.xlsx,397.7,901,2798.2,1171.9,66.51,,,μL/L,μL/L,低温过热,低温过热
alan456/data.xlsx,4.32,193,125,118,0,,,μL/L,μL/L,低温过热,低温过热
alan456/data.xlsx,72,442,461,221,0.7,,,μL/L,μL/L,低温过热,低温过热
alan456/data.xlsx,304,4336,227,1606,13.8,,,μL/L,μL/L,低温过热,低温过热
alan456/data.xlsx,64,72,7,103,0,,,μL/L,μL/L,低温过热,低温过热
alan456/data.xlsx,125,390.3,497.2,201.9,0.69,,,μL/L,μL/L,低温过热,低温过热
alan456/data.xlsx,16.4,25,21,11,0,,,μL/L,μL/L,低温过热,低温过热
alan456/data.xlsx,39,17,33,138,0,,,μL/L,μL/L,低温过热,低温过热
alan456/data.xlsx,14,45,72,34,0,,,μL/L,μL/L,低温过热,低温过热
alan456/data.xlsx,350,1100,270,180,20,,,μL/L,μL/L,低温过热,低温过热
alan456/data.xlsx,280,10,25,13,0,,,μL/L,μL/L,低温过热,低温过热
alan456/data.xlsx,28,409,692,354,0.5,,,μL/L,μL/L,低温过热,低温过热
alan456/data.xlsx,12,12.6,96.8,56.6,0,,,μL/L,μL/L,低温过热,低温过热
alan456/data.xlsx,95.32,65.4,255.65,199.06,4.48,,,μL/L,μL/L,低温过热,低温过热
alan456/data.xlsx,417,911,1602,554,1,,,μL/L,μL/L,低温过热,低温过热
alan456/data.xlsx,54.32,68.68,98.44,35.57,0,,,μL/L,μL/L,低温过热,低温过热
alan456/data.xlsx,71.93,289.87,379.03,133.95,0,,,μL/L,μL/L,低温过热,低温过热
alan456/data.xlsx,46,76.8,50.2,20.4,0.1,,,μL/L,μL/L,低温过热,低温过热
alan456/data.xlsx,0.5,38.4,133.4,151.4,0,,,μL/L,μL/L,低温过热,低温过热
alan456/data.xlsx,22,10,3.4,1.6,0.3,,,μL/L,μL/L,低温过热,低温过热
alan456/data.xlsx,170.12,508.27,806.03,298.72,0.93,,,μL/L,μL/L,低温过热,低温过热
alan456/data.xlsx,18,27.4,50.6,20.9,0.7,,,μL/L,μL/L,低温过热,低温过热
alan456/data.xlsx,30,71,54,44,0,,,μL/L,μL/L,低温过热,低温过热
alan456/data.xlsx,28,100,79,63,0,,,μL/L,μL/L,低温过热,低温过热
alan456/data.xlsx,34,171,114,91,0,,,μL/L,μL/L,低温过热,低温过热
alan456/data.xlsx,15.87,38.2,37.25,23.29,0.54,,,μL/L,μL/L,低温过热,低温过热
alan456/data.xlsx,139,345,533,184,0,,,μL/L,μL/L,低温过热,低温过热
alan456/data.xlsx,211.14,769.25,1210.45,465.03,0,,,μL/L,μL/L,低温过热,低温过热
alan456/data.xlsx,56,20,35,8,0.6,,,μL/L,μL/L,高温过热,高温过热
alan456/data.xlsx,106,59,58,16,1.3,,,μL/L,μL/L,高温过热,高温过热
alan456/data.xlsx,6.7,10,71,11,3.9,,,μL/L,μL/L,高温过热,高温过热
alan456/data.xlsx,134,137,154,13,11,,,μL/L,μL/L,高温过热,高温过热
alan456/data.xlsx,35.8,30.1,93.6,10.1,7.1,,,μL/L,μL/L,高温过热,高温过热
alan456/data.xlsx,124,115,190,40,2,,,μL/L,μL/L,高温过热,高温过热
alan456/data.xlsx,82,161,406,79,8.9,,,μL/L,μL/L,高温过热,高温过热
alan456/data.xlsx,7.1,76.4,97,17.1,0,,,μL/L,μL/L,高温过热,高温过热
alan456/data.xlsx,21,79,419,13,0,,,μL/L,μL/L,高温过热,高温过热
alan456/data.xlsx,79,256,562,132,0,,,μL/L,μL/L,高温过热,高温过热
alan456/data.xlsx,23,61,153,14,4.4,,,μL/L,μL/L,高温过热,高温过热
alan456/data.xlsx,31,76,137.6,34.5,0,,,μL/L,μL/L,高温过热,高温过热
alan456/data.xlsx,24,42,155,3.6,3.5,,,μL/L,μL/L,高温过热,高温过热
alan456/data.xlsx,7.1,76.4,97,17.1,0,,,μL/L,μL/L,高温过热,高温过热
alan456/data.xlsx,82,161,406,79,8.9,,,μL/L,μL/L,高温过热,高温过热
alan456/data.xlsx,34,60,123,11,6,,,μL/L,μL/L,高温过热,高温过热
alan456/data.xlsx,44,64,221,23.2,0,,,μL/L,μL/L,高温过热,高温过热
alan456/data.xlsx,74,69,133,26,0,,,μL/L,μL/L,高温过热,高温过热
alan456/data.xlsx,23,61,153,14,4.4,,,μL/L,μL/L,高温过热,高温过热
alan456/data.xlsx,79,256,562,132,0,,,μL/L,μL/L,高温过热,高温过热
alan456/data.xlsx,24,42,155,3.6,3.5,,,μL/L,μL/L,高温过热,高温过热
alan456/data.xlsx,31,76,137.6,34.5,0,,,μL/L,μL/L,高温过热,高温过热
alan456/data.xlsx,16,237,470,92,0,,,μL/L,μL/L,高温过热,高温过热
alan456/data.xlsx,180,830,1800,380,24,,,μL/L,μL/L,高温过热,高温过热
alan456/data.xlsx,45,46,99,13,0.6,,,μL/L,μL/L,高温过热,高温过热
alan456/data.xlsx,15,92,600,166,16,,,μL/L,μL/L,高温过热,高温过热
alan456/data.xlsx,360,1050,1300,200,23,,,μL/L,μL/L,高温过热,高温过热
alan456/data.xlsx,28,145.7,436,113,0,,,μL/L,μL/L,高温过热,高温过热
alan456/data.xlsx,78,201.8,3216,275,16,,,μL/L,μL/L,高温过热,高温过热
alan456/data.xlsx,53,137,523,115,6.5,,,μL/L,μL/L,高温过热,高温过热
alan456/data.xlsx,79,27,45,6.8,2.3,,,μL/L,μL/L,高温过热,高温过热
alan456/data.xlsx,112,23.66,43.66,8.36,1.18,,,μL/L,μL/L,高温过热,高温过热
alan456/data.xlsx,1430,6632,5506,1779,7,,,μL/L,μL/L,高温过热,高温过热
alan456/data.xlsx,6.7,10,71,11,3.9,,,μL/L,μL/L,高温过热,高温过热
alan456/data.xlsx,766,993,665,116,4,,,μL/L,μL/L,高温过热,高温过热
alan456/data.xlsx,124,115,190,40,2,,,μL/L,μL/L,高温过热,高温过热
alan456/data.xlsx,89,10,18,3,0,,,μL/L,μL/L,高温过热,高温过热
alan456/data.xlsx,103,146,284,31,4,,,μL/L,μL/L,高温过热,高温过热
alan456/data.xlsx,205,1270,1470,300,12.8,,,μL/L,μL/L,高温过热,高温过热
alan456/data.xlsx,15,125,574,28.7,7,,,μL/L,μL/L,高温过热,高温过热
alan456/data.xlsx,39,1660,2800,890,0,,,μL/L,μL/L,高温过热,高温过热
alan456/data.xlsx,61.8,277,263,75,6.9,,,μL/L,μL/L,高温过热,高温过热
alan456/data.xlsx,43,445.9,303.3,64.9,5.1,,,μL/L,μL/L,高温过热,高温过热
alan456/data.xlsx,56.2,381,980,193,11.9,,,μL/L,μL/L,高温过热,高温过热
alan456/data.xlsx,35.7,1600,3200,550,30.5,,,μL/L,μL/L,高温过热,高温过热
alan456/data.xlsx,570,740,890,170,9.1,,,μL/L,μL/L,高温过热,高温过热
alan456/data.xlsx,83,44,470,75,4.7,,,μL/L,μL/L,高温过热,高温过热
alan456/data.xlsx,64,19,29,3,0.5,,,μL/L,μL/L,高温过热,高温过热
alan456/data.xlsx,304,433.6,2270,160.6,13.8,,,μL/L,μL/L,高温过热,高温过热
alan456/data.xlsx,32,158,630,111,12,,,μL/L,μL/L,高温过热,高温过热
alan456/data.xlsx,71,98,84,16,3.4,,,μL/L,μL/L,高温过热,高温过热
alan456/data.xlsx,64,250,846,146,23,,,μL/L,μL/L,高温过热,高温过热
alan456/data.xlsx,430,2300,1960,470,0,,,μL/L,μL/L,高温过热,高温过热
alan456/data.xlsx,31,44,208,46,2.5,,,μL/L,μL/L,高温过热,高温过热
alan456/data.xlsx,349,4716,6805,60,0.5,,,μL/L,μL/L,高温过热,高温过热
alan456/data.xlsx,56,286,928,96,7.2,,,μL/L,μL/L,高温过热,高温过热
alan456/data.xlsx,116,833,1340,160,50.4,,,μL/L,μL/L,高温过热,高温过热
alan456/data.xlsx,1080,672,920,232,0.5,,,μL/L,μL/L,高温过热,高温过热
alan456/data.xlsx,41.8,97,600,157,0.5,,,μL/L,μL/L,高温过热,高温过热
alan456/data.xlsx,117,274,278,54,2.9,,,μL/L,μL/L,高温过热,高温过热
alan456/data.xlsx,318,114,386,52,33,,,μL/L,μL/L,高温过热,高温过热
alan456/data.xlsx,304,1487,5314,695,51,,,μL/L,μL/L,高温过热,高温过热
alan456/data.xlsx,140.33,193.62,426.52,82.13,26.98,,,μL/L,μL/L,高温过热,高温过热
alan456/data.xlsx,365,1206.4,1658.6,354.4,1.1,,,μL/L,μL/L,高温过热,高温过热
alan456/data.xlsx,14,29,178,18,0,,,μL/L,μL/L,高温过热,高温过热
alan456/data.xlsx,60.43,101.65,308.85,32.34,1.32,,,μL/L,μL/L,高温过热,高温过热
alan456/data.xlsx,97,139,501,28,3.6,,,μL/L,μL/L,高温过热,高温过热
alan456/data.xlsx,1481.6,1507.1,3971,281.9,149.5,,,μL/L,μL/L,高温过热,高温过热
alan456/data.xlsx,16,23,81,13,0.7,,,μL/L,μL/L,高温过热,高温过热
alan456/data.xlsx,156,137,360,47,2,,,μL/L,μL/L,高温过热,高温过热
alan456/data.xlsx,34.5,33.3,91.2,6.1,1.08,,,μL/L,μL/L,高温过热,高温过热
alan456/data.xlsx,105,67.7,175.5,40.6,1.5,,,μL/L,μL/L,高温过热,高温过热
alan456/data.xlsx,76.51,96.42,155.28,23.48,0,,,μL/L,μL/L,高温过热,高温过热
alan456/data.xlsx,115.9,75.8,205.5,26.8,14.7,,,μL/L,μL/L,高温过热,高温过热
alan456/data.xlsx,810,283,1057,138,14.2,,,μL/L,μL/L,高温过热,高温过热
alan456/data.xlsx,791,390,560,169,12,,,μL/L,μL/L,高温过热,高温过热
alan456/data.xlsx,56,99.9,248.8,51.4,2.3,,,μL/L,μL/L,高温过热,高温过热
alan456/data.xlsx,141.7,1317.7,2368.4,331.6,31.3,,,μL/L,μL/L,高温过热,高温过热
alan456/data.xlsx,27.4,63.2,137.8,32.7,0.52,,,μL/L,μL/L,高温过热,高温过热
alan456/data.xlsx,207,416,1345,347,20,,,μL/L,μL/L,高温过热,高温过热
alan456/data.xlsx,236,410,817,159,3.5,,,μL/L,μL/L,高温过热,高温过热
alan456/data.xlsx,213,344,1103,71,20,,,μL/L,μL/L,高温过热,高温过热
alan456/data.xlsx,720,1000,2500,310,230,,,μL/L,μL/L,高温过热,高温过热
alan456/data.xlsx,36.2,12.6,15.5,4.4,0,,,μL/L,μL/L,高温过热,高温过热
alan456/data.xlsx,140,240,410,85,1.1,,,μL/L,μL/L,高温过热,高温过热
alan456/data.xlsx,4,2,24,1,0,,,μL/L,μL/L,高温过热,高温过热
alan456/data.xlsx,32,158,630,111,12,,,μL/L,μL/L,高温过热,高温过热
alan456/data.xlsx,63,196,984,119,13,,,μL/L,μL/L,高温过热,高温过热
alan456/data.xlsx,86,10,92,18,7.4,,,μL/L,μL/L,高温过热,高温过热
alan456/data.xlsx,89,120,95,19,6.7,,,μL/L,μL/L,高温过热,高温过热
alan456/data.xlsx,10,1,2,1,0,,,μL/L,μL/L,高温过热,高温过热
alan456/data.xlsx,128,102,314,39,14,,,μL/L,μL/L,高温过热,高温过热
alan456/data.xlsx,318,114,386,52,33,,,μL/L,μL/L,高温过热,高温过热
alan456/data.xlsx,14.9,13.4,57.2,6.4,2.2,,,μL/L,μL/L,高温过热,高温过热
alan456/data.xlsx,86.3,188.1,397.6,71.4,2.6,,,μL/L,μL/L,高温过热,高温过热
alan456/data.xlsx,4,6.3,18.8,3.9,0.8,,,μL/L,μL/L,高温过热,高温过热
alan456/data.xlsx,47,72,118.8,26.5,1.4,,,μL/L,μL/L,高温过热,高温过热
alan456/data.xlsx,86.4,131.4,182.8,44.7,1.4,,,μL/L,μL/L,高温过热,高温过热
alan456/data.xlsx,91,154.3,254,54,0.9,,,μL/L,μL/L,高温过热,高温过热
alan456/data.xlsx,149,367.1,574.1,101.6,1.6,,,μL/L,μL/L,高温过热,高温过热
alan456/data.xlsx,266.6,746.5,1073,209.4,1.5,,,μL/L,μL/L,高温过热,高温过热
alan456/data.xlsx,365,1206.4,1658.6,354.4,1.1,,,μL/L,μL/L,高温过热,高温过热
alan456/data.xlsx,9880,1502,638,189,6.4,,,μL/L,μL/L,高温过热,高温过热
alan456/data.xlsx,19.13,28.61,40.51,3.49,0,,,μL/L,μL/L,高温过热,高温过热
alan456/data.xlsx,76.51,96.42,155.28,23.48,0,,,μL/L,μL/L,高温过热,高温过热
alan456/data.xlsx,95.42,108.13,193.42,29.2,0,,,μL/L,μL/L,高温过热,高温过热
alan456/data.xlsx,34.1,51.8,134.88,20.7,0,,,μL/L,μL/L,高温过热,高温过热
alan456/data.xlsx,810,283,1057,138,14.2,,,μL/L,μL/L,高温过热,高温过热
alan456/data.xlsx,275,508,1200,133,2.5,,,μL/L,μL/L,高温过热,高温过热
alan456/data.xlsx,268,562,916,129,15.6,,,μL/L,μL/L,高温过热,高温过热
alan456/data.xlsx,68,105,235,25,0.5,,,μL/L,μL/L,高温过热,高温过热
alan456/data.xlsx,48.4,17.5,42.81,6.3,0.39,,,μL/L,μL/L,高温过热,高温过热
alan456/data.xlsx,93,33,60,11,0.32,,,μL/L,μL/L,高温过热,高温过热
alan456/data.xlsx,791,390,560,169,12,,,μL/L,μL/L,高温过热,高温过热
alan456/data.xlsx,56,99.9,248.8,51.4,2.3,,,μL/L,μL/L,高温过热,高温过热
alan456/data.xlsx,50.9,122.9,696.5,105.1,1,,,μL/L,μL/L,高温过热,高温过热
alan456/data.xlsx,29.9,24.1,151.7,34.3,0.6,,,μL/L,μL/L,高温过热,高温过热
alan456/data.xlsx,34.9,60.8,418.8,68,1.4,,,μL/L,μL/L,高温过热,高温过热
alan456/data.xlsx,148,239,1234,113,4,,,μL/L,μL/L,高温过热,高温过热
alan456/data.xlsx,25.1,411.91,1832.8,320.9,18.4,,,μL/L,μL/L,高温过热,高温过热
alan456/data.xlsx,141.7,1317.7,2368.4,331.6,31.3,,,μL/L,μL/L,高温过热,高温过热
alan456/data.xlsx,95,130,220,55,1.2,,,μL/L,μL/L,高温过热,高温过热
alan456/data.xlsx,135,230,420,83,1.4,,,μL/L,μL/L,高温过热,高温过热
alan456/data.xlsx,116.33,183.46,386.88,69.67,1.47,,,μL/L,μL/L,高温过热,高温过热
alan456/data.xlsx,186.76,249.83,467.24,104.46,3.61,,,μL/L,μL/L,高温过热,高温过热
alan456/data.xlsx,73,118.55,73.29,20.91,0.22,,,μL/L,μL/L,高温过热,高温过热
alan456/data.xlsx,225.3,303.5,376.3,100.1,0.78,,,μL/L,μL/L,高温过热,高温过热
alan456/data.xlsx,416.3,514.8,670.5,189.8,0.76,,,μL/L,μL/L,高温过热,高温过热
alan456/data.xlsx,231.4,357.6,467.1,138.9,0.45,,,μL/L,μL/L,高温过热,高温过热
alan456/data.xlsx,67.9,260.5,375,30.1,35.3,,,μL/L,μL/L,高温过热,高温过热
alan456/data.xlsx,147.3,282.5,366.3,31.8,34.3,,,μL/L,μL/L,高温过热,高温过热
alan456/data.xlsx,158.4,320.7,510.9,39.7,47,,,μL/L,μL/L,高温过热,高温过热
alan456/data.xlsx,14.6,98,204.7,42.2,0,,,μL/L,μL/L,高温过热,高温过热
alan456/data.xlsx,32.98,60.11,109.07,19.11,0.65,,,μL/L,μL/L,高温过热,高温过热
alan456/data.xlsx,83.08,160.72,262.04,45,1.35,,,μL/L,μL/L,高温过热,高温过热
alan456/data.xlsx,90.41,180.99,306.66,54.54,1.61,,,μL/L,μL/L,高温过热,高温过热
alan456/data.xlsx,51,131,204,49,0,,,μL/L,μL/L,高温过热,高温过热
alan456/data.xlsx,96.7,165.5,256.3,48.6,0.42,,,μL/L,μL/L,高温过热,高温过热
alan456/data.xlsx,149.6,194,378.8,84.9,0.77,,,μL/L,μL/L,高温过热,高温过热
alan456/data.xlsx,349.6,763.8,1969.7,260.9,0,,,μL/L,μL/L,高温过热,高温过热
alan456/data.xlsx,75,28.8,80.9,7,4.8,,,μL/L,μL/L,高温过热,高温过热
alan456/data.xlsx,64,53.6,205.8,15.8,5.1,,,μL/L,μL/L,高温过热,高温过热
alan456/data.xlsx,453,59.4,32.4,2.8,0,,,μL/L,μL/L,高温过热,高温过热
alan456/data.xlsx,9.4,35.1,50.2,7.6,0.92,,,μL/L,μL/L,高温过热,高温过热
alan456/data.xlsx,27.2,32.8,36.4,8.6,2,,,μL/L,μL/L,高温过热,高温过热
alan456/data.xlsx,19.24,110.81,181.08,3.38,4.33,,,μL/L,μL/L,高温过热,高温过热
alan456/data.xlsx,24.46,199.74,320.16,72.73,0.97,,,μL/L,μL/L,高温过热,高温过热
alan456/data.xlsx,33.79,304.33,465.49,97.2,1.23,,,μL/L,μL/L,高温过热,高温过热
alan456/data.xlsx,37.48,53.33,84.75,20.17,0,,,μL/L,μL/L,高温过热,高温过热
alan456/data.xlsx,58.54,116.04,175.74,34.12,0.72,,,μL/L,μL/L,高温过热,高温过热
alan456/data.xlsx,14.42,44.83,72.63,3.26,0,,,μL/L,μL/L,高温过热,高温过热
alan456/data.xlsx,36.74,68.96,101.95,26.45,0.33,,,μL/L,μL/L,高温过热,高温过热
alan456/data.xlsx,36,60.5,75.3,16.6,0,,,μL/L,μL/L,高温过热,高温过热
alan456/data.xlsx,68.7,118.7,166.7,31,0.4,,,μL/L,μL/L,高温过热,高温过热
alan456/data.xlsx,359,378,664,92,3,,,μL/L,μL/L,高温过热,高温过热
alan456/data.xlsx,529,796,1384,247,7.3,,,μL/L,μL/L,高温过热,高温过热
alan456/data.xlsx,618,925,1588,289,7.4,,,μL/L,μL/L,高温过热,高温过热
alan456/data.xlsx,228.21,312.28,554.26,72.85,10.21,,,μL/L,μL/L,高温过热,高温过热
alan456/data.xlsx,17,67,197,40,0,,,μL/L,μL/L,高温过热,高温过热
alan456/data.xlsx,32,11.6,39.6,5,3.6,,,μL/L,μL/L,高温过热,高温过热
alan456/data.xlsx,21.8,22,67.6,5.6,6.7,,,μL/L,μL/L,高温过热,高温过热
alan456/data.xlsx,23,698.5,6684,1112.2,42.4,,,μL/L,μL/L,高温过热,高温过热
alan456/data.xlsx,27,51.6,112,21.5,1.2,,,μL/L,μL/L,高温过热,高温过热
alan456/data.xlsx,221,440,610.5,94.6,3.7,,,μL/L,μL/L,高温过热,高温过热
alan456/data.xlsx,226.9,373.4,391.7,68.3,1.8,,,μL/L,μL/L,高温过热,高温过热
alan456/data.xlsx,43.9,34.2,65.8,9.3,0.8,,,μL/L,μL/L,高温过热,高温过热
alan456/data.xlsx,28.1,53.6,102.4,13.7,0,,,μL/L,μL/L,高温过热,高温过热
alan456/data.xlsx,21,124,183,45,5,,,μL/L,μL/L,高温过热,高温过热
alan456/data.xlsx,23.7,48.2,89.2,15.2,0,,,μL/L,μL/L,高温过热,高温过热
alan456/data.xlsx,32.5,122.7,217.2,17.3,0,,,μL/L,μL/L,高温过热,高温过热
alan456/data.xlsx,40.2,100.5,253.5,26.3,3.8,,,μL/L,μL/L,高温过热,高温过热
alan456/data.xlsx,87.9,60.6,420.1,38.8,7.9,,,μL/L,μL/L,高温过热,高温过热
alan456/data.xlsx,94,190,390,42,1,,,μL/L,μL/L,高温过热,高温过热
alan456/data.xlsx,99.1,181.7,539.7,75.2,0,,,μL/L,μL/L,高温过热,高温过热
alan456/data.xlsx,248.7,145.2,343.2,50.8,0,,,μL/L,μL/L,高温过热,高温过热
alan456/data.xlsx,56.9,138.6,361.1,71.1,0,,,μL/L,μL/L,高温过热,高温过热
alan456/data.xlsx,37.8,348.9,786.2,118.3,0,,,μL/L,μL/L,高温过热,高温过热
alan456/data.xlsx,24.85,410.53,907.42,149.72,0,,,μL/L,μL/L,高温过热,高温过热
alan456/data.xlsx,52.68,494.3,1007.08,163,1.59,,,μL/L,μL/L,高温过热,高温过热
alan456/data.xlsx,69.27,192,291,96.94,0.3,,,μL/L,μL/L,高温过热,高温过热
alan456/data.xlsx,61,22,104,3.8,10.4,,,μL/L,μL/L,高温过热,高温过热
alan456/data.xlsx,26.4,49.8,78.6,13.9,1,,,μL/L,μL/L,高温过热,高温过热
alan456/data.xlsx,33,60,124,22,2.6,,,μL/L,μL/L,高温过热,高温过热
alan456/data.xlsx,83.4,37.2,112.8,11.7,0,,,μL/L,μL/L,高温过热,高温过热
alan456/data.xlsx,2213,3920,6894,782,68.7,,,μL/L,μL/L,高温过热,高温过热
alan456/data.xlsx,30,62,460,60,3.4,,,μL/L,μL/L,高温过热,高温过热
alan456/data.xlsx,352,625,1951,112,132,,,μL/L,μL/L,高温过热,高温过热
alan456/data.xlsx,50,90,260,18,5.9,,,μL/L,μL/L,高温过热,高温过热
alan456/data.xlsx,48,230,810,160,7,,,μL/L,μL/L,高温过热,高温过热
alan456/data.xlsx,81,130,230,74,2.9,,,μL/L,μL/L,高温过热,高温过热
alan456/data.xlsx,130,440,730,180,0,,,μL/L,μL/L,高温过热,高温过热
alan456/data.xlsx,170,330,430,77,13,,,μL/L,μL/L,高温过热,高温过热
alan456/data.xlsx,90,160,330,54,29,,,μL/L,μL/L,高温过热,高温过热
alan456/data.xlsx,170,320,520,53,3.2,,,μL/L,μL/L,高温过热,高温过热
alan456/data.xlsx,171,319,1297,178,8.1,,,μL/L,μL/L,高温过热,高温过热
alan456/data.xlsx,77,406,819,59,0,,,μL/L,μL/L,高温过热,高温过热
alan456/data.xlsx,679,2779,7026,607,26,,,μL/L,μL/L,高温过热,高温过热
alan456/data.xlsx,438,2225,4649,725,24,,,μL/L,μL/L,高温过热,高温过热
alan456/data.xlsx,11,88,250,83,8.5,,,μL/L,μL/L,高温过热,高温过热
alan456/data.xlsx,220,340,480,42,14,,,μL/L,μL/L,高温过热,高温过热
alan456/data.xlsx,2406,778,1464,182,7.4,,,μL/L,μL/L,高温过热,高温过热
alan456/data.xlsx,380,190,280,30,22,,,μL/L,μL/L,高温过热,高温过热
alan456/data.xlsx,60.1,114.9,342.1,37.15,3.75,,,μL/L,μL/L,高温过热,高温过热
alan456/data.xlsx,19,49,100,9.5,0,,,μL/L,μL/L,高温过热,高温过热
alan456/data.xlsx,52,79,210,19,0,,,μL/L,μL/L,高温过热,高温过热
alan456/data.xlsx,11,29,90,19,0,,,μL/L,μL/L,高温过热,高温过热
alan456/data.xlsx,160,440,870,150,0.6,,,μL/L,μL/L,高温过热,高温过热
alan456/data.xlsx,350,1000,1800,330,3.2,,,μL/L,μL/L,高温过热,高温过热
alan456/data.xlsx,39,620,1000,240,0.7,,,μL/L,μL/L,高温过热,高温过热
alan456/data.xlsx,93,830,1300,340,0.4,,,μL/L,μL/L,高温过热,高温过热
alan456/data.xlsx,73,110,190,41,0,,,μL/L,μL/L,高温过热,高温过热
alan456/data.xlsx,140,340,580,120,1.1,,,μL/L,μL/L,高温过热,高温过热
alan456/data.xlsx,460,520,1400,350,3.8,,,μL/L,μL/L,高温过热,高温过热
alan456/data.xlsx,9.3,11.9,46.7,4.6,0,,,μL/L,μL/L,高温过热,高温过热
alan456/data.xlsx,18.3,61.6,90.2,13.2,0,,,μL/L,μL/L,高温过热,高温过热
alan456/data.xlsx,122,155.7,366.8,27.1,23.2,,,μL/L,μL/L,高温过热,高温过热
alan456/data.xlsx,30.9,38.15,54.66,11.39,0.39,,,μL/L,μL/L,高温过热,高温过热
alan456/data.xlsx,13.4,11.29,122.14,6.96,0,,,μL/L,μL/L,高温过热,高温过热
alan456/data.xlsx,64.64,54.21,99.79,14.38,0,,,μL/L,μL/L,高温过热,高温过热
alan456/data.xlsx,53.87,91.14,181.64,28.19,0,,,μL/L,μL/L,高温过热,高温过热
alan456/data.xlsx,43.6,104.2,177.6,36.9,0,,,μL/L,μL/L,高温过热,高温过热
alan456/data.xlsx,173.5,749.3,2675,345.5,0,,,μL/L,μL/L,高温过热,高温过热
alan456/data.xlsx,166.1,1050.9,2940.6,422.8,0,,,μL/L,μL/L,高温过热,高温过热
alan456/data.xlsx,0.21,0.7512,1.2735,0.1578,0,,,μL/L,μL/L,高温过热,高温过热
alan456/data.xlsx,571,2394.6,3186.9,327.1,53.89,,,μL/L,μL/L,高温过热,高温过热
alan456/data.xlsx,135.6,278.5,492.1,58.8,2.95,,,μL/L,μL/L,高温过热,高温过热
alan456/data.xlsx,0.02,0.0109,0.0559,0.0073,0,,,μL/L,μL/L,高温过热,高温过热
alan456/data.xlsx,17.8,7.4,52.3,4.8,0,,,μL/L,μL/L,高温过热,高温过热
alan456/data.xlsx,20.3,7.9,49.6,1.6,0,,,μL/L,μL/L,高温过热,高温过热
alan456/data.xlsx,16.2,220,486,50,10.6,,,μL/L,μL/L,高温过热,高温过热
alan456/data.xlsx,18.2,103.9,358.6,54.7,4.4,,,μL/L,μL/L,高温过热,高温过热
alan456/data.xlsx,122.5,260,688,114.3,17.2,,,μL/L,μL/L,高温过热,高温过热
alan456/data.xlsx,87.79,184.98,332.49,81.88,0,,,μL/L,μL/L,高温过热,高温过热
alan456/data.xlsx,128.19,383.88,627.65,191.32,0,,,μL/L,μL/L,高温过热,高温过热
alan456/data.xlsx,5.15,14.47,26.03,6.82,0,,,μL/L,μL/L,高温过热,高温过热
alan456/data.xlsx,29.27,88.88,140,46.51,0,,,μL/L,μL/L,高温过热,高温过热
alan456/data.xlsx,14,224,804,199,0,,,μL/L,μL/L,高温过热,高温过热
alan456/data.xlsx,62.81,215.85,947.2,160.9,12.3,,,μL/L,μL/L,高温过热,高温过热
alan456/data.xlsx,228.21,312.28,554.26,72.85,10.21,,,μL/L,μL/L,高温过热,高温过热
alan456/data.xlsx,15.75,124.6,312.59,37.84,16.32,,,μL/L,μL/L,高温过热,高温过热
alan456/data.xlsx,36.29,222.62,503.97,48.97,20.24,,,μL/L,μL/L,高温过热,高温过热
alan456/data.xlsx,9.44,70.74,187.42,33.56,2.53,,,μL/L,μL/L,高温过热,高温过热
alan456/data.xlsx,11.97,212.83,805.18,144.26,19.19,,,μL/L,μL/L,高温过热,高温过热
alan456/data.xlsx,46.6,23.24,20.29,4.37,54.09,,,μL/L,μL/L,低能放电,低能放电
alan456/data.xlsx,87.6,44.54,88.8,6.56,204.32,,,μL/L,μL/L,低能放电,低能放电
alan456/data.xlsx,18.78,8.33,20.19,0.93,56.77,,,μL/L,μL/L,低能放电,低能放电
alan456/data.xlsx,63.6,44.3,30.3,10.2,10.7,,,μL/L,μL/L,低能放电,低能放电
alan456/data.xlsx,100,22,26,1.6,33,,,μL/L,μL/L,低能放电,低能放电
alan456/data.xlsx,247.5,67.69,84.38,8.52,79.66,,,μL/L,μL/L,低能放电,低能放电
alan456/data.xlsx,44,18,23,4,12.4,,,μL/L,μL/L,低能放电,低能放电
alan456/data.xlsx,442,85,103,10,174,,,μL/L,μL/L,低能放电,低能放电
alan456/data.xlsx,106,24,28,4,37,,,μL/L,μL/L,低能放电,低能放电
alan456/data.xlsx,36,17,13,4,5.4,,,μL/L,μL/L,低能放电,低能放电
alan456/data.xlsx,162,35,30,5.6,44,,,μL/L,μL/L,低能放电,低能放电
alan456/data.xlsx,18,3,3.4,1,4.3,,,μL/L,μL/L,低能放电,低能放电
alan456/data.xlsx,150,27,63,3.6,90,,,μL/L,μL/L,低能放电,低能放电
alan456/data.xlsx,69,36,51,21,11.3,,,μL/L,μL/L,低能放电,低能放电
alan456/data.xlsx,9.6,4.6,2.2,1,2.2,,,μL/L,μL/L,低能放电,低能放电
alan456/data.xlsx,60.1,20,9.5,5.5,9.1,,,μL/L,μL/L,低能放电,低能放电
alan456/data.xlsx,335,67,143,18,170,,,μL/L,μL/L,低能放电,低能放电
alan456/data.xlsx,2.2,2,3.4,0.58,1.37,,,μL/L,μL/L,低能放电,低能放电
alan456/data.xlsx,42,5.4,6,0.85,6.55,,,μL/L,μL/L,低能放电,低能放电
alan456/data.xlsx,395,95,179,10,74,,,μL/L,μL/L,低能放电,低能放电
alan456/data.xlsx,75,32,23,7.5,3.4,,,μL/L,μL/L,低能放电,低能放电
alan456/data.xlsx,290,110,47,6.8,90,,,μL/L,μL/L,低能放电,低能放电
alan456/data.xlsx,55,48,71,6,13,,,μL/L,μL/L,低能放电,低能放电
alan456/data.xlsx,42.4,9.3,28.9,2.9,8.2,,,μL/L,μL/L,低能放电,低能放电
alan456/data.xlsx,48.3,6.1,9.2,1.7,20.8,,,μL/L,μL/L,低能放电,低能放电
alan456/data.xlsx,376,24,25.6,22,67.2,,,μL/L,μL/L,低能放电,低能放电
alan456/data.xlsx,24.92,22.24,12.3,7.49,26.51,,,μL/L,μL/L,低能放电,低能放电
alan456/data.xlsx,236,48.93,47.48,13.3,88.33,,,μL/L,μL/L,低能放电,低能放电
alan456/data.xlsx,435.8,70.02,51.36,23.06,57.96,,,μL/L,μL/L,低能放电,低能放电
alan456/data.xlsx,34.46,21.92,44.96,3.19,19.62,,,μL/L,μL/L,低能放电,低能放电
alan456/data.xlsx,138.8,52.2,62.8,6.77,9.55,,,μL/L,μL/L,低能放电,低能放电
alan456/data.xlsx,220,9.2,2.3,2.4,0.2,,,μL/L,μL/L,低能放电,低能放电
alan456/data.xlsx,380,9.7,2.4,3.1,0.5,,,μL/L,μL/L,低能放电,低能放电
alan456/data.xlsx,380,9.7,2.4,3.1,0.5,,,μL/L,μL/L,低能放电,低能放电
alan456/data.xlsx,9,8.4,30,3.7,5,,,μL/L,μL/L,低能放电,低能放电
alan456/data.xlsx,220,9.2,2.3,2.4,0.2,,,μL/L,μL/L,低能放电,低能放电
alan456/data.xlsx,29,8.08,3.77,1.21,4.21,,,μL/L,μL/L,低能放电,低能放电
alan456/data.xlsx,80,66,177,18,510,,,μL/L,μL/L,低能放电,低能放电
alan456/data.xlsx,4444,65.9,884.6,28.4,373.7,,,μL/L,μL/L,低能放电,低能放电
alan456/data.xlsx,46.56,23.24,20.29,4.37,54.09,,,μL/L,μL/L,低能放电,低能放电
alan456/data.xlsx,12.97,5.98,15.23,1.39,16.1,,,μL/L,μL/L,低能放电,低能放电
alan456/data.xlsx,127,107,154,11,224,,,μL/L,μL/L,低能放电,低能放电
alan456/data.xlsx,102.7,16.1,26.9,1.4,26.5,,,μL/L,μL/L,低能放电,低能放电
alan456/data.xlsx,288.3,224.4,519.4,31,888.3,,,μL/L,μL/L,低能放电,低能放电
alan456/data.xlsx,52.2,26.8,972.6,115.8,355.3,,,μL/L,μL/L,低能放电,低能放电
alan456/data.xlsx,110,51,33,4,57,,,μL/L,μL/L,低能放电,低能放电
alan456/data.xlsx,7500,6.8,8,3.3,6.9,,,μL/L,μL/L,低能放电,低能放电
alan456/data.xlsx,980,570,480,37,340,,,μL/L,μL/L,低能放电,低能放电
alan456/data.xlsx,420,200,230,14,180,,,μL/L,μL/L,低能放电,低能放电
alan456/data.xlsx,80,20,37,6,62,,,μL/L,μL/L,低能放电,低能放电
alan456/data.xlsx,190,24,17,7,47,,,μL/L,μL/L,低能放电,低能放电
alan456/data.xlsx,49567,532,97,0,285,,,μL/L,μL/L,低能放电,低能放电
alan456/data.xlsx,74,19,29,8,58,,,μL/L,μL/L,低能放电,低能放电
alan456/data.xlsx,176,133,216,14,396,,,μL/L,μL/L,低能放电,低能放电
alan456/data.xlsx,116,20,27,7,54,,,μL/L,μL/L,低能放电,低能放电
alan456/data.xlsx,156,36,69,3,26,,,μL/L,μL/L,低能放电,低能放电
alan456/data.xlsx,34.46,21.92,44.96,3.19,19.62,,,μL/L,μL/L,低能放电,低能放电
alan456/data.xlsx,138.8,52.2,62.8,6.77,9.55,,,μL/L,μL/L,低能放电,低能放电
alan456/data.xlsx,160,90,17,27,5,,,μL/L,μL/L,低能放电,低能放电
alan456/data.xlsx,470,38,51,16,39,,,μL/L,μL/L,低能放电,低能放电
alan456/data.xlsx,692,605,1437,78,2833,,,μL/L,μL/L,低能放电,低能放电
alan456/data.xlsx,470,38,51,16,51,,,μL/L,μL/L,低能放电,低能放电
alan456/data.xlsx,156,0.5,54,0.5,121,,,μL/L,μL/L,低能放电,低能放电
alan456/data.xlsx,52,12,10,13,13,,,μL/L,μL/L,低能放电,低能放电
alan456/data.xlsx,93,17,20,5,31,,,μL/L,μL/L,低能放电,低能放电
alan456/data.xlsx,171.28,25.44,96.18,28.41,21.16,,,μL/L,μL/L,低能放电,低能放电
alan456/data.xlsx,176.17,13.86,13.32,8.14,27.57,,,μL/L,μL/L,低能放电,低能放电
alan456/data.xlsx,197.61,18.66,13.45,14.03,25.56,,,μL/L,μL/L,低能放电,低能放电
alan456/data.xlsx,228.26,24.21,21.81,19.97,48.57,,,μL/L,μL/L,低能放电,低能放电
alan456/data.xlsx,356.27,49.15,188.54,48.98,52.16,,,μL/L,μL/L,低能放电,低能放电
alan456/data.xlsx,90.83,24.08,8.87,5.22,9.07,,,μL/L,μL/L,低能放电,低能放电
alan456/data.xlsx,136.81,33.18,19.3,7.55,39.56,,,μL/L,μL/L,低能放电,低能放电
alan456/data.xlsx,54.7,38.2,53,5.2,56.6,,,μL/L,μL/L,低能放电,低能放电
alan456/data.xlsx,20,3.5,14.2,0,8.8,,,μL/L,μL/L,低能放电,低能放电
alan456/data.xlsx,232,79.6,95.3,12.1,242,,,μL/L,μL/L,低能放电,低能放电
alan456/data.xlsx,20.3,4.6,7.1,0.5,1.9,,,μL/L,μL/L,低能放电,低能放电
alan456/data.xlsx,39.4,6.7,10.5,1.5,4.8,,,μL/L,μL/L,低能放电,低能放电
alan456/data.xlsx,56.9,9.5,12.2,1.6,6.5,,,μL/L,μL/L,低能放电,低能放电
alan456/data.xlsx,23,5.8,3.1,1,3.62,,,μL/L,μL/L,低能放电,低能放电
alan456/data.xlsx,441.2,57.9,86.7,9.5,204.9,,,μL/L,μL/L,低能放电,低能放电
alan456/data.xlsx,32.7,6.9,10.6,0,24.7,,,μL/L,μL/L,低能放电,低能放电
alan456/data.xlsx,349.2,42.4,62.4,4.8,177.5,,,μL/L,μL/L,低能放电,低能放电
alan456/data.xlsx,40.1,34.4,36,7.8,6.6,,,μL/L,μL/L,低能放电,低能放电
alan456/data.xlsx,322.2,123.26,221.72,10.69,316.29,,,μL/L,μL/L,低能放电,低能放电
alan456/data.xlsx,14.9,11.8,1.4,4.2,1.6,,,μL/L,μL/L,低能放电,低能放电
alan456/data.xlsx,288,79,215,0,40,,,μL/L,μL/L,低能放电,低能放电
alan456/data.xlsx,725,241,270,21,70,,,μL/L,μL/L,低能放电,低能放电
alan456/data.xlsx,802,281,385,32,86,,,μL/L,μL/L,低能放电,低能放电
alan456/data.xlsx,271,95,162,22,183,,,μL/L,μL/L,低能放电,低能放电
alan456/data.xlsx,130.4,48.8,93.4,16.3,123.4,,,μL/L,μL/L,低能放电,低能放电
alan456/data.xlsx,13,2.3,0.7,1.4,1.9,,,μL/L,μL/L,低能放电,低能放电
alan456/data.xlsx,40.9,11.9,69.3,4.5,29,,,μL/L,μL/L,低能放电,低能放电
alan456/data.xlsx,33.3,23.3,10.3,12.1,7.6,,,μL/L,μL/L,低能放电,低能放电
alan456/data.xlsx,31.8,25,12.9,8.2,5.7,,,μL/L,μL/L,低能放电,低能放电
alan456/data.xlsx,415,123,273,15,609,,,μL/L,μL/L,低能放电,低能放电
alan456/data.xlsx,67,18,73,13,83,,,μL/L,μL/L,低能放电,低能放电
alan456/data.xlsx,39,21,126,50,27,,,μL/L,μL/L,低能放电,低能放电
alan456/data.xlsx,152,13,8.7,0.4,21,,,μL/L,μL/L,低能放电,低能放电
alan456/data.xlsx,71,16,62,3.3,10,,,μL/L,μL/L,低能放电,低能放电
alan456/data.xlsx,39.3,37.1,77.4,11.6,9.3,,,μL/L,μL/L,低能放电,低能放电
alan456/data.xlsx,17,5.2,2.3,1.4,2.4,,,μL/L,μL/L,低能放电,低能放电
alan456/data.xlsx,103,12,11.1,3.2,19.6,,,μL/L,μL/L,低能放电,低能放电
alan456/data.xlsx,1613,850,1045,64.7,1204,,,μL/L,μL/L,低能放电,低能放电
alan456/data.xlsx,60,40,110,9.9,70,,,μL/L,μL/L,低能放电,低能放电
alan456/data.xlsx,440,176,394,15,350,,,μL/L,μL/L,低能放电,低能放电
alan456/data.xlsx,160,90,17,27,5.8,,,μL/L,μL/L,低能放电,低能放电
alan456/data.xlsx,611.7,247,242.9,27.7,620.6,,,μL/L,μL/L,低能放电,低能放电
alan456/data.xlsx,876,354,548,85,910,,,μL/L,μL/L,低能放电,低能放电
alan456/data.xlsx,508.7,135.3,308.2,22.4,304,,,μL/L,μL/L,低能放电,低能放电
alan456/data.xlsx,260,130,84,29,92,,,μL/L,μL/L,低能放电,低能放电
alan456/data.xlsx,117.4,12.5,11.2,3.8,20.3,,,μL/L,μL/L,低能放电,低能放电
alan456/data.xlsx,186.9,75.6,22.3,38,2.8,,,μL/L,μL/L,低能放电,低能放电
alan456/data.xlsx,42.9,9.5,25,1.8,19.1,,,μL/L,μL/L,低能放电,低能放电
alan456/data.xlsx,37,6.8,0.6,5.7,0.3,,,μL/L,μL/L,低能放电,低能放电
alan456/data.xlsx,12.5,10.3,1.9,2.8,2.7,,,μL/L,μL/L,低能放电,低能放电
alan456/data.xlsx,29.82,10.5,19.1,2.4,24.3,,,μL/L,μL/L,低能放电,低能放电
alan456/data.xlsx,192.04,28.05,38.47,2.7,62.55,,,μL/L,μL/L,低能放电,低能放电
alan456/data.xlsx,120,20,13,4.7,14,,,μL/L,μL/L,低能放电,低能放电
alan456/data.xlsx,260,170,270,35,140,,,μL/L,μL/L,低能放电,低能放电
alan456/data.xlsx,56.2,11.3,30.3,5,11.2,,,μL/L,μL/L,低能放电,低能放电
alan456/data.xlsx,123.8,37.3,76.1,9.5,18.6,,,μL/L,μL/L,低能放电,低能放电
alan456/data.xlsx,12.9,8.5,26.5,0,7.2,,,μL/L,μL/L,低能放电,低能放电
alan456/data.xlsx,626.37,371.94,251.29,11.94,415.18,,,μL/L,μL/L,低能放电,低能放电
alan456/data.xlsx,612,117.44,117.15,14.78,96.68,,,μL/L,μL/L,低能放电,低能放电
alan456/data.xlsx,110.55,66.52,165.85,25.29,71.16,,,μL/L,μL/L,低能放电,低能放电
alan456/data.xlsx,32.8,13.5,29.5,3.7,157,,,μL/L,μL/L,高能放电,高能放电
alan456/data.xlsx,112,15.4,26.3,2.8,92,,,μL/L,μL/L,高能放电,高能放电
alan456/data.xlsx,102,3.9,7.7,0.8,39.2,,,μL/L,μL/L,高能放电,高能放电
alan456/data.xlsx,81,7.3,26.4,6.3,111,,,μL/L,μL/L,高能放电,高能放电
alan456/data.xlsx,334,39.9,5.35,47.8,247.6,,,μL/L,μL/L,高能放电,高能放电
alan456/data.xlsx,5.5,2.7,0,9.6,3.8,,,μL/L,μL/L,高能放电,高能放电
alan456/data.xlsx,15.4,1.64,5.2,0.9,21.6,,,μL/L,μL/L,高能放电,高能放电
alan456/data.xlsx,29,26.3,27,1.8,82.4,,,μL/L,μL/L,高能放电,高能放电
alan456/data.xlsx,24.2,3.2,16.6,3.7,100.6,,,μL/L,μL/L,高能放电,高能放电
alan456/data.xlsx,20,12,56,1.2,274,,,μL/L,μL/L,高能放电,高能放电
alan456/data.xlsx,154.6,50.9,46.8,3.8,152.8,,,μL/L,μL/L,高能放电,高能放电
alan456/data.xlsx,161.2,38.4,35.1,4.4,125.4,,,μL/L,μL/L,高能放电,高能放电
alan456/data.xlsx,120,60,7.6,2.2,370,,,μL/L,μL/L,高能放电,高能放电
alan456/data.xlsx,120,60,7.6,2.2,370,,,μL/L,μL/L,高能放电,高能放电
alan456/data.xlsx,145.28,9.22,5.06,12.64,21.25,,,μL/L,μL/L,高能放电,高能放电
alan456/data.xlsx,292,71.4,4,10.9,209.8,,,μL/L,μL/L,高能放电,高能放电
alan456/data.xlsx,361,29.56,25.69,2.74,197.01,,,μL/L,μL/L,高能放电,高能放电
alan456/data.xlsx,4.3,1,0.3,0.4,3.2,,,μL/L,μL/L,高能放电,高能放电
alan456/data.xlsx,96,39.9,84,13.6,268.3,,,μL/L,μL/L,高能放电,高能放电
alan456/data.xlsx,304,51.4,33,15.9,138.3,,,μL/L,μL/L,高能放电,高能放电
alan456/data.xlsx,1045,147,285,14,1680,,,μL/L,μL/L,高能放电,高能放电
alan456/data.xlsx,173,74,264,10,1071,,,μL/L,μL/L,高能放电,高能放电
alan456/data.xlsx,10081,669,493.9,22.8,3977,,,μL/L,μL/L,高能放电,高能放电
alan456/data.xlsx,200.83,59.45,40.48,0,150.84,,,μL/L,μL/L,高能放电,高能放电
alan456/data.xlsx,1.54,15.74,7.02,1.56,0,,,μL/L,μL/L,正常,正常
alan456/data.xlsx,2.05,7.55,5.48,0.81,0,,,μL/L,μL/L,正常,正常
alan456/data.xlsx,1.77,14.972,12.725,1.45,0,,,μL/L,μL/L,正常,正常
alan456/data.xlsx,1.62,16.772,8.072,1.87,0,,,μL/L,μL/L,正常,正常
alan456/data.xlsx,1.08,8.939,6.788,0.908,0,,,μL/L,μL/L,正常,正常
alan456/data.xlsx,1.21,21.34,14.92,2.03,0,,,μL/L,μL/L,正常,正常
alan456/data.xlsx,1.67,15.232,6.891,1.658,0,,,μL/L,μL/L,正常,正常
alan456/data.xlsx,1.175,8.393,5.124,0.807,0,,,μL/L,μL/L,正常,正常
alan456/data.xlsx,0.937,16.294,10.436,1.275,0,,,μL/L,μL/L,正常,正常
alan456/data.xlsx,1.53,10.638,4.623,1.067,0,,,μL/L,μL/L,正常,正常
alan456/data.xlsx,1.082,9.523,5.469,0.756,0,,,μL/L,μL/L,正常,正常
alan456/data.xlsx,1.46,5.509,2.96,0.634,0,,,μL/L,μL/L,正常,正常
alan456/data.xlsx,1.062,6.981,5.016,0.757,0,,,μL/L,μL/L,正常,正常
alan456/data.xlsx,1.138,10.711,6.701,0.779,0,,,μL/L,μL/L,正常,正常
alan456/data.xlsx,1.51,6.656,3.481,0.8,0,,,μL/L,μL/L,正常,正常
alan456/data.xlsx,1.025,4.763,3.44,0.832,0,,,μL/L,μL/L,正常,正常
alan456/data.xlsx,1.643,14.281,2.188,0.515,0,,,μL/L,μL/L,正常,正常
alan456/data.xlsx,1.171,6.535,4.767,0.257,0,,,μL/L,μL/L,正常,正常
alan456/data.xlsx,1.452,18.23,12.277,1.631,0,,,μL/L,μL/L,正常,正常
alan456/data.xlsx,1.477,13.829,6.424,1.408,0,,,μL/L,μL/L,正常,正常
alan456/data.xlsx,0.704,3.379,2.688,0.366,0,,,μL/L,μL/L,正常,正常
alan456/data.xlsx,1.534,15.171,13.173,0.391,0,,,μL/L,μL/L,正常,正常
alan456/data.xlsx,2.123,7.668,5.12,1.141,0,,,μL/L,μL/L,正常,正常
alan456/data.xlsx,1.534,5.171,3.173,0.391,0,,,μL/L,μL/L,正常,正常
alan456/data.xlsx,1.831,14.605,1.913,0.439,0,,,μL/L,μL/L,正常,正常
alan456/data.xlsx,1.359,9.534,0.928,6.606,0,,,μL/L,μL/L,正常,正常
alan456/data.xlsx,3.015,13.307,2.547,2.547,0,,,μL/L,μL/L,正常,正常
alan456/data.xlsx,1.567,12.384,6.094,1.379,0,,,μL/L,μL/L,正常,正常
alan456/data.xlsx,1.703,11.834,7.37,1.146,0,,,μL/L,μL/L,正常,正常
alan456/data.xlsx,1.477,16.061,1.936,1.429,0,,,μL/L,μL/L,正常,正常
alan456/data.xlsx,1.567,9.603,5.526,1.445,0,,,μL/L,μL/L,正常,正常
alan456/data.xlsx,1.703,10.785,7.297,1.082,0,,,μL/L,μL/L,正常,正常
alan456/data.xlsx,0.654,15.308,11.281,1.336,0,,,μL/L,μL/L,正常,正常
alan456/data.xlsx,2.672,9.131,4.872,1.123,0,,,μL/L,μL/L,正常,正常
alan456/data.xlsx,1.703,9.43,6.53,0.94,0,,,μL/L,μL/L,正常,正常
alan456/data.xlsx,0.654,11.595,9.483,1.165,0,,,μL/L,μL/L,正常,正常
alan456/data.xlsx,1.71,8.092,6.519,0.928,0,,,μL/L,μL/L,正常,正常
alan456/data.xlsx,0.718,12.771,12.2,0.296,0,,,μL/L,μL/L,正常,正常
alan456/data.xlsx,0.591,15.204,10.927,1.309,0,,,μL/L,μL/L,正常,正常
alan456/data.xlsx,1.24,13.609,5.611,5.611,0,,,μL/L,μL/L,正常,正常
alan456/data.xlsx,0.823,12.29,7.26,1.03,0,,,μL/L,μL/L,正常,正常
alan456/data.xlsx,0.591,11.27,10.05,1.16,0,,,μL/L,μL/L,正常,正常
alan456/data.xlsx,1.698,13.609,5.611,5.611,0,,,μL/L,μL/L,正常,正常
alan456/data.xlsx,1.23,13.58,7.59,1.25,0,,,μL/L,μL/L,正常,正常
alan456/data.xlsx,1.6,12.431,7.802,1.323,0,,,μL/L,μL/L,正常,正常
alan456/data.xlsx,1.698,22.448,11.326,2.507,0,,,μL/L,μL/L,正常,正常
alan456/data.xlsx,1.23,11.38,7.3,1,0,,,μL/L,μL/L,正常,正常
alan456/data.xlsx,1.6,17.23,11.65,1.43,0,,,μL/L,μL/L,正常,正常
alan456/data.xlsx,1.698,13.51,6.73,1.37,0,,,μL/L,μL/L,正常,正常
alan456/data.xlsx,1.83,16.71,11.99,1.82,0,,,μL/L,μL/L,正常,正常
alan456/data.xlsx,0.645,8.453,4.734,1.162,0,,,μL/L,μL/L,正常,正常
alan456/data.xlsx,2.334,13.081,8.834,1.526,0,,,μL/L,μL/L,正常,正常
alan456/data.xlsx,2.922,13.032,9.004,4.653,0,,,μL/L,μL/L,正常,正常
alan456/data.xlsx,2.432,13.081,8.834,1.526,0,,,μL/L,μL/L,正常,正常
alan456/data.xlsx,1.72,16.8,11.58,1.49,0,,,μL/L,μL/L,正常,正常
alan456/data.xlsx,0.79,15.89,6.43,1.5,0,,,μL/L,μL/L,正常,正常
alan456/data.xlsx,8.36,12.168,7.828,1.143,0,,,μL/L,μL/L,正常,正常
alan456/data.xlsx,0.989,16.601,12.22,1.492,0,,,μL/L,μL/L,正常,正常
alan456/data.xlsx,1.676,13.533,7.242,1.498,0,,,μL/L,μL/L,正常,正常
alan456/data.xlsx,1.252,10.02,7.655,1.153,0,,,μL/L,μL/L,正常,正常
alan456/data.xlsx,0.988,13.302,8.236,0.974,0,,,μL/L,μL/L,正常,正常
alan456/data.xlsx,2.13,7.73,5.54,1.08,0,,,μL/L,μL/L,正常,正常
alan456/data.xlsx,1.23,7.2,6.08,0.86,0,,,μL/L,μL/L,正常,正常
alan456/data.xlsx,0.984,13.203,10.9,1.413,0,,,μL/L,μL/L,正常,正常
alan456/data.xlsx,1.43,9.83,5.64,1.2,0,,,μL/L,μL/L,正常,正常
alan456/data.xlsx,1.77,13.84,7.62,1.3,0,,,μL/L,μL/L,正常,正常
alan456/data.xlsx,0.976,10.385,10.006,1.172,0,,,μL/L,μL/L,正常,正常
alan456/data.xlsx,0.89,12.17,5.18,1.53,0,,,μL/L,μL/L,正常,正常
alan456/data.xlsx,0.61,12.79,8.77,1.17,0,,,μL/L,μL/L,正常,正常
alan456/data.xlsx,1.93,9.31,5.37,1.14,0,,,μL/L,μL/L,正常,正常
alan456/data.xlsx,1.98,8.29,5.87,0.99,0,,,μL/L,μL/L,正常,正常
alan456/data.xlsx,0.983,10,8.67,1.02,0,,,μL/L,μL/L,正常,正常
alan456/data.xlsx,1.39,11.17,5.19,1.19,0,,,μL/L,μL/L,正常,正常
alan456/data.xlsx,1.85,13.77,8.1,1.17,0,,,μL/L,μL/L,正常,正常
alan456/data.xlsx,1.59,12.06,9.45,1.3,0,,,μL/L,μL/L,正常,正常
alan456/data.xlsx,1.39,10.8,5.13,1.17,0,,,μL/L,μL/L,正常,正常
alan456/data.xlsx,0.99,12.57,7.29,1.42,0,,,μL/L,μL/L,正常,正常
alan456/data.xlsx,1.34,14.75,10.78,1.47,0,,,μL/L,μL/L,正常,正常
alan456/data.xlsx,1.98,12.13,6.07,1.3,0,,,μL/L,μL/L,正常,正常
alan456/data.xlsx,2.16,12.99,8.22,1.14,0,,,μL/L,μL/L,正常,正常
alan456/data.xlsx,1.9,17.93,12.36,1.55,0,,,μL/L,μL/L,正常,正常
alan456/data.xlsx,1.85,14.79,6.21,1.5,0,,,μL/L,μL/L,正常,正常
alan456/data.xlsx,2.05,13.17,9.86,1.38,0,,,μL/L,μL/L,正常,正常
alan456/data.xlsx,1.61,16.57,11.76,1.15,0,,,μL/L,μL/L,正常,正常
alan456/data.xlsx,32,10.7,1.5,1.2,0,,,μL/L,μL/L,正常,正常
alan456/data.xlsx,17,2.9,1.4,0.9,0,,,μL/L,μL/L,正常,正常
alan456/data.xlsx,23,3.2,1.7,0.6,0,,,μL/L,μL/L,正常,正常
alan456/data.xlsx,23,3.2,1.5,0.8,0,,,μL/L,μL/L,正常,正常
alan456/data.xlsx,13,4.2,0.4,0.4,0,,,μL/L,μL/L,正常,正常
alan456/data.xlsx,52,30.9,4.8,3.1,0,,,μL/L,μL/L,正常,正常
alan456/data.xlsx,15.95,14.1,5.03,5.18,0,,,μL/L,μL/L,低温过热,低温过热
alan456/data.xlsx,16.81,14.33,3.94,5.76,0,,,μL/L,μL/L,低温过热,低温过热
alan456/data.xlsx,19.45,17.68,5.15,6.63,0,,,μL/L,μL/L,低温过热,低温过热
alan456/data.xlsx,18.34,14.74,4.25,4.32,0,,,μL/L,μL/L,低温过热,低温过热
alan456/data.xlsx,29.24,28.02,8.47,13.77,0,,,μL/L,μL/L,低温过热,低温过热
alan456/data.xlsx,29.07,20.88,9.46,12.05,0.7,,,μL/L,μL/L,低温过热,低温过热
alan456/data.xlsx,30.42,21.18,9.03,13.17,0.5,,,μL/L,μL/L,低温过热,低温过热
alan456/data.xlsx,15.92,13.04,2.69,5.2,0.37,,,μL/L,μL/L,低温过热,低温过热
alan456/data.xlsx,16.58,13.56,3.24,5.66,0,,,μL/L,μL/L,低温过热,低温过热
alan456/data.xlsx,269.66,638.08,185.16,544.64,0.88,,,μL/L,μL/L,中温过热,中温过热
alan456/data.xlsx,27.73,28.43,8.91,11.21,0,,,μL/L,μL/L,中温过热,中温过热
alan456/data.xlsx,22.2,23.95,8.46,10.38,0,,,μL/L,μL/L,中温过热,中温过热
alan456/data.xlsx,16.99,25.11,9.94,10.9,0.26,,,μL/L,μL/L,中温过热,中温过热
alan456/data.xlsx,20.21,20.54,8.23,10.44,0.59,,,μL/L,μL/L,中温过热,中温过热
alan456/data.xlsx,8.72,12.47,2.12,7.85,0,,,μL/L,μL/L,高温过热,高温过热
alan456/data.xlsx,14.77,14.06,2.05,7.96,0,,,μL/L,μL/L,高温过热,高温过热
alan456/data.xlsx,16.69,30.66,3.1,14.57,0,,,μL/L,μL/L,高温过热,高温过热
alan456/data.xlsx,12.81,12.64,1.9,8.13,0,,,μL/L,μL/L,高温过热,高温过热
alan456/data.xlsx,19.8,21.37,1.8,13.14,0,,,μL/L,μL/L,高温过热,高温过热
alan456/data.xlsx,15.67,17.57,0.6,10.04,0.13,,,μL/L,μL/L,高温过热,高温过热
alan456/data.xlsx,18.27,21.36,1.77,12.09,0,,,μL/L,μL/L,高温过热,高温过热
alan456/data.xlsx,16.41,18.88,1.53,10.86,0,,,μL/L,μL/L,高温过热,高温过热
alan456/data.xlsx,791.4,40.54,3.49,0.92,0,,,μL/L,μL/L,局部放电,局部放电
alan456/data.xlsx,765.5,39.71,4.32,0.92,0,,,μL/L,μL/L,局部放电,局部放电
alan456/data.xlsx,226.37,16.85,1.24,0.55,0,,,μL/L,μL/L,局部放电,局部放电
alan456/data.xlsx,244.83,15.05,1.55,0.55,0,,,μL/L,μL/L,局部放电,局部放电
alan456/data.xlsx,230.6,12.45,0.87,0.39,0,,,μL/L,μL/L,局部放电,局部放电
alan456/data.xlsx,238.59,12.86,0.77,0.44,0,,,μL/L,μL/L,局部放电,局部放电
alan456/data.xlsx,151.02,13.05,1.89,1.44,0,,,μL/L,μL/L,局部放电,局部放电
alan456/data.xlsx,180.97,11.69,1.59,1.13,0,,,μL/L,μL/L,局部放电,局部放电
alan456/data.xlsx,62.51,3.36,0.61,0.5,0,,,μL/L,μL/L,局部放电,局部放电
alan456/data.xlsx,155.29,12.08,2.21,1.76,0,,,μL/L,μL/L,局部放电,局部放电
alan456/data.xlsx,133.41,9.97,1.5,1.31,0,,,μL/L,μL/L,局部放电,局部放电
alan456/data.xlsx,171.13,5.88,1.67,0.5,0,,,μL/L,μL/L,局部放电,局部放电
alan456/data.xlsx,177.82,7.58,1.64,0.54,0,,,μL/L,μL/L,局部放电,局部放电
alan456/data.xlsx,194.55,8.01,1.53,0.32,0,,,μL/L,μL/L,局部放电,局部放电
alan456/data.xlsx,152.46,4.98,0.74,0.29,0,,,μL/L,μL/L,局部放电,局部放电
alan456/data.xlsx,173.27,7.45,1.89,0.42,0,,,μL/L,μL/L,局部放电,局部放电
alan456/data.xlsx,41.66,3.11,1.13,0.64,0,,,μL/L,μL/L,局部放电,局部放电
alan456/data.xlsx,150.62,7.37,1.48,0.86,0,,,μL/L,μL/L,局部放电,局部放电
alan456/data.xlsx,164.85,8.04,3.91,0.98,0,,,μL/L,μL/L,局部放电,局部放电
alan456/data.xlsx,76.19,6.61,0.54,0.36,0,,,μL/L,μL/L,局部放电,局部放电
alan456/data.xlsx,537.04,59.45,6.57,4.79,0,,,μL/L,μL/L,局部放电,局部放电
alan456/data.xlsx,502.1,40.55,4.06,1.64,0,,,μL/L,μL/L,局部放电,局部放电
alan456/data.xlsx,316.65,35.28,3.65,1.71,0,,,μL/L,μL/L,局部放电,局部放电
alan456/data.xlsx,354.43,38.57,3.6,1.67,0,,,μL/L,μL/L,局部放电,局部放电
alan456/data.xlsx,423.18,30.77,3.03,1.46,0,,,μL/L,μL/L,局部放电,局部放电
alan456/data.xlsx,421.22,30.87,2.73,1.36,0,,,μL/L,μL/L,局部放电,局部放电
alan456/data.xlsx,370.93,33.46,3.28,1.61,0,,,μL/L,μL/L,局部放电,局部放电
alan456/data.xlsx,371.47,30.71,3.98,1.55,0,,,μL/L,μL/L,局部放电,局部放电
alan456/data.xlsx,342.91,30.78,2.7,1.52,0,,,μL/L,μL/L,局部放电,局部放电
alan456/data.xlsx,409.5,24.76,2.94,1.76,0,,,μL/L,μL/L,局部放电,局部放电
alan456/data.xlsx,370.22,21.22,2.46,1.52,0,,,μL/L,μL/L,局部放电,局部放电
alan456/data.xlsx,658.56,21.63,2.61,2.27,0,,,μL/L,μL/L,局部放电,局部放电
alan456/data.xlsx,171.95,17.74,2.19,1.7,0,,,μL/L,μL/L,局部放电,局部放电
alan456/data.xlsx,23346.19,4902.07,1738.49,13587.17,15258.89,,,μL/L,μL/L,低能放电,低能放电
alan456/data.xlsx,277.39,74.73,8.31,100.04,205.19,,,μL/L,μL/L,低能放电,低能放电
alan456/data.xlsx,344.27,77.35,8.06,100.45,208.49,,,μL/L,μL/L,低能放电,低能放电
alan456/data.xlsx,74810.28,7139.15,664.83,13471.28,15150.69,,,μL/L,μL/L,低能放电,低能放电
alan456/data.xlsx,467.45,135.68,16.14,203.78,441.2,,,μL/L,μL/L,低能放电,低能放电
alan456/data.xlsx,7775.1,3269.74,146.25,2148.13,5840.55,,,μL/L,μL/L,低能放电,低能放电
alan456/data.xlsx,121,14,3,29,74,,,μL/L,μL/L,高能放电,高能放电
alan456/data.xlsx,207,21.08,4.28,67.34,141.9,,,μL/L,μL/L,高能放电,高能放电
alan456/data.xlsx,300.4,42.14,3.25,43.18,64.71,,,μL/L,μL/L,高能放电,高能放电
alan456/data.xlsx,14.2,18.1,4.82,0.87,0,,,μL/L,μL/L,正常,正常
alan456/data.xlsx,12.4,16.1,4.95,0.85,0,,,μL/L,μL/L,正常,正常
alan456/data.xlsx,13.5,18,4.13,0.77,0,,,μL/L,μL/L,正常,正常
alan456/data.xlsx,13.1,15.6,4.85,0.78,0,,,μL/L,μL/L,正常,正常
alan456/data.xlsx,13.3,17.7,4.48,0.73,0,,,μL/L,μL/L,正常,正常
alan456/data.xlsx,12,15.4,4.57,0.73,0,,,μL/L,μL/L,正常,正常
alan456/data.xlsx,12,16.1,4.95,0.85,0,,,μL/L,μL/L,正常,正常
alan456/data.xlsx,12.2,16.8,4.1,0.75,0,,,μL/L,μL/L,正常,正常
alan456/data.xlsx,12.5,18.5,4.17,0.79,0,,,μL/L,μL/L,正常,正常
alan456/data.xlsx,12.7,16.4,4.12,0.72,0,,,μL/L,μL/L,正常,正常
alan456/data.xlsx,12.8,17,4.31,0.84,0,,,μL/L,μL/L,正常,正常
alan456/data.xlsx,13.8,15.5,4.34,0.81,0,,,μL/L,μL/L,正常,正常
alan456/data.xlsx,11.9,17.6,4.88,0.83,0,,,μL/L,μL/L,正常,正常
alan456/data.xlsx,12.9,16.2,4.31,0.78,0,,,μL/L,μL/L,正常,正常
alan456/data.xlsx,13.8,16.6,4.22,0.81,0,,,μL/L,μL/L,正常,正常
alan456/data.xlsx,12.5,16,4.85,0.73,0,,,μL/L,μL/L,正常,正常
alan456/data.xlsx,11.7,18.6,4.09,0.78,0,,,μL/L,μL/L,正常,正常
alan456/data.xlsx,12.5,18.1,4.95,0.76,0,,,μL/L,μL/L,正常,正常
alan456/data.xlsx,11.8,16.3,4.32,0.77,0,,,μL/L,μL/L,正常,正常
alan456/data.xlsx,12.9,15.6,4.82,0.84,0,,,μL/L,μL/L,正常,正常
alan456/data.xlsx,13,18.2,4.17,0.76,0,,,μL/L,μL/L,正常,正常
alan456/data.xlsx,12.1,16.1,4.86,0.86,0,,,μL/L,μL/L,正常,正常
alan456/data.xlsx,12,17.4,4.18,0.81,0,,,μL/L,μL/L,正常,正常
alan456/data.xlsx,13.3,17.8,4.19,0.83,0,,,μL/L,μL/L,正常,正常
alan456/data.xlsx,13.8,16.3,4.3,0.78,0,,,μL/L,μL/L,正常,正常
alan456/data.xlsx,13.1,17.2,4.53,0.87,0,,,μL/L,μL/L,正常,正常
alan456/data.xlsx,13.4,17.1,4.34,0.88,0,,,μL/L,μL/L,正常,正常
alan456/data.xlsx,12.4,16,4.67,0.87,0,,,μL/L,μL/L,正常,正常
alan456/data.xlsx,12.9,15.3,4.13,0.74,0,,,μL/L,μL/L,正常,正常
alan456/data.xlsx,12.7,15.6,4.4,0.82,0,,,μL/L,μL/L,正常,正常
alan456/data.xlsx,13.2,18.5,4.66,0.83,0,,,μL/L,μL/L,正常,正常
alan456/data.xlsx,14.2,17.3,4.06,0.82,0,,,μL/L,μL/L,正常,正常
alan456/data.xlsx,12.3,15.7,4.69,0.81,0,,,μL/L,μL/L,正常,正常
alan456/data.xlsx,12,18.2,4.73,0.74,0,,,μL/L,μL/L,正常,正常
alan456/data.xlsx,12.7,15.6,4.4,0.82,0,,,μL/L,μL/L,正常,正常
alan456/data.xlsx,12.1,16.4,4.93,0.75,0,,,μL/L,μL/L,正常,正常
alan456/data.xlsx,12.1,15.9,4.06,0.73,0,,,μL/L,μL/L,正常,正常
alan456/data.xlsx,13.8,17.3,4.45,0.83,0,,,μL/L,μL/L,正常,正常
alan456/data.xlsx,13.1,17.3,4.95,0.76,0,,,μL/L,μL/L,正常,正常
alan456/data.xlsx,12.5,16.8,4.55,0.79,0,,,μL/L,μL/L,正常,正常
alan456/data.xlsx,13.9,16.8,4.21,0.77,0,,,μL/L,μL/L,正常,正常
alan456/data.xlsx,11.9,17.1,4.38,0.8,0,,,μL/L,μL/L,正常,正常
alan456/data.xlsx,13.5,17.9,4.64,0.87,0,,,μL/L,μL/L,正常,正常
alan456/data.xlsx,12.7,18.4,4.8,0.75,0,,,μL/L,μL/L,正常,正常
alan456/data.xlsx,13.9,15.4,4.26,0.81,0,,,μL/L,μL/L,正常,正常
alan456/data.xlsx,12.5,17.8,4.37,0.8,0,,,μL/L,μL/L,正常,正常
alan456/data.xlsx,13.1,15.9,4.24,0.81,0,,,μL/L,μL/L,正常,正常
alan456/data.xlsx,13.1,15.9,4.24,0.81,0,,,μL/L,μL/L,正常,正常
alan456/data.xlsx,13.1,15.9,4.24,0.81,0,,,μL/L,μL/L,正常,正常
alan456/data.xlsx,11.7,17.4,4.08,0.76,0,,,μL/L,μL/L,正常,正常
alan456/data.xlsx,13.3,15.6,4.92,0.81,0,,,μL/L,μL/L,正常,正常
alan456/data.xlsx,13,16.3,4.31,0.8,0,,,μL/L,μL/L,正常,正常
alan456/data.xlsx,13.7,15.9,4.79,0.81,0,,,μL/L,μL/L,正常,正常
alan456/data.xlsx,13.9,17.5,4.86,0.73,0,,,μL/L,μL/L,正常,正常
alan456/data.xlsx,13.5,15.8,4.79,0.77,0,,,μL/L,μL/L,正常,正常
alan456/data.xlsx,13.3,16.1,4.39,0.79,0,,,μL/L,μL/L,正常,正常
alan456/data.xlsx,12.5,18.5,4.15,0.78,0,,,μL/L,μL/L,正常,正常
alan456/data.xlsx,12.4,15.9,4.25,0.75,0,,,μL/L,μL/L,正常,正常
alan456/data.xlsx,13.2,17.3,4.78,0.8,0,,,μL/L,μL/L,正常,正常
alan456/data.xlsx,12.2,16.6,4.71,0.83,0,,,μL/L,μL/L,正常,正常
alan456/data.xlsx,13.3,17.8,4.19,0.73,0,,,μL/L,μL/L,正常,正常
alan456/data.xlsx,14.1,15.4,4.23,0.87,0,,,μL/L,μL/L,正常,正常
alan456/data.xlsx,13.1,16.8,4.35,0.82,0,,,μL/L,μL/L,正常,正常
alan456/data.xlsx,11.8,17.4,4.37,0.86,0,,,μL/L,μL/L,正常,正常
alan456/data.xlsx,12.2,16.6,4.36,0.78,0,,,μL/L,μL/L,正常,正常
alan456/data.xlsx,12.2,16.6,4.71,0.83,0,,,μL/L,μL/L,正常,正常
alan456/data.xlsx,11.9,18.4,4.35,0.73,0,,,μL/L,μL/L,正常,正常
alan456/data.xlsx,13.4,16.9,4.55,0.78,0,,,μL/L,μL/L,正常,正常
alan456/data.xlsx,13.8,16.6,4.45,0.86,0,,,μL/L,μL/L,正常,正常
alan456/data.xlsx,13.8,18.1,4.46,0.83,0,,,μL/L,μL/L,正常,正常
alan456/data.xlsx,13.3,16.3,4.43,0.86,0,,,μL/L,μL/L,正常,正常
alan456/data.xlsx,13.6,16,4.13,0.75,0,,,μL/L,μL/L,正常,正常
alan456/data.xlsx,12.3,18.4,4.75,0.8,0,,,μL/L,μL/L,正常,正常
alan456/data.xlsx,12.8,17.2,4.93,0.8,0,,,μL/L,μL/L,正常,正常
alan456/data.xlsx,11.9,18,4.95,0.83,0,,,μL/L,μL/L,正常,正常
alan456/data.xlsx,12.3,17.3,4.31,0.87,0,,,μL/L,μL/L,正常,正常
alan456/data.xlsx,13.5,17.1,4.66,0.84,0,,,μL/L,μL/L,正常,正常
alan456/data.xlsx,11.7,16.2,4.21,0.84,0,,,μL/L,μL/L,正常,正常
alan456/data.xlsx,12.4,16.6,4.92,0.81,0,,,μL/L,μL/L,正常,正常
alan456/data.xlsx,12.7,16.8,4.92,0.78,0,,,μL/L,μL/L,正常,正常
alan456/data.xlsx,13.1,17.5,4.74,0.76,0,,,μL/L,μL/L,正常,正常
alan456/data.xlsx,13.5,17.7,4.4,0.75,0,,,μL/L,μL/L,正常,正常
alan456/data.xlsx,13.1,18.3,4.75,0.84,0,,,μL/L,μL/L,正常,正常
alan456/data.xlsx,14,18.6,4.67,0.76,0,,,μL/L,μL/L,正常,正常
alan456/data.xlsx,13.8,18.2,4.7,0.74,0,,,μL/L,μL/L,正常,正常
alan456/data.xlsx,12.7,18.4,4.94,0.74,0,,,μL/L,μL/L,正常,正常
alan456/data.xlsx,12.8,16.8,4.74,0.81,0,,,μL/L,μL/L,正常,正常
alan456/data.xlsx,12.1,17,4.93,0.79,0,,,μL/L,μL/L,正常,正常
alan456/data.xlsx,12.4,15.4,4.48,0.83,0,,,μL/L,μL/L,正常,正常
alan456/data.xlsx,14.1,17.5,4.15,0.77,0,,,μL/L,μL/L,正常,正常
alan456/data.xlsx,12,15.7,4.08,0.83,0,,,μL/L,μL/L,正常,正常
alan456/data.xlsx,12.2,17.7,4.31,0.83,0,,,μL/L,μL/L,正常,正常
alan456/data.xlsx,12.5,15.4,4.39,0.84,0,,,μL/L,μL/L,正常,正常
alan456/data.xlsx,12.5,15.6,4.13,0.75,0,,,μL/L,μL/L,正常,正常
alan456/data.xlsx,12.6,18.2,4.79,0.84,0,,,μL/L,μL/L,正常,正常
alan456/data.xlsx,13.4,18.2,4.23,0.86,0,,,μL/L,μL/L,正常,正常
alan456/data.xlsx,12.9,18.3,4.61,0.76,0,,,μL/L,μL/L,正常,正常
alan456/data.xlsx,13.4,18.1,4.9,0.79,0,,,μL/L,μL/L,正常,正常
alan456/data.xlsx,13.4,16.9,4.07,0.82,0,,,μL/L,μL/L,正常,正常
alan456/data.xlsx,12,15.3,4.72,0.81,0,,,μL/L,μL/L,正常,正常
alan456/data.xlsx,12.6,18.1,4.18,0.76,0,,,μL/L,μL/L,正常,正常
alan456/data.xlsx,13.9,18,4.84,0.86,0,,,μL/L,μL/L,正常,正常
alan456/data.xlsx,12.4,16.4,4.58,0.84,0,,,μL/L,μL/L,正常,正常
alan456/data.xlsx,11.7,17.2,4.71,0.78,0,,,μL/L,μL/L,正常,正常
alan456/data.xlsx,13.3,16,4.85,0.73,0,,,μL/L,μL/L,正常,正常
alan456/data.xlsx,14,15.6,4.45,0.74,0,,,μL/L,μL/L,正常,正常
alan456/data.xlsx,14.1,17.5,4.15,0.77,0,,,μL/L,μL/L,正常,正常
alan456/data.xlsx,12,15.7,4.08,0.83,0,,,μL/L,μL/L,正常,正常
alan456/data.xlsx,13.4,17,4.9,0.79,0,,,μL/L,μL/L,正常,正常
alan456/data.xlsx,11.7,16.1,4.44,0.79,0,,,μL/L,μL/L,正常,正常
alan456/data.xlsx,12.7,18.3,4.56,0.73,0,,,μL/L,μL/L,正常,正常
alan456/data.xlsx,13.2,16.9,4.06,0.82,0,,,μL/L,μL/L,正常,正常
alan456/data.xlsx,13.6,18.1,4.72,0.74,0,,,μL/L,μL/L,正常,正常
alan456/data.xlsx,12.6,17.1,4.3,0.78,0,,,μL/L,μL/L,正常,正常
alan456/data.xlsx,14.1,15.7,4.74,0.78,0,,,μL/L,μL/L,正常,正常
alan456/data.xlsx,12.8,15.8,4.09,0.77,0,,,μL/L,μL/L,正常,正常
alan456/data.xlsx,14,17.4,4.85,0.79,0,,,μL/L,μL/L,正常,正常
alan456/data.xlsx,13,16.6,4.65,0.77,0,,,μL/L,μL/L,正常,正常
alan456/data.xlsx,12.6,16.6,4.14,0.87,0,,,μL/L,μL/L,正常,正常
alan456/data.xlsx,13.7,16.5,4.73,0.78,0,,,μL/L,μL/L,正常,正常
alan456/data.xlsx,11.9,16.9,4.16,0.84,0,,,μL/L,μL/L,正常,正常
alan456/data.xlsx,14.1,17.6,4.38,0.79,0,,,μL/L,μL/L,正常,正常
alan456/data.xlsx,13.9,18.4,4.21,0.82,0,,,μL/L,μL/L,正常,正常
alan456/data.xlsx,14.2,15.3,4.76,0.78,0,,,μL/L,μL/L,正常,正常
alan456/data.xlsx,12.1,15.6,4.87,0.81,0,,,μL/L,μL/L,正常,正常
alan456/data.xlsx,12.8,15.8,4.09,0.77,0,,,μL/L,μL/L,正常,正常
alan456/data.xlsx,12.1,15.8,4.57,0.78,0,,,μL/L,μL/L,正常,正常
alan456/data.xlsx,13.1,15.6,4.88,0.81,0,,,μL/L,μL/L,正常,正常
alan456/data.xlsx,11.9,16.3,4.4,0.72,0,,,μL/L,μL/L,正常,正常
alan456/data.xlsx,12.5,18.7,4.49,0.87,0,,,μL/L,μL/L,正常,正常
alan456/data.xlsx,14.1,17.1,4.81,0.81,0,,,μL/L,μL/L,正常,正常
alan456/data.xlsx,13.2,15.6,4.47,0.77,0,,,μL/L,μL/L,正常,正常
alan456/data.xlsx,12.9,18.2,4.91,0.84,0,,,μL/L,μL/L,正常,正常
alan456/data.xlsx,11.9,16.9,4.25,0.81,0,,,μL/L,μL/L,正常,正常
alan456/data.xlsx,13.1,15.8,4.65,0.88,0,,,μL/L,μL/L,正常,正常
alan456/data.xlsx,12.7,17.8,4.7,0.74,0,,,μL/L,μL/L,正常,正常
alan456/data.xlsx,12.3,18.1,4.67,0.83,0,,,μL/L,μL/L,正常,正常
alan456/data.xlsx,11.9,16,4.38,0.88,0,,,μL/L,μL/L,正常,正常
alan456/data.xlsx,13.5,15.4,4.88,0.8,0,,,μL/L,μL/L,正常,正常
alan456/data.xlsx,14,16.5,4.84,0.83,0,,,μL/L,μL/L,正常,正常
alan456/data.xlsx,14.1,15.4,4.81,0.83,0,,,μL/L,μL/L,正常,正常
alan456/data.xlsx,14,18.7,4.19,0.88,0,,,μL/L,μL/L,正常,正常
alan456/data.xlsx,11.7,16.5,4.12,0.85,0,,,μL/L,μL/L,正常,正常
alan456/data.xlsx,13.4,17.5,4.12,0.86,0,,,μL/L,μL/L,正常,正常
alan456/data.xlsx,12.6,16.7,4.39,0.72,0,,,μL/L,μL/L,正常,正常
alan456/data.xlsx,12.6,16.7,4.39,0.72,0,,,μL/L,μL/L,正常,正常
alan456/data.xlsx,12.7,17.2,4.69,0.81,0,,,μL/L,μL/L,正常,正常
alan456/data.xlsx,12.7,17.2,4.69,0.81,0,,,μL/L,μL/L,正常,正常
alan456/data.xlsx,12.6,16.7,4.39,0.72,0,,,μL/L,μL/L,正常,正常
alan456/data.xlsx,12.6,16.7,4.39,0.72,0,,,μL/L,μL/L,正常,正常
alan456/data.xlsx,13.5,17.7,4.22,0.73,0,,,μL/L,μL/L,正常,正常
alan456/data.xlsx,12.7,17.9,4.14,0.83,0,,,μL/L,μL/L,正常,正常
alan456/data.xlsx,13.5,15.3,4.32,0.84,0,,,μL/L,μL/L,正常,正常
alan456/data.xlsx,12.7,15.6,4.59,0.79,0,,,μL/L,μL/L,正常,正常
alan456/data.xlsx,12.5,16.6,4.28,0.81,0,,,μL/L,μL/L,正常,正常
alan456/data.xlsx,13.4,16.7,4.15,0.73,0,,,μL/L,μL/L,正常,正常
alan456/data.xlsx,12.4,15.8,4.08,0.77,0,,,μL/L,μL/L,正常,正常
alan456/data.xlsx,12.2,17.7,4.67,0.88,0,,,μL/L,μL/L,正常,正常
alan456/data.xlsx,12.7,17.2,4.69,0.81,0,,,μL/L,μL/L,正常,正常
alan456/data.xlsx,13.1,16.3,4.32,0.72,0,,,μL/L,μL/L,正常,正常
alan456/data.xlsx,11.7,18.6,4.54,0.74,0,,,μL/L,μL/L,正常,正常
alan456/data.xlsx,12.7,17.8,4.33,0.75,0,,,μL/L,μL/L,正常,正常
alan456/data.xlsx,12,17.2,4.5,0.73,0,,,μL/L,μL/L,正常,正常
alan456/data.xlsx,12.6,17.1,4.13,0.78,0,,,μL/L,μL/L,正常,正常
alan456/data.xlsx,13.6,16.6,4.31,0.78,0,,,μL/L,μL/L,正常,正常
alan456/data.xlsx,13.3,16.9,4.59,0.73,0,,,μL/L,μL/L,正常,正常
alan456/data.xlsx,12.3,17,4.51,0.83,0,,,μL/L,μL/L,正常,正常
alan456/data.xlsx,11.7,18.4,4.09,0.82,0,,,μL/L,μL/L,正常,正常
alan456/data.xlsx,12.3,17,4.51,0.83,0,,,μL/L,μL/L,正常,正常
alan456/data.xlsx,11.9,15.7,4.28,0.82,0,,,μL/L,μL/L,正常,正常
alan456/data.xlsx,11.8,18.6,4.69,0.76,0,,,μL/L,μL/L,正常,正常
alan456/data.xlsx,12,17.8,4.3,0.78,0,,,μL/L,μL/L,正常,正常
alan456/data.xlsx,12.8,15.6,4.74,0.73,0,,,μL/L,μL/L,正常,正常
alan456/data.xlsx,12.1,17,4.85,0.87,0,,,μL/L,μL/L,正常,正常
alan456/data.xlsx,13.2,16.3,4.55,0.87,0,,,μL/L,μL/L,正常,正常
alan456/data.xlsx,12.7,18.6,4.43,0.74,0,,,μL/L,μL/L,正常,正常
alan456/data.xlsx,13.6,18.1,4.27,0.78,0,,,μL/L,μL/L,正常,正常
alan456/data.xlsx,13.6,16.7,4.47,0.83,0,,,μL/L,μL/L,正常,正常
alan456/data.xlsx,13.3,16.4,4.29,0.88,0,,,μL/L,μL/L,正常,正常
alan456/data.xlsx,12.6,17.2,4.74,0.86,0,,,μL/L,μL/L,正常,正常
alan456/data.xlsx,12.9,17.8,4.34,0.83,0,,,μL/L,μL/L,正常,正常
alan456/data.xlsx,11.8,18.6,4.86,0.87,0,,,μL/L,μL/L,正常,正常
alan456/data.xlsx,12.9,16.2,4.58,0.86,0,,,μL/L,μL/L,正常,正常
alan456/data.xlsx,12.8,17.1,4.63,0.82,0,,,μL/L,μL/L,正常,正常
alan456/data.xlsx,13.9,17.1,4.48,0.77,0,,,μL/L,μL/L,正常,正常
alan456/data.xlsx,11.7,18.4,4.09,0.82,0,,,μL/L,μL/L,正常,正常
alan456/data.xlsx,11.8,15.8,4.62,0.72,0,,,μL/L,μL/L,正常,正常
alan456/data.xlsx,12.2,16.5,4.1,0.74,0,,,μL/L,μL/L,正常,正常
alan456/data.xlsx,12.3,15.5,4.24,0.81,0,,,μL/L,μL/L,正常,正常
alan456/data.xlsx,13.3,16.6,4.34,0.81,0,,,μL/L,μL/L,正常,正常
alan456/data.xlsx,11.7,17.7,4.54,0.83,0,,,μL/L,μL/L,正常,正常
alan456/data.xlsx,12.9,17.2,4.83,0.81,0,,,μL/L,μL/L,正常,正常
alan456/data.xlsx,11.7,17.7,4.83,0.85,0,,,μL/L,μL/L,正常,正常
alan456/data.xlsx,13.8,15.7,4.15,0.74,0,,,μL/L,μL/L,正常,正常
alan456/data.xlsx,13.2,16.7,4.29,0.83,0,,,μL/L,μL/L,正常,正常
alan456/data.xlsx,12.2,17.3,4.74,0.8,0,,,μL/L,μL/L,正常,正常
alan456/data.xlsx,13.6,17.8,4.95,0.87,0,,,μL/L,μL/L,正常,正常
alan456/data.xlsx,12.2,16.1,4.2,0.85,0,,,μL/L,μL/L,正常,正常
alan456/data.xlsx,12.2,18,4.16,0.82,0,,,μL/L,μL/L,正常,正常
alan456/data.xlsx,13,18,4.18,0.87,0,,,μL/L,μL/L,正常,正常
alan456/data.xlsx,12.8,16.8,4.5,0.84,0,,,μL/L,μL/L,正常,正常
alan456/data.xlsx,12.4,16.4,4.84,0.86,0,,,μL/L,μL/L,正常,正常
alan456/data.xlsx,13,18.6,4.4,0.85,0,,,μL/L,μL/L,正常,正常
alan456/data.xlsx,12.7,15.4,4.51,0.76,0,,,μL/L,μL/L,正常,正常
alan456/data.xlsx,14,16.2,4.94,0.82,0,,,μL/L,μL/L,正常,正常
alan456/data.xlsx,12.1,15.9,4.55,0.88,0,,,μL/L,μL/L,正常,正常
alan456/data.xlsx,14,17.8,4.34,0.8,0,,,μL/L,μL/L,正常,正常
alan456/data.xlsx,12.8,17.9,4.78,0.84,0,,,μL/L,μL/L,正常,正常
alan456/data.xlsx,13.6,16,4.43,0.77,0,,,μL/L,μL/L,正常,正常
alan456/data.xlsx,11.8,16.3,4.27,0.81,0,,,μL/L,μL/L,正常,正常
alan456/data.xlsx,13.7,17.5,4.33,0.82,0,,,μL/L,μL/L,正常,正常
alan456/data.xlsx,13.9,18.3,4.88,0.81,0,,,μL/L,μL/L,正常,正常
alan456/data.xlsx,12,17,4.09,0.73,0,,,μL/L,μL/L,正常,正常
alan456/data.xlsx,13,18.6,4.42,0.88,0,,,μL/L,μL/L,正常,正常
alan456/data.xlsx,13.3,18,4.44,0.87,0,,,μL/L,μL/L,正常,正常
alan456/data.xlsx,11.8,16.2,4.15,0.79,0,,,μL/L,μL/L,正常,正常
alan456/data.xlsx,12.7,17.4,4.1,0.84,0,,,μL/L,μL/L,正常,正常
alan456/data.xlsx,12.6,18.1,4.17,0.76,0,,,μL/L,μL/L,正常,正常
alan456/data.xlsx,12.2,17.9,4.22,0.74,0,,,μL/L,μL/L,正常,正常
alan456/data.xlsx,12.4,18.1,4.25,0.73,0,,,μL/L,μL/L,正常,正常
alan456/data.xlsx,13.6,18,4.62,0.73,0,,,μL/L,μL/L,正常,正常
alan456/data.xlsx,11.7,18.3,4.3,0.85,0,,,μL/L,μL/L,正常,正常
alan456/data.xlsx,11.9,16.2,4.52,0.86,0,,,μL/L,μL/L,正常,正常
alan456/data.xlsx,12.6,15.7,4.39,0.79,0,,,μL/L,μL/L,正常,正常
alan456/data.xlsx,13.6,18,4.64,0.73,0,,,μL/L,μL/L,正常,正常
alan456/data.xlsx,13.2,17.7,4.31,0.87,0,,,μL/L,μL/L,正常,正常
alan456/data.xlsx,12.2,16.6,4.82,0.74,0,,,μL/L,μL/L,正常,正常
alan456/data.xlsx,14.2,18.4,4.86,0.82,0,,,μL/L,μL/L,正常,正常
alan456/data.xlsx,12.4,16.7,4.48,0.8,0,,,μL/L,μL/L,正常,正常
alan456/data.xlsx,13.6,15.7,4.75,0.73,0,,,μL/L,μL/L,正常,正常
alan456/data.xlsx,13.7,18.1,4.24,0.84,0,,,μL/L,μL/L,正常,正常
alan456/data.xlsx,12.6,18.4,4.71,0.86,0,,,μL/L,μL/L,正常,正常
alan456/data.xlsx,13.8,16.4,4.19,0.74,0,,,μL/L,μL/L,正常,正常
alan456/data.xlsx,13.5,15.7,4.4,0.76,0,,,μL/L,μL/L,正常,正常
alan456/data.xlsx,13.6,17.2,4.18,0.88,0,,,μL/L,μL/L,正常,正常
alan456/data.xlsx,12.3,17.2,4.32,0.77,0,,,μL/L,μL/L,正常,正常
alan456/data.xlsx,13.4,16.1,4.21,0.82,0,,,μL/L,μL/L,正常,正常
alan456/data.xlsx,12.4,16.4,4.87,0.86,0,,,μL/L,μL/L,正常,正常
alan456/data.xlsx,13.3,16,4.06,0.86,0,,,μL/L,μL/L,正常,正常
alan456/data.xlsx,14.2,18,4.5,0.73,0,,,μL/L,μL/L,正常,正常
alan456/data.xlsx,12.9,15.8,4.75,0.77,0,,,μL/L,μL/L,正常,正常
alan456/data.xlsx,13.1,17.1,4.07,0.78,0,,,μL/L,μL/L,正常,正常
alan456/data.xlsx,11.9,17.6,4.12,0.85,0,,,μL/L,μL/L,正常,正常
alan456/data.xlsx,12.6,17.7,4.72,0.83,0,,,μL/L,μL/L,正常,正常
alan456/data.xlsx,12.7,15.3,4.44,0.84,0,,,μL/L,μL/L,正常,正常
alan456/data.xlsx,13.5,18.4,4.41,0.73,0,,,μL/L,μL/L,正常,正常
alan456/data.xlsx,13.9,16.9,4.49,0.73,0,,,μL/L,μL/L,正常,正常
alan456/data.xlsx,13.9,15.6,4.45,0.82,0,,,μL/L,μL/L,正常,正常
alan456/data.xlsx,13.6,15.4,4.33,0.86,0,,,μL/L,μL/L,正常,正常
alan456/data.xlsx,13.3,16.9,4.56,0.72,0,,,μL/L,μL/L,正常,正常
alan456/data.xlsx,12.6,16.6,4.27,0.79,0,,,μL/L,μL/L,正常,正常
alan456/data.xlsx,12.3,18.3,4.34,0.85,0,,,μL/L,μL/L,正常,正常
alan456/data.xlsx,14.2,16.6,4.8,0.74,0,,,μL/L,μL/L,正常,正常
alan456/data.xlsx,13.1,15.4,4.37,0.81,0,,,μL/L,μL/L,正常,正常
alan456/data.xlsx,11.7,18.5,4.63,0.77,0,,,μL/L,μL/L,正常,正常
alan456/data.xlsx,12.8,18.1,4.47,0.86,0,,,μL/L,μL/L,正常,正常
alan456/data.xlsx,14.1,16.6,4.69,0.85,0,,,μL/L,μL/L,正常,正常
alan456/data.xlsx,13.3,16.9,4.93,0.77,0,,,μL/L,μL/L,正常,正常
alan456/data.xlsx,11.9,17.5,4.47,0.87,0,,,μL/L,μL/L,正常,正常
alan456/data.xlsx,13.6,17.4,4.21,0.78,0,,,μL/L,μL/L,正常,正常
alan456/data.xlsx,13.1,16.8,4.09,0.8,0,,,μL/L,μL/L,正常,正常
alan456/data.xlsx,13.2,18.4,4.12,0.79,0,,,μL/L,μL/L,正常,正常
alan456/data.xlsx,13.7,16.6,4.17,0.86,0,,,μL/L,μL/L,正常,正常
alan456/data.xlsx,13,17.9,4.24,0.72,0,,,μL/L,μL/L,正常,正常
alan456/data.xlsx,13.7,15.3,4.9,0.86,0,,,μL/L,μL/L,正常,正常
alan456/data.xlsx,12.6,17.4,4.46,0.72,0,,,μL/L,μL/L,正常,正常
alan456/data.xlsx,9.3,18.6,5.69,0.7,0,,,μL/L,μL/L,正常,正常
alan456/data.xlsx,9.42,17,5.56,0.66,0,,,μL/L,μL/L,正常,正常
alan456/data.xlsx,9.7,17.4,5.83,0.74,0,,,μL/L,μL/L,正常,正常
alan456/data.xlsx,9.14,18.4,5.31,0.71,0,,,μL/L,μL/L,正常,正常
alan456/data.xlsx,9.59,17.2,5.09,0.65,0,,,μL/L,μL/L,正常,正常
alan456/data.xlsx,9.1,17.2,5.15,0.75,0,,,μL/L,μL/L,正常,正常
alan456/data.xlsx,8.55,15.3,5.25,0.65,0,,,μL/L,μL/L,正常,正常
alan456/data.xlsx,8.32,16.9,5.24,0.67,0,,,μL/L,μL/L,正常,正常
alan456/data.xlsx,9.85,17,5.59,0.66,0,,,μL/L,μL/L,正常,正常
alan456/data.xlsx,8.39,17.2,6.01,0.66,0,,,μL/L,μL/L,正常,正常
alan456/data.xlsx,9.39,17.3,5.65,0.71,0,,,μL/L,μL/L,正常,正常
alan456/data.xlsx,8.41,17.5,5.21,0.68,0,,,μL/L,μL/L,正常,正常
alan456/data.xlsx,9.67,18.4,5.22,0.72,0,,,μL/L,μL/L,正常,正常
alan456/data.xlsx,9.06,17.8,6.13,0.64,0,,,μL/L,μL/L,正常,正常
alan456/data.xlsx,8.78,17.4,5.86,0.7,0,,,μL/L,μL/L,正常,正常
alan456/data.xlsx,8.18,16.8,5.65,0.76,0,,,μL/L,μL/L,正常,正常
alan456/data.xlsx,8.48,17.8,5.18,0.73,0,,,μL/L,μL/L,正常,正常
alan456/data.xlsx,8.92,17.1,5.92,0.66,0,,,μL/L,μL/L,正常,正常
alan456/data.xlsx,8.96,16.5,6.06,0.63,0,,,μL/L,μL/L,正常,正常
alan456/data.xlsx,8.14,15.6,6.08,0.73,0,,,μL/L,μL/L,正常,正常
alan456/data.xlsx,8.73,17.2,6.16,0.65,0,,,μL/L,μL/L,正常,正常
alan456/data.xlsx,8.7,16.8,6.15,0.7,0,,,μL/L,μL/L,正常,正常
alan456/data.xlsx,8.17,16,6.09,0.69,0,,,μL/L,μL/L,正常,正常
alan456/data.xlsx,9.57,18.5,5.34,0.71,0,,,μL/L,μL/L,正常,正常
alan456/data.xlsx,8.53,18.5,5.52,0.7,0,,,μL/L,μL/L,正常,正常
alan456/data.xlsx,8.39,16.4,5.32,0.72,0,,,μL/L,μL/L,正常,正常
alan456/data.xlsx,9.35,16,5.49,0.74,0,,,μL/L,μL/L,正常,正常
alan456/data.xlsx,9.76,17,5.71,0.65,0,,,μL/L,μL/L,正常,正常
alan456/data.xlsx,9.8,15.9,5.93,0.74,0,,,μL/L,μL/L,正常,正常
alan456/data.xlsx,12.8,18.2,4.22,0.72,0,,,μL/L,μL/L,正常,正常
alan456/data.xlsx,12.6,17.5,4.69,0.74,0,,,μL/L,μL/L,正常,正常
alan456/data.xlsx,13.8,16.3,4.51,0.74,0,,,μL/L,μL/L,正常,正常
alan456/data.xlsx,12.9,17.8,4.91,0.79,0,,,μL/L,μL/L,正常,正常
alan456/data.xlsx,14.1,16.2,4.75,0.77,0,,,μL/L,μL/L,正常,正常
alan456/data.xlsx,12.2,17.2,4.39,0.82,0,,,μL/L,μL/L,正常,正常
alan456/data.xlsx,13.1,17.9,4.5,0.74,0,,,μL/L,μL/L,正常,正常
alan456/data.xlsx,13.7,17.9,4.34,0.77,0,,,μL/L,μL/L,正常,正常
alan456/data.xlsx,14.1,16.2,4.94,0.74,0,,,μL/L,μL/L,正常,正常
alan456/data.xlsx,11.7,16.1,4.56,0.78,0,,,μL/L,μL/L,正常,正常
alan456/data.xlsx,14.1,15.7,4.45,0.76,0,,,μL/L,μL/L,正常,正常
alan456/data.xlsx,12.4,17.7,4.79,0.8,0,,,μL/L,μL/L,正常,正常
alan456/data.xlsx,12.6,16.8,4.76,0.75,0,,,μL/L,μL/L,正常,正常
alan456/data.xlsx,14,17.3,4.75,0.77,0,,,μL/L,μL/L,正常,正常
alan456/data.xlsx,12.1,16,4.28,0.8,0,,,μL/L,μL/L,正常,正常
alan456/data.xlsx,12.8,17.3,4.7,0.77,0,,,μL/L,μL/L,正常,正常
alan456/data.xlsx,11.7,16.4,4.62,0.73,0,,,μL/L,μL/L,正常,正常
alan456/data.xlsx,14.2,18.5,4.32,0.75,0,,,μL/L,μL/L,正常,正常
alan456/data.xlsx,14,15.7,4.55,0.76,0,,,μL/L,μL/L,正常,正常
alan456/data.xlsx,13.6,16.4,4.42,0.87,0,,,μL/L,μL/L,正常,正常
alan456/data.xlsx,13,15.9,4.1,0.87,0,,,μL/L,μL/L,正常,正常
alan456/data.xlsx,12.3,18,4.67,0.73,0,,,μL/L,μL/L,正常,正常
alan456/data.xlsx,13.5,16.2,4.73,0.77,0,,,μL/L,μL/L,正常,正常
alan456/data.xlsx,12.8,16.8,4.85,0.72,0,,,μL/L,μL/L,正常,正常
alan456/data.xlsx,13,15.6,4.75,0.79,0,,,μL/L,μL/L,正常,正常
alan456/data.xlsx,12.7,15.5,4.71,0.82,0,,,μL/L,μL/L,正常,正常
alan456/data.xlsx,12,16,4.37,0.79,0,,,μL/L,μL/L,正常,正常
alan456/data.xlsx,13.9,17.6,4.36,0.84,0,,,μL/L,μL/L,正常,正常
alan456/data.xlsx,13.1,17.7,4.09,0.82,0,,,μL/L,μL/L,正常,正常
alan456/data.xlsx,13.3,17.6,4.62,0.81,0,,,μL/L,μL/L,正常,正常
alan456/data.xlsx,14,15.7,4.27,0.74,0,,,μL/L,μL/L,正常,正常
alan456/data.xlsx,14.1,17.3,4.66,0.78,0,,,μL/L,μL/L,正常,正常
alan456/data.xlsx,11.8,18,4.55,0.73,0,,,μL/L,μL/L,正常,正常
alan456/data.xlsx,13.6,16.4,4.42,0.87,0,,,μL/L,μL/L,正常,正常
alan456/data.xlsx,12.7,17.8,4.37,0.8,0,,,μL/L,μL/L,正常,正常
alan456/data.xlsx,13.2,17.7,4.95,0.79,0,,,μL/L,μL/L,正常,正常
alan456/data.xlsx,14.3,16.9,4.6,0.8,0,,,μL/L,μL/L,正常,正常
alan456/data.xlsx,11.8,17.7,4.62,0.78,0,,,μL/L,μL/L,正常,正常
alan456/data.xlsx,13.9,15.4,4.76,0.8,0,,,μL/L,μL/L,正常,正常
alan456/data.xlsx,12.5,16.7,4.86,0.79,0,,,μL/L,μL/L,正常,正常
alan456/data.xlsx,14,15.7,4.2,0.77,0,,,μL/L,μL/L,正常,正常
alan456/data.xlsx,13.2,18.2,4.35,0.8,0,,,μL/L,μL/L,正常,正常
alan456/data.xlsx,13.8,17.6,4.57,0.75,0,,,μL/L,μL/L,正常,正常
alan456/data.xlsx,14.1,17.4,4.91,0.73,0,,,μL/L,μL/L,正常,正常
alan456/data.xlsx,12.7,15.7,4.63,0.84,0,,,μL/L,μL/L,正常,正常
alan456/data.xlsx,13.3,18.6,4.45,0.74,0,,,μL/L,μL/L,正常,正常
alan456/data.xlsx,13.9,18.4,4.5,0.76,0,,,μL/L,μL/L,正常,正常
alan456/data.xlsx,12.3,15.7,4.86,0.75,0,,,μL/L,μL/L,正常,正常
alan456/data.xlsx,13.9,17.6,4.13,0.77,0,,,μL/L,μL/L,正常,正常
alan456/data.xlsx,13,18.4,4.9,0.8,0,,,μL/L,μL/L,正常,正常
alan456/data.xlsx,13.2,15.9,4.53,0.82,0,,,μL/L,μL/L,正常,正常
alan456/data.xlsx,12.2,17.7,4.16,0.79,0,,,μL/L,μL/L,正常,正常
alan456/data.xlsx,13.2,15.9,4.53,0.82,0,,,μL/L,μL/L,正常,正常
alan456/data.xlsx,12.7,17.1,4.4,0.77,0,,,μL/L,μL/L,正常,正常
alan456/data.xlsx,13.2,16.5,4.57,0.86,0,,,μL/L,μL/L,正常,正常
alan456/data.xlsx,11.9,16.4,4.56,0.76,0,,,μL/L,μL/L,正常,正常
alan456/data.xlsx,13.5,18,4.75,0.73,0,,,μL/L,μL/L,正常,正常
alan456/data.xlsx,11.9,18.4,4.17,0.79,0,,,μL/L,μL/L,正常,正常
alan456/data.xlsx,13.9,16,4.13,0.83,0,,,μL/L,μL/L,正常,正常
alan456/data.xlsx,11.9,18.2,4.74,0.82,0,,,μL/L,μL/L,正常,正常
alan456/data.xlsx,13.1,16.2,4.83,0.77,0,,,μL/L,μL/L,正常,正常
alan456/data.xlsx,13.9,15.9,4.29,0.81,0,,,μL/L,μL/L,正常,正常
alan456/data.xlsx,12.6,17.4,4.25,0.86,0,,,μL/L,μL/L,正常,正常
alan456/data.xlsx,12.1,16.8,4.27,0.87,0,,,μL/L,μL/L,正常,正常
alan456/data.xlsx,13.1,18.1,4.16,0.73,0,,,μL/L,μL/L,正常,正常
alan456/data.xlsx,14.2,16.9,4.18,0.77,0,,,μL/L,μL/L,正常,正常
alan456/data.xlsx,13.2,16.4,4.84,0.83,0,,,μL/L,μL/L,正常,正常
alan456/data.xlsx,13.6,15.9,4.91,0.87,0,,,μL/L,μL/L,正常,正常
alan456/data.xlsx,12.3,16.1,4.46,0.84,0,,,μL/L,μL/L,正常,正常
alan456/data.xlsx,13.9,18.6,4.57,0.77,0,,,μL/L,μL/L,正常,正常
alan456/data.xlsx,14.1,18,4.61,0.78,0,,,μL/L,μL/L,正常,正常
alan456/data.xlsx,12.4,15.4,4.57,0.81,0,,,μL/L,μL/L,正常,正常
alan456/data.xlsx,12.3,18.5,4.31,0.78,0,,,μL/L,μL/L,正常,正常
alan456/data.xlsx,12.3,16.1,4.46,0.84,0,,,μL/L,μL/L,正常,正常
alan456/data.xlsx,13.6,15.6,4.22,0.77,0,,,μL/L,μL/L,正常,正常
alan456/data.xlsx,11.9,17,4.68,0.87,0,,,μL/L,μL/L,正常,正常
alan456/data.xlsx,13.9,15.9,4.29,0.81,0,,,μL/L,μL/L,正常,正常
alan456/data.xlsx,13.9,18.6,4.57,0.77,0,,,μL/L,μL/L,正常,正常
alan456/data.xlsx,11.9,15.9,4.31,0.8,0,,,μL/L,μL/L,正常,正常
alan456/data.xlsx,12.9,16.9,4.13,0.77,0,,,μL/L,μL/L,正常,正常
alan456/data.xlsx,12.2,17.3,4.94,0.87,0,,,μL/L,μL/L,正常,正常
alan456/data.xlsx,13.6,18.5,4.35,0.78,0,,,μL/L,μL/L,正常,正常
alan456/data.xlsx,13.6,16.9,4.15,0.77,0,,,μL/L,μL/L,正常,正常
alan456/data.xlsx,14,18.5,4.55,0.72,0,,,μL/L,μL/L,正常,正常
alan456/data.xlsx,13.6,18.6,4.83,0.87,0,,,μL/L,μL/L,正常,正常
alan456/data.xlsx,12.5,17.5,4.28,0.74,0,,,μL/L,μL/L,正常,正常
alan456/data.xlsx,12.3,17.5,4.44,0.85,0,,,μL/L,μL/L,正常,正常
alan456/data.xlsx,12.7,17.5,4.18,0.75,0,,,μL/L,μL/L,正常,正常
alan456/data.xlsx,13,17.2,4.58,0.75,0,,,μL/L,μL/L,正常,正常
alan456/data.xlsx,13.7,17.3,4.54,0.8,0,,,μL/L,μL/L,正常,正常
alan456/data.xlsx,13.1,17.4,4.8,0.77,0,,,μL/L,μL/L,正常,正常
alan456/data.xlsx,12,17.5,4.16,0.75,0,,,μL/L,μL/L,正常,正常
alan456/data.xlsx,13.2,18.4,4.14,0.79,0,,,μL/L,μL/L,正常,正常
alan456/data.xlsx,13.4,17.1,4.3,0.77,0,,,μL/L,μL/L,正常,正常
alan456/data.xlsx,11.8,15.5,4.76,0.82,0,,,μL/L,μL/L,正常,正常
alan456/data.xlsx,12.7,16.8,4.3,0.87,0,,,μL/L,μL/L,正常,正常
alan456/data.xlsx,13.4,16.3,4.65,0.84,0,,,μL/L,μL/L,正常,正常
alan456/data.xlsx,13.9,17,4.65,0.87,0,,,μL/L,μL/L,正常,正常
alan456/data.xlsx,13,16.1,4.67,0.81,0,,,μL/L,μL/L,正常,正常
alan456/data.xlsx,12.9,16.6,4.34,0.83,0,,,μL/L,μL/L,正常,正常
alan456/data.xlsx,13,16.1,4.67,0.81,0,,,μL/L,μL/L,正常,正常
alan456/data.xlsx,13.8,16.4,4.86,0.83,0,,,μL/L,μL/L,正常,正常
alan456/data.xlsx,13.3,18.3,4.76,0.84,0,,,μL/L,μL/L,正常,正常
alan456/data.xlsx,12.2,17.3,4.17,0.79,0,,,μL/L,μL/L,正常,正常
alan456/data.xlsx,12.4,16.5,4.41,0.78,0,,,μL/L,μL/L,正常,正常
alan456/data.xlsx,12.2,17.3,4.17,0.79,0,,,μL/L,μL/L,正常,正常
alan456/data.xlsx,13.9,16.3,4.42,0.85,0,,,μL/L,μL/L,正常,正常
alan456/data.xlsx,13.9,16.6,4.86,0.79,0,,,μL/L,μL/L,正常,正常
alan456/data.xlsx,13.7,15.4,4.65,0.83,0,,,μL/L,μL/L,正常,正常
alan456/data.xlsx,12.5,15.5,4.92,0.73,0,,,μL/L,μL/L,正常,正常
alan456/data.xlsx,12.9,17.3,4.7,0.75,0,,,μL/L,μL/L,正常,正常
alan456/data.xlsx,12.4,15.5,4.45,0.77,0,,,μL/L,μL/L,正常,正常
alan456/data.xlsx,13.6,17.8,4.94,0.87,0,,,μL/L,μL/L,正常,正常
alan456/data.xlsx,13.7,15.9,4.66,0.88,0,,,μL/L,μL/L,正常,正常
alan456/data.xlsx,14.2,16.8,4.09,0.85,0,,,μL/L,μL/L,正常,正常
alan456/data.xlsx,14.3,16,4.72,0.86,0,,,μL/L,μL/L,正常,正常
alan456/data.xlsx,13.8,17.1,4.17,0.83,0,,,μL/L,μL/L,正常,正常
alan456/data.xlsx,12.7,17.2,4.49,0.76,0,,,μL/L,μL/L,正常,正常
alan456/data.xlsx,12.5,17.1,4.57,0.79,0,,,μL/L,μL/L,正常,正常
alan456/data.xlsx,13.8,17.6,4.45,0.84,0,,,μL/L,μL/L,正常,正常
alan456/data.xlsx,12.3,18.4,4.87,0.88,0,,,μL/L,μL/L,正常,正常
alan456/data.xlsx,13.7,18.2,4.77,0.79,0,,,μL/L,μL/L,正常,正常
alan456/data.xlsx,13.4,17.7,4.2,0.87,0,,,μL/L,μL/L,正常,正常
alan456/data.xlsx,13.4,15.4,4.1,0.82,0,,,μL/L,μL/L,正常,正常
alan456/data.xlsx,14,18.4,4.94,0.8,0,,,μL/L,μL/L,正常,正常
alan456/data.xlsx,12.7,15.6,4.82,0.84,0,,,μL/L,μL/L,正常,正常
alan456/data.xlsx,12.8,17.3,4.6,0.86,0,,,μL/L,μL/L,正常,正常
alan456/data.xlsx,14,18.6,4.95,0.78,0,,,μL/L,μL/L,正常,正常
alan456/data.xlsx,12.9,18.4,4.4,0.73,0,,,μL/L,μL/L,正常,正常
alan456/data.xlsx,12.7,15.3,4.66,0.75,0,,,μL/L,μL/L,正常,正常
alan456/data.xlsx,12.8,16.1,4.3,0.82,0,,,μL/L,μL/L,正常,正常
alan456/data.xlsx,13.7,15.8,4.48,0.83,0,,,μL/L,μL/L,正常,正常
alan456/data.xlsx,12.7,16.4,4.63,0.87,0,,,μL/L,μL/L,正常,正常
alan456/data.xlsx,12.4,17.9,4.46,0.88,0,,,μL/L,μL/L,正常,正常
alan456/data.xlsx,13,16.1,4.32,0.76,0,,,μL/L,μL/L,正常,正常
alan456/data.xlsx,14,16.5,4.87,0.77,0,,,μL/L,μL/L,正常,正常
alan456/data.xlsx,14,16.5,4.52,0.79,0,,,μL/L,μL/L,正常,正常
alan456/data.xlsx,13.6,18.3,4.83,0.78,0,,,μL/L,μL/L,正常,正常
alan456/data.xlsx,13.5,16.6,4.64,0.85,0,,,μL/L,μL/L,正常,正常
alan456/data.xlsx,14.1,15.5,4.36,0.73,0,,,μL/L,μL/L,正常,正常
alan456/data.xlsx,13,16.3,4.62,0.74,0,,,μL/L,μL/L,正常,正常
alan456/data.xlsx,13.7,16.1,4.44,0.81,0,,,μL/L,μL/L,正常,正常
alan456/data.xlsx,14.2,15.5,4.57,0.77,0,,,μL/L,μL/L,正常,正常
alan456/data.xlsx,11.8,16.9,4.27,0.74,0,,,μL/L,μL/L,正常,正常
alan456/data.xlsx,12.4,16.4,4.1,0.8,0,,,μL/L,μL/L,正常,正常
alan456/data.xlsx,11.8,17.8,4.57,0.85,0,,,μL/L,μL/L,正常,正常
alan456/data.xlsx,12.8,15.4,4.77,0.85,0,,,μL/L,μL/L,正常,正常
alan456/data.xlsx,13.1,18.4,4.15,0.82,0,,,μL/L,μL/L,正常,正常
alan456/data.xlsx,13.2,17.5,4.13,0.86,0,,,μL/L,μL/L,正常,正常
alan456/data.xlsx,13.1,16.3,4.73,0.74,0,,,μL/L,μL/L,正常,正常
alan456/data.xlsx,12.3,15.8,4.29,0.76,0,,,μL/L,μL/L,正常,正常
alan456/data.xlsx,12.3,18,4.56,0.81,0,,,μL/L,μL/L,正常,正常
alan456/data.xlsx,14,17.5,4.92,0.76,0,,,μL/L,μL/L,正常,正常
alan456/data.xlsx,12.5,16.1,4.83,0.83,0,,,μL/L,μL/L,正常,正常
alan456/data.xlsx,13,15.4,4.41,0.76,0,,,μL/L,μL/L,正常,正常
alan456/data.xlsx,12.2,16.3,4.95,0.73,0,,,μL/L,μL/L,正常,正常
alan456/data.xlsx,13.4,17.3,4.16,0.82,0,,,μL/L,μL/L,正常,正常
alan456/data.xlsx,12.2,16.3,4.95,0.73,0,,,μL/L,μL/L,正常,正常
alan456/data.xlsx,13.4,17,4.53,0.72,0,,,μL/L,μL/L,正常,正常
alan456/data.xlsx,12.7,17.1,4.17,0.78,0,,,μL/L,μL/L,正常,正常
alan456/data.xlsx,12.9,17.8,4.72,0.84,0,,,μL/L,μL/L,正常,正常
alan456/data.xlsx,14,16.4,4.36,0.84,0,,,μL/L,μL/L,正常,正常
alan456/data.xlsx,12.2,16.6,4.75,0.77,0,,,μL/L,μL/L,正常,正常
alan456/data.xlsx,12.1,17.4,4.89,0.87,0,,,μL/L,μL/L,正常,正常
alan456/data.xlsx,12.4,16.3,4.8,0.73,0,,,μL/L,μL/L,正常,正常
alan456/data.xlsx,12.7,17.5,4.71,0.76,0,,,μL/L,μL/L,正常,正常
alan456/data.xlsx,11.8,17.4,4.58,0.83,0,,,μL/L,μL/L,正常,正常
alan456/data.xlsx,14.3,16.2,4.36,0.86,0,,,μL/L,μL/L,正常,正常
alan456/data.xlsx,12.8,15.4,4.77,0.85,0,,,μL/L,μL/L,正常,正常
alan456/data.xlsx,12.1,15.8,4.65,0.8,0,,,μL/L,μL/L,正常,正常
alan456/data.xlsx,13.5,15.3,4.4,0.87,0,,,μL/L,μL/L,正常,正常
alan456/data.xlsx,14.2,17.8,4.57,0.85,0,,,μL/L,μL/L,正常,正常
alan456/data.xlsx,12.6,18.4,4.3,0.84,0,,,μL/L,μL/L,正常,正常
alan456/data.xlsx,11.9,17,4.68,0.87,0,,,μL/L,μL/L,正常,正常
alan456/data.xlsx,14.1,17.7,4.46,0.86,0,,,μL/L,μL/L,正常,正常
alan456/data.xlsx,12,17.9,4.88,0.83,0,,,μL/L,μL/L,正常,正常
alan456/data.xlsx,12,15.3,4.66,0.86,0,,,μL/L,μL/L,正常,正常
alan456/data.xlsx,13.8,16.1,4.51,0.84,0,,,μL/L,μL/L,正常,正常
alan456/data.xlsx,13.4,18.7,4.78,0.86,0,,,μL/L,μL/L,正常,正常
alan456/data.xlsx,14.1,16.3,4.46,0.85,0,,,μL/L,μL/L,正常,正常
alan456/data.xlsx,13.9,15.9,4.82,0.82,0,,,μL/L,μL/L,正常,正常
alan456/data.xlsx,12.9,15.9,4.8,0.76,0,,,μL/L,μL/L,正常,正常
alan456/data.xlsx,14.1,16.3,4.46,0.85,0,,,μL/L,μL/L,正常,正常
alan456/data.xlsx,13.4,17.2,4.6,0.83,0,,,μL/L,μL/L,正常,正常
alan456/data.xlsx,12.2,17.8,4.85,0.87,0,,,μL/L,μL/L,正常,正常
alan456/data.xlsx,13.4,17.6,4.13,0.8,0,,,μL/L,μL/L,正常,正常
alan456/data.xlsx,14.2,15.6,4.77,0.76,0,,,μL/L,μL/L,正常,正常
alan456/data.xlsx,11.9,15.7,4.64,0.81,0,,,μL/L,μL/L,正常,正常
alan456/data.xlsx,11.7,17.1,4.77,0.87,0,,,μL/L,μL/L,正常,正常
alan456/data.xlsx,13.7,18.4,4.61,0.83,0,,,μL/L,μL/L,正常,正常
alan456/data.xlsx,13.1,16.3,4.82,0.81,0,,,μL/L,μL/L,正常,正常
alan456/data.xlsx,13.9,17.7,4.66,0.75,0,,,μL/L,μL/L,正常,正常
alan456/data.xlsx,11.9,16.3,4.94,0.81,0,,,μL/L,μL/L,正常,正常
alan456/data.xlsx,14.2,18.5,4.68,0.82,0,,,μL/L,μL/L,正常,正常
alan456/data.xlsx,11.8,16.5,4.27,0.87,0,,,μL/L,μL/L,正常,正常
alan456/data.xlsx,13.8,18.3,4.57,0.79,0,,,μL/L,μL/L,正常,正常
alan456/data.xlsx,12.1,18.3,4.53,0.73,0,,,μL/L,μL/L,正常,正常
alan456/data.xlsx,13.8,16.9,4.51,0.83,0,,,μL/L,μL/L,正常,正常
alan456/data.xlsx,13.5,16.6,4.64,0.85,0,,,μL/L,μL/L,正常,正常
alan456/data.xlsx,12.4,15.6,4.6,0.87,0,,,μL/L,μL/L,正常,正常
alan456/data.xlsx,12.3,18.2,4.26,0.77,0,,,μL/L,μL/L,正常,正常
alan456/data.xlsx,11.7,16.8,4.8,0.73,0,,,μL/L,μL/L,正常,正常
alan456/data.xlsx,12.9,17.5,4.18,0.81,0,,,μL/L,μL/L,正常,正常
alan456/data.xlsx,12.9,15.9,4.15,0.84,0,,,μL/L,μL/L,正常,正常
alan456/data.xlsx,13,17.6,4.41,0.84,0,,,μL/L,μL/L,正常,正常
alan456/data.xlsx,12.1,16.2,4.94,0.87,0,,,μL/L,μL/L,正常,正常
alan456/data.xlsx,12.5,16.6,4.6,0.85,0,,,μL/L,μL/L,正常,正常
alan456/data.xlsx,14.1,16.4,4.25,0.77,0,,,μL/L,μL/L,正常,正常
alan456/data.xlsx,12.6,15.8,4.86,0.77,0,,,μL/L,μL/L,正常,正常
alan456/data.xlsx,12.8,18,4.43,0.79,0,,,μL/L,μL/L,正常,正常
alan456/data.xlsx,12.3,18.6,4.2,0.83,0,,,μL/L,μL/L,正常,正常
alan456/data.xlsx,11.8,18.7,4.75,0.73,0,,,μL/L,μL/L,正常,正常
alan456/data.xlsx,13.6,16.4,4.35,0.74,0,,,μL/L,μL/L,正常,正常
alan456/data.xlsx,12.6,18.3,4.41,0.87,0,,,μL/L,μL/L,正常,正常
alan456/data.xlsx,13.6,16.4,4.35,0.74,0,,,μL/L,μL/L,正常,正常
alan456/data.xlsx,14.2,15.7,4.58,0.86,0,,,μL/L,μL/L,正常,正常
alan456/data.xlsx,13.4,18,4.74,0.75,0,,,μL/L,μL/L,正常,正常
alan456/data.xlsx,14.2,17.2,4.93,0.83,0,,,μL/L,μL/L,正常,正常
alan456/data.xlsx,13.6,16,4.27,0.85,0,,,μL/L,μL/L,正常,正常
alan456/data.xlsx,12.3,16.1,4.51,0.81,0,,,μL/L,μL/L,正常,正常
alan456/data.xlsx,13.2,15.9,4.77,0.74,0,,,μL/L,μL/L,正常,正常
alan456/data.xlsx,12.2,15.3,4.06,0.88,0,,,μL/L,μL/L,正常,正常
alan456/data.xlsx,13.1,16.1,4.44,0.82,0,,,μL/L,μL/L,正常,正常
alan456/data.xlsx,11.9,17.5,4.12,0.75,0,,,μL/L,μL/L,正常,正常
alan456/data.xlsx,13,17.4,4.67,0.77,0,,,μL/L,μL/L,正常,正常
alan456/data.xlsx,12.1,16.9,4.07,0.77,0,,,μL/L,μL/L,正常,正常
alan456/data.xlsx,12.6,18.1,4.81,0.74,0,,,μL/L,μL/L,正常,正常
alan456/dataset_(589).xlsx,1458,9,1812,0.0001,0.0001,,,μL/L,μL/L,局部放电,局部放电
alan456/dataset_(589).xlsx,2240,157,90,157,45,,,μL/L,μL/L,局部放电,局部放电
alan456/dataset_(589).xlsx,73,8,4,2,12,,,μL/L,μL/L,局部放电,局部放电
alan456/dataset_(589).xlsx,235,16,0.0001,35,0.0001,,,μL/L,μL/L,局部放电,局部放电
alan456/dataset_(589).xlsx,9340,995,60,6,7,,,μL/L,μL/L,局部放电,局部放电
alan456/dataset_(589).xlsx,33046,619,58,2,0.0001,,,μL/L,μL/L,局部放电,局部放电
alan456/dataset_(589).xlsx,8266,1061,22,0.0001,0.0001,,,μL/L,μL/L,局部放电,局部放电
alan456/dataset_(589).xlsx,230,15.9,16.3,1.9,2.4,,,μL/L,μL/L,局部放电,局部放电
alan456/dataset_(589).xlsx,109,16,0.0001,0.0001,0.0001,,,μL/L,μL/L,局部放电,局部放电
alan456/dataset_(589).xlsx,113,21,48,0.0001,4,,,μL/L,μL/L,局部放电,局部放电
alan456/dataset_(589).xlsx,1309,124,113,6,0.0001,,,μL/L,μL/L,局部放电,局部放电
alan456/dataset_(589).xlsx,1549.2,10.2,0.0001,53.19,0.0001,,,μL/L,μL/L,局部放电,局部放电
alan456/dataset_(589).xlsx,101,8.1,0.0001,3,0.0001,,,μL/L,μL/L,局部放电,局部放电
alan456/dataset_(589).xlsx,36036,4704,554,5,10,,,μL/L,μL/L,局部放电,局部放电
alan456/dataset_(589).xlsx,160,10,3,1,1,,,μL/L,μL/L,局部放电,局部放电
alan456/dataset_(589).xlsx,1076,95,4,71,231,,,μL/L,μL/L,局部放电,局部放电
alan456/dataset_(589).xlsx,407,28,15,21,0.0001,,,μL/L,μL/L,局部放电,局部放电
alan456/dataset_(589).xlsx,2240,560,380,450,940,,,μL/L,μL/L,局部放电,局部放电
alan456/dataset_(589).xlsx,92600,10200,1,2,0.0001,,,μL/L,μL/L,局部放电,局部放电
alan456/dataset_(589).xlsx,2587.2,112.25,4.704,1.4,0.0001,,,μL/L,μL/L,局部放电,局部放电
alan456/dataset_(589).xlsx,195.9,14.5,11.6,2.4,0.0001,,,μL/L,μL/L,局部放电,局部放电
alan456/dataset_(589).xlsx,180.85,0.574,0.234,0.188,0.0001,,,μL/L,μL/L,局部放电,局部放电
alan456/dataset_(589).xlsx,4480,560,380,403,896,,,μL/L,μL/L,局部放电,局部放电
alan456/dataset_(589).xlsx,1651,90,33,45,2,,,μL/L,μL/L,局部放电,局部放电
alan456/dataset_(589).xlsx,980,73,58,12,0.0001,,,μL/L,μL/L,局部放电,局部放电
alan456/dataset_(589).xlsx,6600,1000,38,2,19,,,μL/L,μL/L,局部放电,局部放电
alan456/dataset_(589).xlsx,56,61,75,32,31,,,μL/L,μL/L,局部放电,局部放电
alan456/dataset_(589).xlsx,2240,168,25,0.0001,0.0001,,,μL/L,μL/L,局部放电,局部放电
alan456/dataset_(589).xlsx,92600,10200,0.0001,0.0001,0.0001,,,μL/L,μL/L,局部放电,局部放电
alan456/dataset_(589).xlsx,24.3,15.7,6.4,11.2,29.8,,,μL/L,μL/L,局部放电,局部放电
alan456/dataset_(589).xlsx,485,35,29,6,0.0001,,,μL/L,μL/L,局部放电,局部放电
alan456/dataset_(589).xlsx,109,4,11,9,0.0001,,,μL/L,μL/L,局部放电,局部放电
alan456/dataset_(589).xlsx,16000,4000,500,8500,16000,,,μL/L,μL/L,局部放电,局部放电
alan456/dataset_(589).xlsx,2031,149,20,3,0.0001,,,μL/L,μL/L,局部放电,局部放电
alan456/dataset_(589).xlsx,870,77,73,54,14,,,μL/L,μL/L,局部放电,局部放电
alan456/dataset_(589).xlsx,106,4,2,1,0.0001,,,μL/L,μL/L,局部放电,局部放电
alan456/dataset_(589).xlsx,32930,2397,157,0.0001,0.0001,,,μL/L,μL/L,局部放电,局部放电
alan456/dataset_(589).xlsx,197,12,6.6,15,0.0001,,,μL/L,μL/L,局部放电,局部放电
alan456/dataset_(589).xlsx,117,17,1,3,1,,,μL/L,μL/L,局部放电,局部放电
alan456/dataset_(589).xlsx,160,24.7,38.5,0.0001,0.0001,,,μL/L,μL/L,局部放电,局部放电
alan456/dataset_(589).xlsx,134,13,156,0.0001,0.0001,,,μL/L,μL/L,局部放电,局部放电
alan456/dataset_(589).xlsx,166,21,38,6,0.0001,,,μL/L,μL/L,局部放电,局部放电
alan456/dataset_(589).xlsx,183,6,0.0001,5,0.0001,,,μL/L,μL/L,局部放电,局部放电
alan456/dataset_(589).xlsx,2240,157,90,45,45,,,μL/L,μL/L,局部放电,局部放电
alan456/dataset_(589).xlsx,6454,2313,121,2159,6432,,,μL/L,μL/L,低能放电,低能放电
alan456/dataset_(589).xlsx,240,20,5,28,96,,,μL/L,μL/L,低能放电,低能放电
alan456/dataset_(589).xlsx,65.2,20,3.9,8.13,25.1,,,μL/L,μL/L,低能放电,低能放电
alan456/dataset_(589).xlsx,143,5.8,16,10.6,26.3,,,μL/L,μL/L,低能放电,低能放电
alan456/dataset_(589).xlsx,30.1,17.1,2.2,5.5,30.1,,,μL/L,μL/L,低能放电,低能放电
alan456/dataset_(589).xlsx,120,25,1,8,40,,,μL/L,μL/L,低能放电,低能放电
alan456/dataset_(589).xlsx,137,6,11.4,6.4,16.5,,,μL/L,μL/L,低能放电,低能放电
alan456/dataset_(589).xlsx,23,63,54,10,0.3,,,μL/L,μL/L,低能放电,低能放电
alan456/dataset_(589).xlsx,4879,262,15,332,1827,,,μL/L,μL/L,低能放电,低能放电
alan456/dataset_(589).xlsx,301,5.78,4.7,9.7,5,,,μL/L,μL/L,低能放电,低能放电
alan456/dataset_(589).xlsx,716,7.1,3.3,20,6.8,,,μL/L,μL/L,低能放电,低能放电
alan456/dataset_(589).xlsx,289,13.4,18.2,49.8,36.3,,,μL/L,μL/L,低能放电,低能放电
alan456/dataset_(589).xlsx,179,29,10,17,33,,,μL/L,μL/L,低能放电,低能放电
alan456/dataset_(589).xlsx,2177,1049,207,440,705,,,μL/L,μL/L,低能放电,低能放电
alan456/dataset_(589).xlsx,7600,1230,318,836,1560,,,μL/L,μL/L,低能放电,低能放电
alan456/dataset_(589).xlsx,543,120,41,411,1880,,,μL/L,μL/L,低能放电,低能放电
alan456/dataset_(589).xlsx,186,38.3,13,37,85.9,,,μL/L,μL/L,低能放电,低能放电
alan456/dataset_(589).xlsx,4.1,3.5,0.68,1.2,5.2,,,μL/L,μL/L,低能放电,低能放电
alan456/dataset_(589).xlsx,210,22,6,6,7,,,μL/L,μL/L,低能放电,低能放电
alan456/dataset_(589).xlsx,254,5.2,0.0001,9.3,88,,,μL/L,μL/L,低能放电,低能放电
alan456/dataset_(589).xlsx,385,28.8,50,82.3,171,,,μL/L,μL/L,低能放电,低能放电
alan456/dataset_(589).xlsx,843,133,12,168,385,,,μL/L,μL/L,低能放电,低能放电
alan456/dataset_(589).xlsx,208,7.6,27.5,9.7,14.4,,,μL/L,μL/L,低能放电,低能放电
alan456/dataset_(589).xlsx,65.5,23.3,1,2.1,26,,,μL/L,μL/L,低能放电,低能放电
alan456/dataset_(589).xlsx,35,6,3,26,482,,,μL/L,μL/L,低能放电,低能放电
alan456/dataset_(589).xlsx,3559,187,22,230,1140,,,μL/L,μL/L,低能放电,低能放电
alan456/dataset_(589).xlsx,10092,5399,530,6500,37565,,,μL/L,μL/L,低能放电,低能放电
alan456/dataset_(589).xlsx,1900,285,31,957,7730,,,μL/L,μL/L,低能放电,低能放电
alan456/dataset_(589).xlsx,307,22,2,33,109,,,μL/L,μL/L,低能放电,低能放电
alan456/dataset_(589).xlsx,225,4.7,0.0001,8.7,89,,,μL/L,μL/L,低能放电,低能放电
alan456/dataset_(589).xlsx,78,20,11,13,28,,,μL/L,μL/L,低能放电,低能放电
alan456/dataset_(589).xlsx,266,30.2,4.9,26.2,60.2,,,μL/L,μL/L,低能放电,低能放电
alan456/dataset_(589).xlsx,645,86,13,110,317,,,μL/L,μL/L,低能放电,低能放电
alan456/dataset_(589).xlsx,119,8,23.3,7.9,12.3,,,μL/L,μL/L,低能放电,低能放电
alan456/dataset_(589).xlsx,57,24,2,27,30,,,μL/L,μL/L,低能放电,低能放电
alan456/dataset_(589).xlsx,14.2,4,1.4,1.5,9.51,,,μL/L,μL/L,低能放电,低能放电
alan456/dataset_(589).xlsx,818,94,49,121,978,,,μL/L,μL/L,低能放电,低能放电
alan456/dataset_(589).xlsx,115,25.5,110,12.2,8.6,,,μL/L,μL/L,低能放电,低能放电
alan456/dataset_(589).xlsx,205,20,8,0.0001,6,,,μL/L,μL/L,低能放电,低能放电
alan456/dataset_(589).xlsx,101.72,27.65,7.13,16.92,53.87,,,μL/L,μL/L,低能放电,低能放电
alan456/dataset_(589).xlsx,135,27,24,9,13,,,μL/L,μL/L,低能放电,低能放电
alan456/dataset_(589).xlsx,47.5,22.9,4.5,9.6,15.3,,,μL/L,μL/L,低能放电,低能放电
alan456/dataset_(589).xlsx,6870,1028,79,900,5500,,,μL/L,μL/L,低能放电,低能放电
alan456/dataset_(589).xlsx,119,8,20,0.0001,21,,,μL/L,μL/L,低能放电,低能放电
alan456/dataset_(589).xlsx,60,10,4,4,4,,,μL/L,μL/L,低能放电,低能放电
alan456/dataset_(589).xlsx,385,60,8,53,159,,,μL/L,μL/L,低能放电,低能放电
alan456/dataset_(589).xlsx,5.26,0.0001,0.0001,28.2,66.4,,,μL/L,μL/L,低能放电,低能放电
alan456/dataset_(589).xlsx,2510,202,139,208,1730,,,μL/L,μL/L,低能放电,低能放电
alan456/dataset_(589).xlsx,650,81,170,51,270,,,μL/L,μL/L,低能放电,低能放电
alan456/dataset_(589).xlsx,153,18,9,0.0001,278,,,μL/L,μL/L,低能放电,低能放电
alan456/dataset_(589).xlsx,1790,580,321,336,619,,,μL/L,μL/L,低能放电,低能放电
alan456/dataset_(589).xlsx,256,8,37.4,15,21.1,,,μL/L,μL/L,低能放电,低能放电
alan456/dataset_(589).xlsx,60,10,0.0001,11,39,,,μL/L,μL/L,低能放电,低能放电
alan456/dataset_(589).xlsx,151,13.5,50.7,5,9.2,,,μL/L,μL/L,低能放电,低能放电
alan456/dataset_(589).xlsx,9,3.9,0.8,4,13,,,μL/L,μL/L,低能放电,低能放电
alan456/dataset_(589).xlsx,274,27,5,33,97,,,μL/L,μL/L,低能放电,低能放电
alan456/dataset_(589).xlsx,305,100,33,161,541,,,μL/L,μL/L,低能放电,低能放电
alan456/dataset_(589).xlsx,176,652.9,47.7,75.7,68.7,,,μL/L,μL/L,低能放电,低能放电
alan456/dataset_(589).xlsx,87,34,23,15,60,,,μL/L,μL/L,高能放电,高能放电
alan456/dataset_(589).xlsx,220,77,22,170,240,,,μL/L,μL/L,高能放电,高能放电
alan456/dataset_(589).xlsx,274,27,5,33,97,,,μL/L,μL/L,高能放电,高能放电
alan456/dataset_(589).xlsx,155,49,69.3,42,10.7,,,μL/L,μL/L,高能放电,高能放电
alan456/dataset_(589).xlsx,137,67,7,53,104,,,μL/L,μL/L,高能放电,高能放电
alan456/dataset_(589).xlsx,63,22,15,11,76,,,μL/L,μL/L,高能放电,高能放电
alan456/dataset_(589).xlsx,292,346,32,313,196,,,μL/L,μL/L,高能放电,高能放电
alan456/dataset_(589).xlsx,217,286,14,458,884,,,μL/L,μL/L,高能放电,高能放电
alan456/dataset_(589).xlsx,13500,6110,212,4510,4040,,,μL/L,μL/L,高能放电,高能放电
alan456/dataset_(589).xlsx,88.5,22.8,108.4,12,7.5,,,μL/L,μL/L,高能放电,高能放电
alan456/dataset_(589).xlsx,50,42,98,10,33,,,μL/L,μL/L,高能放电,高能放电
alan456/dataset_(589).xlsx,60,5,2,21,32,,,μL/L,μL/L,高能放电,高能放电
alan456/dataset_(589).xlsx,25,9,6,5,44,,,μL/L,μL/L,高能放电,高能放电
alan456/dataset_(589).xlsx,37.9,7.7,2.16,18.4,33.7,,,μL/L,μL/L,高能放电,高能放电
alan456/dataset_(589).xlsx,18.34,16.26,3.38,17.95,16.42,,,μL/L,μL/L,高能放电,高能放电
alan456/dataset_(589).xlsx,1084,188,8,166,769,,,μL/L,μL/L,高能放电,高能放电
alan456/dataset_(589).xlsx,497,230,51,151,122,,,μL/L,μL/L,高能放电,高能放电
alan456/dataset_(589).xlsx,32.4,5.5,1.4,12.6,13.2,,,μL/L,μL/L,高能放电,高能放电
alan456/dataset_(589).xlsx,19,12,2,8,63,,,μL/L,μL/L,高能放电,高能放电
alan456/dataset_(589).xlsx,210,43,12,102,187,,,μL/L,μL/L,高能放电,高能放电
alan456/dataset_(589).xlsx,26,68,93,31,59,,,μL/L,μL/L,高能放电,高能放电
alan456/dataset_(589).xlsx,114,41,27,15,42,,,μL/L,μL/L,高能放电,高能放电
alan456/dataset_(589).xlsx,7150,1440,97,1210,1760,,,μL/L,μL/L,高能放电,高能放电
alan456/dataset_(589).xlsx,8,0.0001,0.0001,43,101,,,μL/L,μL/L,高能放电,高能放电
alan456/dataset_(589).xlsx,1607,615,80,916,1294,,,μL/L,μL/L,高能放电,高能放电
alan456/dataset_(589).xlsx,46,20,14,10,42,,,μL/L,μL/L,高能放电,高能放电
alan456/dataset_(589).xlsx,1027,185,17,271,399,,,μL/L,μL/L,高能放电,高能放电
alan456/dataset_(589).xlsx,37,11.8,15.5,43.6,83.3,,,μL/L,μL/L,高能放电,高能放电
alan456/dataset_(589).xlsx,200,48,14,117,131,,,μL/L,μL/L,高能放电,高能放电
alan456/dataset_(589).xlsx,392,153,82,45,236,,,μL/L,μL/L,高能放电,高能放电
alan456/dataset_(589).xlsx,12.4,6.5,15.3,69,15,,,μL/L,μL/L,高能放电,高能放电
alan456/dataset_(589).xlsx,71,151,9,89,412,,,μL/L,μL/L,高能放电,高能放电
alan456/dataset_(589).xlsx,127,24,0.0001,32,81,,,μL/L,μL/L,高能放电,高能放电
alan456/dataset_(589).xlsx,800,160,23,260,600,,,μL/L,μL/L,高能放电,高能放电
alan456/dataset_(589).xlsx,212,38,15,47,78,,,μL/L,μL/L,高能放电,高能放电
alan456/dataset_(589).xlsx,8200,3790,250,4620,277,,,μL/L,μL/L,高能放电,高能放电
alan456/dataset_(589).xlsx,2800,2800,234,3500,3600,,,μL/L,μL/L,高能放电,高能放电
alan456/dataset_(589).xlsx,195.7,58,16.4,91.6,96.9,,,μL/L,μL/L,高能放电,高能放电
alan456/dataset_(589).xlsx,235,39.45,9.63,210,257,,,μL/L,μL/L,高能放电,高能放电
alan456/dataset_(589).xlsx,441,207,43,224,261,,,μL/L,μL/L,高能放电,高能放电
alan456/dataset_(589).xlsx,110,62,90,140,250,,,μL/L,μL/L,高能放电,高能放电
alan456/dataset_(589).xlsx,88,21.8,79.2,41.2,41.5,,,μL/L,μL/L,高能放电,高能放电
alan456/dataset_(589).xlsx,531,111.9,22.7,122.5,169,,,μL/L,μL/L,高能放电,高能放电
alan456/dataset_(589).xlsx,9474,4066,353,6552,12997,,,μL/L,μL/L,高能放电,高能放电
alan456/dataset_(589).xlsx,152,116,7,131,414,,,μL/L,μL/L,高能放电,高能放电
alan456/dataset_(589).xlsx,150,130,9,55,30,,,μL/L,μL/L,高能放电,高能放电
alan456/dataset_(589).xlsx,75,15,7,14,250,,,μL/L,μL/L,高能放电,高能放电
alan456/dataset_(589).xlsx,43,19,3,0.0001,40,,,μL/L,μL/L,高能放电,高能放电
alan456/dataset_(589).xlsx,1114,719,188,1217,699,,,μL/L,μL/L,高能放电,高能放电
alan456/dataset_(589).xlsx,35,11,0.0001,7,146,,,μL/L,μL/L,高能放电,高能放电
alan456/dataset_(589).xlsx,629,402,16,298,1127,,,μL/L,μL/L,高能放电,高能放电
alan456/dataset_(589).xlsx,7940,2000,355,3120,5390,,,μL/L,μL/L,高能放电,高能放电
alan456/dataset_(589).xlsx,7020,1850,0.0001,2960,4410,,,μL/L,μL/L,高能放电,高能放电
alan456/dataset_(589).xlsx,151,51,16,12,19,,,μL/L,μL/L,高能放电,高能放电
alan456/dataset_(589).xlsx,2,41,133,9,21,,,μL/L,μL/L,高能放电,高能放电
alan456/dataset_(589).xlsx,75.5,30.2,2.33,30.3,18.2,,,μL/L,μL/L,高能放电,高能放电
alan456/dataset_(589).xlsx,17,42,192,12,20,,,μL/L,μL/L,高能放电,高能放电
alan456/dataset_(589).xlsx,156,55,103,13,16,,,μL/L,μL/L,高能放电,高能放电
alan456/dataset_(589).xlsx,21,34,5,47,62,,,μL/L,μL/L,高能放电,高能放电
alan456/dataset_(589).xlsx,64,18,1,4,122,,,μL/L,μL/L,高能放电,高能放电
alan456/dataset_(589).xlsx,25,28,27,15,80,,,μL/L,μL/L,高能放电,高能放电
alan456/dataset_(589).xlsx,2770,660,54,712,763,,,μL/L,μL/L,高能放电,高能放电
alan456/dataset_(589).xlsx,4419,3564,668,2861,2025,,,μL/L,μL/L,高能放电,高能放电
alan456/dataset_(589).xlsx,1500,395,28,395,323,,,μL/L,μL/L,高能放电,高能放电
alan456/dataset_(589).xlsx,10,15,0.0001,0.0001,35,,,μL/L,μL/L,高能放电,高能放电
alan456/dataset_(589).xlsx,1570,1110,175,1780,1830,,,μL/L,μL/L,高能放电,高能放电
alan456/dataset_(589).xlsx,22,14,19,6,56,,,μL/L,μL/L,高能放电,高能放电
alan456/dataset_(589).xlsx,1249,370,56,606,1371,,,μL/L,μL/L,高能放电,高能放电
alan456/dataset_(589).xlsx,1900,530,35,383,434,,,μL/L,μL/L,高能放电,高能放电
alan456/dataset_(589).xlsx,5900,1500,68,1200,2300,,,μL/L,μL/L,高能放电,高能放电
alan456/dataset_(589).xlsx,3700,1690,128,2810,3270,,,μL/L,μL/L,高能放电,高能放电
alan456/dataset_(589).xlsx,75,5,31,69,36,,,μL/L,μL/L,高能放电,高能放电
alan456/dataset_(589).xlsx,323,115,7,130,446,,,μL/L,μL/L,高能放电,高能放电
alan456/dataset_(589).xlsx,127,107,11,154,224,,,μL/L,μL/L,高能放电,高能放电
alan456/dataset_(589).xlsx,3090,5020,323,3800,2540,,,μL/L,μL/L,高能放电,高能放电
alan456/dataset_(589).xlsx,48,20,69,41,31,,,μL/L,μL/L,高能放电,高能放电
alan456/dataset_(589).xlsx,60,5,2,21,21,,,μL/L,μL/L,高能放电,高能放电
alan456/dataset_(589).xlsx,30,14,1,9,43,,,μL/L,μL/L,高能放电,高能放电
alan456/dataset_(589).xlsx,7020,1850,0.0001,2960,4410,,,μL/L,μL/L,高能放电,高能放电
alan456/dataset_(589).xlsx,1170,255,18,312,325,,,μL/L,μL/L,高能放电,高能放电
alan456/dataset_(589).xlsx,858,1324,208,2793,7672,,,μL/L,μL/L,高能放电,高能放电
alan456/dataset_(589).xlsx,14.3,92.6,83.9,16.7,26.8,,,μL/L,μL/L,高能放电,高能放电
alan456/dataset_(589).xlsx,57,148,197,72,42,,,μL/L,μL/L,高能放电,高能放电
alan456/dataset_(589).xlsx,260,215,35,334,277,,,μL/L,μL/L,高能放电,高能放电
alan456/dataset_(589).xlsx,215,84.8,87.7,1002,212,,,μL/L,μL/L,高能放电,高能放电
alan456/dataset_(589).xlsx,440,89,19,304,757,,,μL/L,μL/L,高能放电,高能放电
alan456/dataset_(589).xlsx,77,36,27,18,76,,,μL/L,μL/L,高能放电,高能放电
alan456/dataset_(589).xlsx,60,85,5,67,227,,,μL/L,μL/L,高能放电,高能放电
alan456/dataset_(589).xlsx,594,230,44,130,102,,,μL/L,μL/L,高能放电,高能放电
alan456/dataset_(589).xlsx,1820,405,35,365,634,,,μL/L,μL/L,高能放电,高能放电
alan456/dataset_(589).xlsx,123,50.7,9,62,65.9,,,μL/L,μL/L,高能放电,高能放电
alan456/dataset_(589).xlsx,90,28,8,31,32,,,μL/L,μL/L,高能放电,高能放电
alan456/dataset_(589).xlsx,26.6,4,0.0001,8,50,,,μL/L,μL/L,高能放电,高能放电
alan456/dataset_(589).xlsx,46,21,1,11,93,,,μL/L,μL/L,高能放电,高能放电
alan456/dataset_(589).xlsx,13,3,1,3,6,,,μL/L,μL/L,高能放电,高能放电
alan456/dataset_(589).xlsx,305,85,25,197,130,,,μL/L,μL/L,高能放电,高能放电
alan456/dataset_(589).xlsx,75,15,7,14,26,,,μL/L,μL/L,高能放电,高能放电
alan456/dataset_(589).xlsx,307,22,2,33,109,,,μL/L,μL/L,高能放电,高能放电
alan456/dataset_(589).xlsx,0.0001,21,0.0001,0.0001,40,,,μL/L,μL/L,高能放电,高能放电
alan456/dataset_(589).xlsx,88,45,57,15,39,,,μL/L,μL/L,高能放电,高能放电
alan456/dataset_(589).xlsx,80,28,4,15,107,,,μL/L,μL/L,高能放电,高能放电
alan456/dataset_(589).xlsx,755,229,32,404,460,,,μL/L,μL/L,高能放电,高能放电
alan456/dataset_(589).xlsx,530,345,85,266,250,,,μL/L,μL/L,高能放电,高能放电
alan456/dataset_(589).xlsx,310,230,54,610,760,,,μL/L,μL/L,高能放电,高能放电
alan456/dataset_(589).xlsx,620,325,38,181,244,,,μL/L,μL/L,高能放电,高能放电
alan456/dataset_(589).xlsx,4906,8784,1404,9924,9671,,,μL/L,μL/L,高能放电,高能放电
alan456/dataset_(589).xlsx,85,98,315,30,0.0001,,,μL/L,μL/L,低温过热,低温过热
alan456/dataset_(589).xlsx,12,28,102,3,0.0001,,,μL/L,μL/L,低温过热,低温过热
alan456/dataset_(589).xlsx,36,167,230,18,0.0001,,,μL/L,μL/L,低温过热,低温过热
alan456/dataset_(589).xlsx,24,47,113,10,0.0001,,,μL/L,μL/L,低温过热,低温过热
alan456/dataset_(589).xlsx,54.9,8.8,80,2.5,0.0001,,,μL/L,μL/L,低温过热,低温过热
alan456/dataset_(589).xlsx,112,68,136,9,0.0001,,,μL/L,μL/L,低温过热,低温过热
alan456/dataset_(589).xlsx,7,15,78,58,0.0001,,,μL/L,μL/L,低温过热,低温过热
alan456/dataset_(589).xlsx,219,44,3,3,0.0001,,,μL/L,μL/L,低温过热,低温过热
alan456/dataset_(589).xlsx,39.4,65.2,103.9,8.1,0.0001,,,μL/L,μL/L,低温过热,低温过热
alan456/dataset_(589).xlsx,95,110,160,50,0.0001,,,μL/L,μL/L,低温过热,低温过热
alan456/dataset_(589).xlsx,0.0001,153,395,11.7,0.0001,,,μL/L,μL/L,低温过热,低温过热
alan456/dataset_(589).xlsx,121,73,179,11,0.0001,,,μL/L,μL/L,低温过热,低温过热
alan456/dataset_(589).xlsx,74,173,263,33,0.0001,,,μL/L,μL/L,低温过热,低温过热
alan456/dataset_(589).xlsx,13,59,117,44,0.0001,,,μL/L,μL/L,低温过热,低温过热
alan456/dataset_(589).xlsx,13,138,83,16,0.0001,,,μL/L,μL/L,低温过热,低温过热
alan456/dataset_(589).xlsx,36,21,65,2,0.0001,,,μL/L,μL/L,低温过热,低温过热
alan456/dataset_(589).xlsx,9,56,135,7,1,,,μL/L,μL/L,低温过热,低温过热
alan456/dataset_(589).xlsx,0.0001,187,609,13,0.0001,,,μL/L,μL/L,低温过热,低温过热
alan456/dataset_(589).xlsx,820,1740,951,867,128,,,μL/L,μL/L,低温过热,低温过热
alan456/dataset_(589).xlsx,10,56,72,70,0.0001,,,μL/L,μL/L,低温过热,低温过热
alan456/dataset_(589).xlsx,12,18,4,4,0.0001,,,μL/L,μL/L,低温过热,低温过热
alan456/dataset_(589).xlsx,10,26,147,6,0.0001,,,μL/L,μL/L,低温过热,低温过热
alan456/dataset_(589).xlsx,143.2,123,38,75,0.0001,,,μL/L,μL/L,低温过热,低温过热
alan456/dataset_(589).xlsx,18,30,146,8,0.0001,,,μL/L,μL/L,低温过热,低温过热
alan456/dataset_(589).xlsx,27,28,136,8,0.0001,,,μL/L,μL/L,低温过热,低温过热
alan456/dataset_(589).xlsx,34,8.6,70.3,3.1,0.0001,,,μL/L,μL/L,低温过热,低温过热
alan456/dataset_(589).xlsx,113,137,173,34,0.0001,,,μL/L,μL/L,低温过热,低温过热
alan456/dataset_(589).xlsx,45,125,111,25,0.0001,,,μL/L,μL/L,低温过热,低温过热
alan456/dataset_(589).xlsx,78,66,62,2.6,0.0001,,,μL/L,μL/L,低温过热,低温过热
alan456/dataset_(589).xlsx,55,22,358,2.6,0.0001,,,μL/L,μL/L,低温过热,低温过热
alan456/dataset_(589).xlsx,10,63,176,35,0.0001,,,μL/L,μL/L,低温过热,低温过热
alan456/dataset_(589).xlsx,11,271,465,32,0.0001,,,μL/L,μL/L,低温过热,低温过热
alan456/dataset_(589).xlsx,34,30,34,2.5,0.0001,,,μL/L,μL/L,低温过热,低温过热
alan456/dataset_(589).xlsx,187,86,155,21,6,,,μL/L,μL/L,低温过热,低温过热
alan456/dataset_(589).xlsx,93.5,131.9,39,11.7,0.0001,,,μL/L,μL/L,低温过热,低温过热
alan456/dataset_(589).xlsx,48,40,11,0.5,0.0001,,,μL/L,μL/L,低温过热,低温过热
alan456/dataset_(589).xlsx,124,166,87,59,0.0001,,,μL/L,μL/L,低温过热,低温过热
alan456/dataset_(589).xlsx,8,16,88,7,0.0001,,,μL/L,μL/L,低温过热,低温过热
alan456/dataset_(589).xlsx,320,131,187,127,0.0001,,,μL/L,μL/L,低温过热,低温过热
alan456/dataset_(589).xlsx,92,27,67,7,0.0001,,,μL/L,μL/L,低温过热,低温过热
alan456/dataset_(589).xlsx,900,9180,0.0001,900,22,,,μL/L,μL/L,低温过热,低温过热
alan456/dataset_(589).xlsx,6,197,476.9,16.9,0.0001,,,μL/L,μL/L,低温过热,低温过热
alan456/dataset_(589).xlsx,0.0001,215,555,18.4,0.0001,,,μL/L,μL/L,低温过热,低温过热
alan456/dataset_(589).xlsx,78,66,283,2.6,0.0001,,,μL/L,μL/L,低温过热,低温过热
alan456/dataset_(589).xlsx,130,140,24,120,0.0001,,,μL/L,μL/L,低温过热,低温过热
alan456/dataset_(589).xlsx,10,24,80,5,0.0001,,,μL/L,μL/L,低温过热,低温过热
alan456/dataset_(589).xlsx,0.0001,224,0.0001,45,0.0001,,,μL/L,μL/L,低温过热,低温过热
alan456/dataset_(589).xlsx,19,48,76,18,0.0001,,,μL/L,μL/L,低温过热,低温过热
alan456/dataset_(589).xlsx,6,38,93,32,0.0001,,,μL/L,μL/L,低温过热,低温过热
alan456/dataset_(589).xlsx,11,46,155,18,0.0001,,,μL/L,μL/L,低温过热,低温过热
alan456/dataset_(589).xlsx,27,49,192,9,0.0001,,,μL/L,μL/L,低温过热,低温过热
alan456/dataset_(589).xlsx,103,74,80,9,0.0001,,,μL/L,μL/L,低温过热,低温过热
alan456/dataset_(589).xlsx,31.2,8.9,119,4.4,0.0001,,,μL/L,μL/L,低温过热,低温过热
alan456/dataset_(589).xlsx,0.0001,33.7,136,11.4,0.0001,,,μL/L,μL/L,低温过热,低温过热
alan456/dataset_(589).xlsx,6,3,0.8,0.7,0.0001,,,μL/L,μL/L,低温过热,低温过热
alan456/dataset_(589).xlsx,181,262,41,28,0.0001,,,μL/L,μL/L,低温过热,低温过热
alan456/dataset_(589).xlsx,14,44,124,7,1,,,μL/L,μL/L,低温过热,低温过热
alan456/dataset_(589).xlsx,1,27,49,4,1,,,μL/L,μL/L,低温过热,低温过热
alan456/dataset_(589).xlsx,50,3,1,0.0001,0.0001,,,μL/L,μL/L,低温过热,低温过热
alan456/dataset_(589).xlsx,21,14,191,90,0.0001,,,μL/L,μL/L,低温过热,低温过热
alan456/dataset_(589).xlsx,160,130,33,96,0.0001,,,μL/L,μL/L,低温过热,低温过热
alan456/dataset_(589).xlsx,16,68,157,19,0.0001,,,μL/L,μL/L,低温过热,低温过热
alan456/dataset_(589).xlsx,122,161,271,35,0.0001,,,μL/L,μL/L,低温过热,低温过热
alan456/dataset_(589).xlsx,4,99,82,4.2,0.1,,,μL/L,μL/L,低温过热,低温过热
alan456/dataset_(589).xlsx,157,46,76,12,0.0001,,,μL/L,μL/L,低温过热,低温过热
alan456/dataset_(589).xlsx,38,38,296,14,0.0001,,,μL/L,μL/L,低温过热,低温过热
alan456/dataset_(589).xlsx,24.7,20.4,117,71,6.8,,,μL/L,μL/L,低温过热,低温过热
alan456/dataset_(589).xlsx,74.8,30.1,82.3,13.6,0.0001,,,μL/L,μL/L,低温过热,低温过热
alan456/dataset_(589).xlsx,33,29,9,12,0.0001,,,μL/L,μL/L,低温过热,低温过热
alan456/dataset_(589).xlsx,74,100,85,17,0.0001,,,μL/L,μL/L,低温过热,低温过热
alan456/dataset_(589).xlsx,5,14,234,5,0.0001,,,μL/L,μL/L,低温过热,低温过热
alan456/dataset_(589).xlsx,181,162,70,132,0.0001,,,μL/L,μL/L,低温过热,低温过热
alan456/dataset_(589).xlsx,36,94,78,13,2,,,μL/L,μL/L,低温过热,低温过热
alan456/dataset_(589).xlsx,505.57,475.35,242.3,524.45,3.29,,,μL/L,μL/L,低温过热,低温过热
alan456/dataset_(589).xlsx,25,49,42,58,0.0001,,,μL/L,μL/L,中温过热,中温过热
alan456/dataset_(589).xlsx,14,15,42,73,0.0001,,,μL/L,μL/L,中温过热,中温过热
alan456/dataset_(589).xlsx,180,175,75,50,4,,,μL/L,μL/L,中温过热,中温过热
alan456/dataset_(589).xlsx,59,119,36,70,0.0001,,,μL/L,μL/L,中温过热,中温过热
alan456/dataset_(589).xlsx,185,302,27,33,0.0001,,,μL/L,μL/L,中温过热,中温过热
alan456/dataset_(589).xlsx,1270,3450,520,1390,8,,,μL/L,μL/L,中温过热,中温过热
alan456/dataset_(589).xlsx,119,670,286,934,19,,,μL/L,μL/L,中温过热,中温过热
alan456/dataset_(589).xlsx,72,442,221,461,0.7,,,μL/L,μL/L,中温过热,中温过热
alan456/dataset_(589).xlsx,16,98,35,64,0.0001,,,μL/L,μL/L,中温过热,中温过热
alan456/dataset_(589).xlsx,41,65,22,58,0.0001,,,μL/L,μL/L,中温过热,中温过热
alan456/dataset_(589).xlsx,110.6,458.8,242.6,406.4,0.0001,,,μL/L,μL/L,中温过热,中温过热
alan456/dataset_(589).xlsx,200,700,250,740,1,,,μL/L,μL/L,中温过热,中温过热
alan456/dataset_(589).xlsx,15,159,29,87,0.0001,,,μL/L,μL/L,中温过热,中温过热
alan456/dataset_(589).xlsx,18,63,20,51,0.0001,,,μL/L,μL/L,中温过热,中温过热
alan456/dataset_(589).xlsx,54,143,23,101,0.0001,,,μL/L,μL/L,中温过热,中温过热
alan456/dataset_(589).xlsx,43,116,65,139,0.0001,,,μL/L,μL/L,中温过热,中温过热
alan456/dataset_(589).xlsx,73,177,37,52,0.0001,,,μL/L,μL/L,中温过热,中温过热
alan456/dataset_(589).xlsx,57,141,38,51,0.0001,,,μL/L,μL/L,中温过热,中温过热
alan456/dataset_(589).xlsx,15,139,160,343,0.0001,,,μL/L,μL/L,中温过热,中温过热
alan456/dataset_(589).xlsx,23.51,61.33,45.21,98.03,1.01,,,μL/L,μL/L,中温过热,中温过热
alan456/dataset_(589).xlsx,2,123,7,18,0.0001,,,μL/L,μL/L,中温过热,中温过热
alan456/dataset_(589).xlsx,24,80,258,741,6,,,μL/L,μL/L,中温过热,中温过热
alan456/dataset_(589).xlsx,613,3240,1432,2788,0.0001,,,μL/L,μL/L,中温过热,中温过热
alan456/dataset_(589).xlsx,109,226,68,192,0.0001,,,μL/L,μL/L,中温过热,中温过热
alan456/dataset_(589).xlsx,35,283,121,222,0.0001,,,μL/L,μL/L,中温过热,中温过热
alan456/dataset_(589).xlsx,2,5,81,172,0.0001,,,μL/L,μL/L,中温过热,中温过热
alan456/dataset_(589).xlsx,30.4,117,44.2,138,0.1,,,μL/L,μL/L,中温过热,中温过热
alan456/dataset_(589).xlsx,0.0001,6,52,67,0.0001,,,μL/L,μL/L,中温过热,中温过热
alan456/dataset_(589).xlsx,2004,9739,2750,5113,0.0001,,,μL/L,μL/L,中温过热,中温过热
alan456/dataset_(589).xlsx,31,63,246,714,7,,,μL/L,μL/L,中温过热,中温过热
alan456/dataset_(589).xlsx,26,398,85,319,0.0001,,,μL/L,μL/L,中温过热,中温过热
alan456/dataset_(589).xlsx,152,32,28,55,0.0001,,,μL/L,μL/L,中温过热,中温过热
alan456/dataset_(589).xlsx,300,490,180,360,95,,,μL/L,μL/L,中温过热,中温过热
alan456/dataset_(589).xlsx,960,4000,1290,1560,6,,,μL/L,μL/L,中温过热,中温过热
alan456/dataset_(589).xlsx,0.67,0.224,0.045,0.067,0.002,,,μL/L,μL/L,中温过热,中温过热
alan456/dataset_(589).xlsx,0.0001,4.9,81,172,0.0001,,,μL/L,μL/L,中温过热,中温过热
alan456/dataset_(589).xlsx,24,34.6,14.2,21.7,0.0001,,,μL/L,μL/L,中温过热,中温过热
alan456/dataset_(589).xlsx,220,340,42,480,14,,,μL/L,μL/L,高温过热,高温过热
alan456/dataset_(589).xlsx,290,966,299,1810,57,,,μL/L,μL/L,高温过热,高温过热
alan456/dataset_(589).xlsx,8800,64064,72128,95650,0.0001,,,μL/L,μL/L,高温过热,高温过热
alan456/dataset_(589).xlsx,39,525,538,2925,16,,,μL/L,μL/L,高温过热,高温过热
alan456/dataset_(589).xlsx,290,1260,231,820,8,,,μL/L,μL/L,高温过热,高温过热
alan456/dataset_(589).xlsx,0.0001,153,130,677,13,,,μL/L,μL/L,高温过热,高温过热
alan456/dataset_(589).xlsx,15.55,7.4,7.4,41.93,6.35,,,μL/L,μL/L,高温过热,高温过热
alan456/dataset_(589).xlsx,35.1,50.6,16.1,93,1.1,,,μL/L,μL/L,高温过热,高温过热
alan456/dataset_(589).xlsx,0.0001,28,64,408,6,,,μL/L,μL/L,高温过热,高温过热
alan456/dataset_(589).xlsx,156,240,54,399,0.98,,,μL/L,μL/L,高温过热,高温过热
alan456/dataset_(589).xlsx,89,281,145,1216,22,,,μL/L,μL/L,高温过热,高温过热
alan456/dataset_(589).xlsx,1100,1600,221,2010,26,,,μL/L,μL/L,高温过热,高温过热
alan456/dataset_(589).xlsx,0.0001,0.0001,9,57,0.0001,,,μL/L,μL/L,高温过热,高温过热
alan456/dataset_(589).xlsx,137,369,144,1242,16,,,μL/L,μL/L,高温过热,高温过热
alan456/dataset_(589).xlsx,425,17424,7299,37043,158,,,μL/L,μL/L,高温过热,高温过热
alan456/dataset_(589).xlsx,30,25.5,31.5,93,1.8,,,μL/L,μL/L,高温过热,高温过热
alan456/dataset_(589).xlsx,107,143,34,222,2,,,μL/L,μL/L,高温过热,高温过热
alan456/dataset_(589).xlsx,860,1670,30,2050,40,,,μL/L,μL/L,高温过热,高温过热
alan456/dataset_(589).xlsx,0.0001,106,170,871,6,,,μL/L,μL/L,高温过热,高温过热
alan456/dataset_(589).xlsx,8,1,0.0001,60,0.0001,,,μL/L,μL/L,高温过热,高温过热
alan456/dataset_(589).xlsx,53,150,64,379,0.0001,,,μL/L,μL/L,高温过热,高温过热
alan456/dataset_(589).xlsx,400,940,210,820,24,,,μL/L,μL/L,高温过热,高温过热
alan456/dataset_(589).xlsx,199,770,217,1508,72,,,μL/L,μL/L,高温过热,高温过热
alan456/dataset_(589).xlsx,244,754,172,1281,27,,,μL/L,μL/L,高温过热,高温过热
alan456/dataset_(589).xlsx,60,144,67,449,9,,,μL/L,μL/L,高温过热,高温过热
alan456/dataset_(589).xlsx,6709,10500,1400,17700,750,,,μL/L,μL/L,高温过热,高温过热
alan456/dataset_(589).xlsx,86,277,63,338,0.0001,,,μL/L,μL/L,高温过热,高温过热
alan456/dataset_(589).xlsx,7,31,23,148,0.0001,,,μL/L,μL/L,高温过热,高温过热
alan456/dataset_(589).xlsx,300,700,280,1700,36,,,μL/L,μL/L,高温过热,高温过热
alan456/dataset_(589).xlsx,20,26,6,55,0.0001,,,μL/L,μL/L,高温过热,高温过热
alan456/dataset_(589).xlsx,3910,4290,626,6040,1230,,,μL/L,μL/L,高温过热,高温过热
alan456/dataset_(589).xlsx,23,14151,5332,23264,0.0001,,,μL/L,μL/L,高温过热,高温过热
alan456/dataset_(589).xlsx,135.65,278.53,58.86,492,2.95,,,μL/L,μL/L,高温过热,高温过热
alan456/dataset_(589).xlsx,9,47,144,628,0.0001,,,μL/L,μL/L,高温过热,高温过热
alan456/dataset_(589).xlsx,8,88,45,252,0.0001,,,μL/L,μL/L,高温过热,高温过热
alan456/dataset_(589).xlsx,179,306,73,579,0.0001,,,μL/L,μL/L,高温过热,高温过热
alan456/dataset_(589).xlsx,80,619,326,2480,0.0001,,,μL/L,μL/L,高温过热,高温过热
alan456/dataset_(589).xlsx,416,695,74,867,0.0001,,,μL/L,μL/L,高温过热,高温过热
alan456/dataset_(589).xlsx,19.3,103,159,19,0.6,,,μL/L,μL/L,高温过热,高温过热
alan456/dataset_(589).xlsx,137,279,66,505,0.0001,,,μL/L,μL/L,高温过热,高温过热
alan456/dataset_(589).xlsx,12705,23498,6047,34257,5188,,,μL/L,μL/L,高温过热,高温过热
alan456/dataset_(589).xlsx,46,147,27,150,0.0001,,,μL/L,μL/L,高温过热,高温过热
alan456/dataset_(589).xlsx,21,42,4,92,0.0001,,,μL/L,μL/L,高温过热,高温过热
alan456/dataset_(589).xlsx,165.62,240.95,61.32,514.53,13.53,,,μL/L,μL/L,高温过热,高温过热
alan456/dataset_(589).xlsx,39,7,12,65,0.0001,,,μL/L,μL/L,高温过热,高温过热
alan456/dataset_(589).xlsx,86,480,155,644,9,,,μL/L,μL/L,高温过热,高温过热
alan456/dataset_(589).xlsx,68,99.2,35.9,202.9,0.0001,,,μL/L,μL/L,高温过热,高温过热
alan456/dataset_(589).xlsx,172.9,334,172,812.5,37.7,,,μL/L,μL/L,高温过热,高温过热
alan456/dataset_(589).xlsx,164,244,103,497,8.3,,,μL/L,μL/L,高温过热,高温过热
alan456/dataset_(589).xlsx,20,48,36,186,0.0001,,,μL/L,μL/L,高温过热,高温过热
alan456/dataset_(589).xlsx,0.0001,0.0001,0.0001,142,0.0001,,,μL/L,μL/L,高温过热,高温过热
alan456/dataset_(589).xlsx,63,149.6,57.5,276,0.0001,,,μL/L,μL/L,高温过热,高温过热
alan456/dataset_(589).xlsx,121,450,146,898,116,,,μL/L,μL/L,高温过热,高温过热
alan456/dataset_(589).xlsx,30,51,12,54,0.0001,,,μL/L,μL/L,高温过热,高温过热
alan456/dataset_(589).xlsx,22400,22400,2690,13440,1570,,,μL/L,μL/L,高温过热,高温过热
alan456/dataset_(589).xlsx,36,30,10,93,7.1,,,μL/L,μL/L,高温过热,高温过热
alan456/dataset_(589).xlsx,17,40,11,86,0.0001,,,μL/L,μL/L,高温过热,高温过热
alan456/dataset_(589).xlsx,0.0001,3.4,0.0001,54,0.0001,,,μL/L,μL/L,高温过热,高温过热
alan456/dataset_(589).xlsx,18,35,2,110,0.0001,,,μL/L,μL/L,高温过热,高温过热
alan456/dataset_(589).xlsx,35,29,7,78,0.0001,,,μL/L,μL/L,高温过热,高温过热
alan456/dataset_(589).xlsx,6,2990,29990,26076,67,,,μL/L,μL/L,高温过热,高温过热
alan456/dataset_(589).xlsx,236,410.2,159,817.3,3.5,,,μL/L,μL/L,高温过热,高温过热
alan456/dataset_(589).xlsx,0.0001,100,309,1365,7,,,μL/L,μL/L,高温过热,高温过热
alan456/dataset_(589).xlsx,173,334,172,812.5,37.7,,,μL/L,μL/L,高温过热,高温过热
alan456/dataset_(589).xlsx,110,7,0.0001,0.0001,0.0001,,,μL/L,μL/L,局部放电,局部放电
alan456/dataset_(589).xlsx,240,20,5,28,96,,,μL/L,μL/L,局部放电,局部放电
alan456/dataset_(589).xlsx,5000,4000,2000,2000,8000,,,μL/L,μL/L,局部放电,局部放电
alan456/dataset_(589).xlsx,94.96,4.37,0.62,0.02,0.02,,,μL/L,μL/L,局部放电,局部放电
alan456/dataset_(589).xlsx,41,112,0.0001,254,4536,,,μL/L,μL/L,局部放电,局部放电
alan456/dataset_(589).xlsx,100,18,0.0001,0.0001,0.0001,,,μL/L,μL/L,局部放电,局部放电
alan456/dataset_(589).xlsx,37800,1740,249,8,8,,,μL/L,μL/L,局部放电,局部放电
alan456/dataset_(589).xlsx,103.5,4.7,16.3,3.5,0.0001,,,μL/L,μL/L,局部放电,局部放电
alan456/dataset_(589).xlsx,200,230,2,170,480,,,μL/L,μL/L,局部放电,局部放电
alan456/dataset_(589).xlsx,40280,1069,1060,1,1,,,μL/L,μL/L,局部放电,局部放电
alan456/dataset_(589).xlsx,116,14,134,5.3,0.0001,,,μL/L,μL/L,局部放电,局部放电
alan456/dataset_(589).xlsx,88,9,0.0001,0.03,0.0001,,,μL/L,μL/L,局部放电,局部放电
alan456/dataset_(589).xlsx,105,23,13,4,3,,,μL/L,μL/L,局部放电,局部放电
alan456/dataset_(589).xlsx,625,49,9,7,0.6,,,μL/L,μL/L,局部放电,局部放电
alan456/dataset_(589).xlsx,134,13,267,0.0001,0.0001,,,μL/L,μL/L,局部放电,局部放电
alan456/dataset_(589).xlsx,181.5,22,76,3.7,0.0001,,,μL/L,μL/L,局部放电,局部放电
alan456/dataset_(589).xlsx,121,3,1,0.0001,0.0001,,,μL/L,μL/L,局部放电,局部放电
alan456/dataset_(589).xlsx,16000,3600,670,14,0.0001,,,μL/L,μL/L,局部放电,局部放电
alan456/dataset_(589).xlsx,890,110,3,84,700,,,μL/L,μL/L,局部放电,局部放电
alan456/dataset_(589).xlsx,2091,149,20,3,0.0001,,,μL/L,μL/L,局部放电,局部放电
alan456/dataset_(589).xlsx,26788,18342,2111,27,0.0001,,,μL/L,μL/L,局部放电,局部放电
alan456/dataset_(589).xlsx,1950,123,38,2,2,,,μL/L,μL/L,局部放电,局部放电
alan456/dataset_(589).xlsx,650,53,35,20,0.0001,,,μL/L,μL/L,局部放电,局部放电
alan456/dataset_(589).xlsx,92.8,6.75,0.44,0.0001,0.0001,,,μL/L,μL/L,局部放电,局部放电
alan456/dataset_(589).xlsx,187,5,1,0.0001,0.0001,,,μL/L,μL/L,局部放电,局部放电
alan456/dataset_(589).xlsx,111.7,19.4,104.1,6.4,3.8,,,μL/L,μL/L,局部放电,局部放电
alan456/dataset_(589).xlsx,85.87,7.01,4.49,2.64,0.0001,,,μL/L,μL/L,局部放电,局部放电
alan456/dataset_(589).xlsx,195,5.3,0.0001,0.0001,0.0001,,,μL/L,μL/L,局部放电,局部放电
alan456/dataset_(589).xlsx,60,5,1,6,29,,,μL/L,μL/L,局部放电,局部放电
alan456/dataset_(589).xlsx,2240,360,25,169,828,,,μL/L,μL/L,局部放电,局部放电
alan456/dataset_(589).xlsx,720,7,0.0001,15,101,,,μL/L,μL/L,低能放电,低能放电
alan456/dataset_(589).xlsx,109,19,5,12,59,,,μL/L,μL/L,低能放电,低能放电
alan456/dataset_(589).xlsx,8,0.0001,0.0001,43,101,,,μL/L,μL/L,低能放电,低能放电
alan456/dataset_(589).xlsx,169,38,48.5,6.5,5.8,,,μL/L,μL/L,低能放电,低能放电
alan456/dataset_(589).xlsx,14.1,4,1.3,1.5,9.5,,,μL/L,μL/L,低能放电,低能放电
alan456/dataset_(589).xlsx,124,14,4,0.0001,13,,,μL/L,μL/L,低能放电,低能放电
alan456/dataset_(589).xlsx,174,27,6,12,29,,,μL/L,μL/L,低能放电,低能放电
alan456/dataset_(589).xlsx,179,39.3,64,654,168,,,μL/L,μL/L,低能放电,低能放电
alan456/dataset_(589).xlsx,160,10,3,1,1,,,μL/L,μL/L,低能放电,低能放电
alan456/dataset_(589).xlsx,4,1,2,7,52,,,μL/L,μL/L,低能放电,低能放电
alan456/dataset_(589).xlsx,1330,10,20,66,182,,,μL/L,μL/L,低能放电,低能放电
alan456/dataset_(589).xlsx,137,33,8,29,111,,,μL/L,μL/L,低能放电,低能放电
alan456/dataset_(589).xlsx,595,32,4,18,65,,,μL/L,μL/L,低能放电,低能放电
alan456/dataset_(589).xlsx,56,334.1,75,32,31,,,μL/L,μL/L,低能放电,低能放电
alan456/dataset_(589).xlsx,716,7.1,33,20,6.8,,,μL/L,μL/L,低能放电,低能放电
alan456/dataset_(589).xlsx,4230,690,5,196,1180,,,μL/L,μL/L,低能放电,低能放电
alan456/dataset_(589).xlsx,142,17,4,7,38,,,μL/L,μL/L,低能放电,低能放电
alan456/dataset_(589).xlsx,163,26,7,19,133,,,μL/L,μL/L,低能放电,低能放电
alan456/dataset_(589).xlsx,549,121.3,25.5,31.9,198.5,,,μL/L,μL/L,低能放电,低能放电
alan456/dataset_(589).xlsx,476,28,27,36,148,,,μL/L,μL/L,低能放电,低能放电
alan456/dataset_(589).xlsx,345,112.3,27.5,51.5,58.8,,,μL/L,μL/L,低能放电,低能放电
alan456/dataset_(589).xlsx,234.5,30.28,6.11,47.69,175.88,,,μL/L,μL/L,低能放电,低能放电
alan456/dataset_(589).xlsx,153,18,9,0.0001,11,,,μL/L,μL/L,低能放电,低能放电
alan456/dataset_(589).xlsx,1230,163,27,233,692,,,μL/L,μL/L,低能放电,低能放电
alan456/dataset_(589).xlsx,111,2.8,47,0.0001,27.5,,,μL/L,μL/L,低能放电,低能放电
alan456/dataset_(589).xlsx,500,97,193,40,121,,,μL/L,μL/L,低能放电,低能放电
alan456/dataset_(589).xlsx,1000,500,1,400,500,,,μL/L,μL/L,低能放电,低能放电
alan456/dataset_(589).xlsx,595,80,9,89,244,,,μL/L,μL/L,低能放电,低能放电
alan456/dataset_(589).xlsx,102,6,6,7,10,,,μL/L,μL/L,低能放电,低能放电
alan456/dataset_(589).xlsx,315,60,14,93,218,,,μL/L,μL/L,低能放电,低能放电
alan456/dataset_(589).xlsx,67.8,8.89,1.88,12.67,36.2,,,μL/L,μL/L,低能放电,低能放电
alan456/dataset_(589).xlsx,95,10,0.0001,11,39,,,μL/L,μL/L,低能放电,低能放电
alan456/dataset_(589).xlsx,4127,267,18,355,2060,,,μL/L,μL/L,低能放电,低能放电
alan456/dataset_(589).xlsx,1570,735,87,1330,1740,,,μL/L,μL/L,高能放电,高能放电
alan456/dataset_(589).xlsx,800,1393,304,2817,3000,,,μL/L,μL/L,高能放电,高能放电
alan456/dataset_(589).xlsx,29.1,11.4,1.41,20.34,37.6,,,μL/L,μL/L,高能放电,高能放电
alan456/dataset_(589).xlsx,245,120,18,131,167,,,μL/L,μL/L,高能放电,高能放电
alan456/dataset_(589).xlsx,61,21,2,26,89,,,μL/L,μL/L,高能放电,高能放电
alan456/dataset_(589).xlsx,99,170,20,200,190,,,μL/L,μL/L,高能放电,高能放电
alan456/dataset_(589).xlsx,243,127,20,122,588,,,μL/L,μL/L,高能放电,高能放电
alan456/dataset_(589).xlsx,2850,1115,138,1987,3675,,,μL/L,μL/L,高能放电,高能放电
alan456/dataset_(589).xlsx,512,87,11.5,163.59,185.21,,,μL/L,μL/L,高能放电,高能放电
alan456/dataset_(589).xlsx,235.46,333.59,177.52,1201.85,148.87,,,μL/L,μL/L,高能放电,高能放电
alan456/dataset_(589).xlsx,120,31,0.0001,66,94,,,μL/L,μL/L,高能放电,高能放电
alan456/dataset_(589).xlsx,615,200,42,102,68,,,μL/L,μL/L,高能放电,高能放电
alan456/dataset_(589).xlsx,24,13,5,43,319,,,μL/L,μL/L,高能放电,高能放电
alan456/dataset_(589).xlsx,56,10,1.3,13.5,17.6,,,μL/L,μL/L,高能放电,高能放电
alan456/dataset_(589).xlsx,85,49,4,50,399,,,μL/L,μL/L,高能放电,高能放电
alan456/dataset_(589).xlsx,5900,1500,68,1200,800,,,μL/L,μL/L,高能放电,高能放电
alan456/dataset_(589).xlsx,34,21,4,49,56,,,μL/L,μL/L,高能放电,高能放电
alan456/dataset_(589).xlsx,475.3,195.8,32.6,187.3,221.2,,,μL/L,μL/L,高能放电,高能放电
alan456/dataset_(589).xlsx,191,62,27,123,71,,,μL/L,μL/L,高能放电,高能放电
alan456/dataset_(589).xlsx,8200,3790,250,4620,5830,,,μL/L,μL/L,高能放电,高能放电
alan456/dataset_(589).xlsx,0.0001,0.0001,10,5,35,,,μL/L,μL/L,高能放电,高能放电
alan456/dataset_(589).xlsx,530,345,85,266,21,,,μL/L,μL/L,高能放电,高能放电
alan456/dataset_(589).xlsx,4,88,213,14,35,,,μL/L,μL/L,高能放电,高能放电
alan456/dataset_(589).xlsx,59,20,120,5.5,8.9,,,μL/L,μL/L,高能放电,高能放电
alan456/dataset_(589).xlsx,810,580,111,570,490,,,μL/L,μL/L,高能放电,高能放电
alan456/dataset_(589).xlsx,65.4,20.2,70,39,40.2,,,μL/L,μL/L,高能放电,高能放电
alan456/dataset_(589).xlsx,60,40,6.9,110,70,,,μL/L,μL/L,高能放电,高能放电
alan456/dataset_(589).xlsx,84,6,1,14,86,,,μL/L,μL/L,高能放电,高能放电
alan456/dataset_(589).xlsx,145.88,40.65,9.37,34.02,59.71,,,μL/L,μL/L,高能放电,高能放电
alan456/dataset_(589).xlsx,5000,1200,83,1000,1100,,,μL/L,μL/L,高能放电,高能放电
alan456/dataset_(589).xlsx,20000,13000,1850,29000,57000,,,μL/L,μL/L,高能放电,高能放电
alan456/dataset_(589).xlsx,10000,6730,345,7330,10400,,,μL/L,μL/L,高能放电,高能放电
alan456/dataset_(589).xlsx,420,250,41,530,800,,,μL/L,μL/L,高能放电,高能放电
alan456/dataset_(589).xlsx,70,4,91,0.0001,34,,,μL/L,μL/L,高能放电,高能放电
alan456/dataset_(589).xlsx,47,9,4,16,81,,,μL/L,μL/L,高能放电,高能放电
alan456/dataset_(589).xlsx,120,31,0.0001,66,94,,,μL/L,μL/L,高能放电,高能放电
alan456/dataset_(589).xlsx,5100,1430,0.0001,1140,1010,,,μL/L,μL/L,高能放电,高能放电
alan456/dataset_(589).xlsx,535,160,16,305,680,,,μL/L,μL/L,高能放电,高能放电
alan456/dataset_(589).xlsx,41,16,19,58,106,,,μL/L,μL/L,高能放电,高能放电
alan456/dataset_(589).xlsx,65,26.1,10.1,41.6,57.8,,,μL/L,μL/L,高能放电,高能放电
alan456/dataset_(589).xlsx,545,130,16,153,239,,,μL/L,μL/L,高能放电,高能放电
alan456/dataset_(589).xlsx,34,0.0001,0.0001,0.0001,44,,,μL/L,μL/L,高能放电,高能放电
alan456/dataset_(589).xlsx,57,15,3.1,23,25.3,,,μL/L,μL/L,高能放电,高能放电
alan456/dataset_(589).xlsx,161,38,210,13,0.0001,,,μL/L,μL/L,低温过热,低温过热
alan456/dataset_(589).xlsx,9,38,93,8,0.0001,,,μL/L,μL/L,低温过热,低温过热
alan456/dataset_(589).xlsx,55,22,0.5,2.6,0.0001,,,μL/L,μL/L,低温过热,低温过热
alan456/dataset_(589).xlsx,15,7,92,5,0.0001,,,μL/L,μL/L,低温过热,低温过热
alan456/dataset_(589).xlsx,14,14,124,7,1,,,μL/L,μL/L,低温过热,低温过热
alan456/dataset_(589).xlsx,625,130,47,2,0.0001,,,μL/L,μL/L,低温过热,低温过热
alan456/dataset_(589).xlsx,29,71,158,20,0.0001,,,μL/L,μL/L,低温过热,低温过热
alan456/dataset_(589).xlsx,17,21,118,0.0001,4,,,μL/L,μL/L,低温过热,低温过热
alan456/dataset_(589).xlsx,115,129,316,36,0.0001,,,μL/L,μL/L,低温过热,低温过热
alan456/dataset_(589).xlsx,13.2,18.7,97.4,79.5,4.7,,,μL/L,μL/L,低温过热,低温过热
alan456/dataset_(589).xlsx,10,44,106,28,0.0001,,,μL/L,μL/L,低温过热,低温过热
alan456/dataset_(589).xlsx,27,30,23,2.4,0.1,,,μL/L,μL/L,低温过热,低温过热
alan456/dataset_(589).xlsx,20,132,61,17,0.0001,,,μL/L,μL/L,低温过热,低温过热
alan456/dataset_(589).xlsx,42,124,1,8,0.0001,,,μL/L,μL/L,低温过热,低温过热
alan456/dataset_(589).xlsx,24,109,69,0.0001,0.0001,,,μL/L,μL/L,低温过热,低温过热
alan456/dataset_(589).xlsx,16,68,124,15,0.0001,,,μL/L,μL/L,低温过热,低温过热
alan456/dataset_(589).xlsx,16.4,45.5,68.7,3.8,0.0001,,,μL/L,μL/L,低温过热,低温过热
alan456/dataset_(589).xlsx,37,47,10,5.5,0.0001,,,μL/L,μL/L,低温过热,低温过热
alan456/dataset_(589).xlsx,86,8,2.5,2.5,0.0001,,,μL/L,μL/L,低温过热,低温过热
alan456/dataset_(589).xlsx,29.9,24.1,34.3,92.5,0.6,,,μL/L,μL/L,低温过热,低温过热
alan456/dataset_(589).xlsx,16,80,134,10,0.0001,,,μL/L,μL/L,低温过热,低温过热
alan456/dataset_(589).xlsx,66,60,2,7,0.0001,,,μL/L,μL/L,低温过热,低温过热
alan456/dataset_(589).xlsx,0.0001,43,146,9,0.0001,,,μL/L,μL/L,低温过热,低温过热
alan456/dataset_(589).xlsx,87.2,73.18,27.14,56.88,0.0001,,,μL/L,μL/L,低温过热,低温过热
alan456/dataset_(589).xlsx,128,35,213,17,0.0001,,,μL/L,μL/L,低温过热,低温过热
alan456/dataset_(589).xlsx,14,62,16,3,0.0001,,,μL/L,μL/L,低温过热,低温过热
alan456/dataset_(589).xlsx,37,123,67,52,0.0001,,,μL/L,μL/L,低温过热,低温过热
alan456/dataset_(589).xlsx,130,140,2,120,0.0001,,,μL/L,μL/L,低温过热,低温过热
alan456/dataset_(589).xlsx,43,28,72,9,0.0001,,,μL/L,μL/L,低温过热,低温过热
alan456/dataset_(589).xlsx,16,105,224,15,0.0001,,,μL/L,μL/L,低温过热,低温过热
alan456/dataset_(589).xlsx,19,62,95,5,0.0001,,,μL/L,μL/L,低温过热,低温过热
alan456/dataset_(589).xlsx,79,40,264,10,0.0001,,,μL/L,μL/L,低温过热,低温过热
alan456/dataset_(589).xlsx,69,174,267,15,0.0001,,,μL/L,μL/L,低温过热,低温过热
alan456/dataset_(589).xlsx,137,97,12,29,1.5,,,μL/L,μL/L,低温过热,低温过热
alan456/dataset_(589).xlsx,111,67,105,9,0.0001,,,μL/L,μL/L,低温过热,低温过热
alan456/dataset_(589).xlsx,0.0001,116,70,0.0001,0.0001,,,μL/L,μL/L,低温过热,低温过热
alan456/dataset_(589).xlsx,25,29,137,8,0.0001,,,μL/L,μL/L,低温过热,低温过热
alan456/dataset_(589).xlsx,20.37,59.79,45.24,80.49,0.0001,,,μL/L,μL/L,中温过热,中温过热
alan456/dataset_(589).xlsx,19,47,27,62,0.0001,,,μL/L,μL/L,中温过热,中温过热
alan456/dataset_(589).xlsx,88.7,460.8,94.9,184.6,18.3,,,μL/L,μL/L,中温过热,中温过热
alan456/dataset_(589).xlsx,24,78,266,779,7,,,μL/L,μL/L,中温过热,中温过热
alan456/dataset_(589).xlsx,0.7,1.5,0.3,1.8,0.0001,,,μL/L,μL/L,中温过热,中温过热
alan456/dataset_(589).xlsx,360,610,259,260,9,,,μL/L,μL/L,中温过热,中温过热
alan456/dataset_(589).xlsx,31,56,33,77,0.0001,,,μL/L,μL/L,中温过热,中温过热
alan456/dataset_(589).xlsx,24700,61000,26300,42100,1560,,,μL/L,μL/L,中温过热,中温过热
alan456/dataset_(589).xlsx,62,425,276,651,26,,,μL/L,μL/L,中温过热,中温过热
alan456/dataset_(589).xlsx,295,1466,331,1295,32,,,μL/L,μL/L,中温过热,中温过热
alan456/dataset_(589).xlsx,109,102,28,91,0.0001,,,μL/L,μL/L,中温过热,中温过热
alan456/dataset_(589).xlsx,47,120,90,198,3,,,μL/L,μL/L,中温过热,中温过热
alan456/dataset_(589).xlsx,144,1672,394,669,0.0001,,,μL/L,μL/L,中温过热,中温过热
alan456/dataset_(589).xlsx,3,5,90,185,3,,,μL/L,μL/L,中温过热,中温过热
alan456/dataset_(589).xlsx,20,41.9,20.2,44.2,0.38,,,μL/L,μL/L,中温过热,中温过热
alan456/dataset_(589).xlsx,50,274,95,320,6.3,,,μL/L,μL/L,中温过热,中温过热
alan456/dataset_(589).xlsx,151,242,68,232,0.0001,,,μL/L,μL/L,中温过热,中温过热
alan456/dataset_(589).xlsx,46.9,161.6,94.1,193.6,0.56,,,μL/L,μL/L,中温过热,中温过热
alan456/dataset_(589).xlsx,37,96,19,57,0.0001,,,μL/L,μL/L,中温过热,中温过热
alan456/dataset_(589).xlsx,670,224,45,67,2,,,μL/L,μL/L,中温过热,中温过热
alan456/dataset_(589).xlsx,27,90,42,63,0.2,,,μL/L,μL/L,中温过热,中温过热
alan456/dataset_(589).xlsx,128,419,269.5,614.1,0.35,,,μL/L,μL/L,中温过热,中温过热
alan456/dataset_(589).xlsx,160,130,33,96,0.1,,,μL/L,μL/L,中温过热,中温过热
alan456/dataset_(589).xlsx,172,335,171,812,37.8,,,μL/L,μL/L,高温过热,高温过热
alan456/dataset_(589).xlsx,1,8,8,100,6,,,μL/L,μL/L,高温过热,高温过热
alan456/dataset_(589).xlsx,507,1053,297,1440,17,,,μL/L,μL/L,高温过热,高温过热
alan456/dataset_(589).xlsx,24,20,4,87,0.0001,,,μL/L,μL/L,高温过热,高温过热
alan456/dataset_(589).xlsx,65,34,16,112,0.0001,,,μL/L,μL/L,高温过热,高温过热
alan456/dataset_(589).xlsx,4,2,1,63,0.0001,,,μL/L,μL/L,高温过热,高温过热
alan456/dataset_(589).xlsx,114,241,80,574,0.0001,,,μL/L,μL/L,高温过热,高温过热
alan456/dataset_(589).xlsx,117,167,48,481,7,,,μL/L,μL/L,高温过热,高温过热
alan456/dataset_(589).xlsx,11,13,2,127,0.0001,,,μL/L,μL/L,高温过热,高温过热
alan456/dataset_(589).xlsx,55,159,114,493,0.0001,,,μL/L,μL/L,高温过热,高温过热
alan456/dataset_(589).xlsx,1550,2740,816,5450,184,,,μL/L,μL/L,高温过热,高温过热
alan456/dataset_(589).xlsx,78,161,86,353,10,,,μL/L,μL/L,高温过热,高温过热
alan456/dataset_(589).xlsx,33,79,30,215,5,,,μL/L,μL/L,高温过热,高温过热
alan456/dataset_(589).xlsx,170,320,53,520,3.2,,,μL/L,μL/L,高温过热,高温过热
alan456/dataset_(589).xlsx,10,4,1,87,0.0001,,,μL/L,μL/L,高温过热,高温过热
alan456/dataset_(589).xlsx,2500,10500,4790,13500,6,,,μL/L,μL/L,高温过热,高温过热
alan456/dataset_(589).xlsx,56,286,96,928,7,,,μL/L,μL/L,高温过热,高温过热
alan456/dataset_(589).xlsx,53,189,25,295,5,,,μL/L,μL/L,高温过热,高温过热
alan456/dataset_(589).xlsx,0.0001,10,17,68,5,,,μL/L,μL/L,高温过热,高温过热
alan456/dataset_(589).xlsx,150,22,9,60,11,,,μL/L,μL/L,高温过热,高温过热
alan456/dataset_(589).xlsx,99,288,73,386,0.0001,,,μL/L,μL/L,高温过热,高温过热
alan456/dataset_(589).xlsx,27,51,0.0001,153,0.0001,,,μL/L,μL/L,高温过热,高温过热
alan456/dataset_(589).xlsx,480,1075,298,1132,0.0001,,,μL/L,μL/L,高温过热,高温过热
alan456/dataset_(589).xlsx,376,575,146,1092,0.0001,,,μL/L,μL/L,高温过热,高温过热
alan456/dataset_(589).xlsx,100,200,110,670,11,,,μL/L,μL/L,高温过热,高温过热
alan456/dataset_(589).xlsx,231,3997,1726,5584,0.0001,,,μL/L,μL/L,高温过热,高温过热
alan456/dataset_(589).xlsx,12,270,0.0001,275,0.0001,,,μL/L,μL/L,高温过热,高温过热
alan456/dataset_(589).xlsx,8.47,28.22,8.73,52.89,1.66,,,μL/L,μL/L,高温过热,高温过热
alan456/dataset_(589).xlsx,1860,4980,0.0001,10700,1600,,,μL/L,μL/L,高温过热,高温过热
alan456/dataset_(589).xlsx,28,62,16,76,0.0001,,,μL/L,μL/L,高温过热,高温过热
alan456/dataset_(589).xlsx,22.4,22.4,2.69,13.44,1.57,,,μL/L,μL/L,高温过热,高温过热
alan456/dataset_(589).xlsx,191,1359,166,1494,2,,,μL/L,μL/L,高温过热,高温过热
alan456/dataset_(589).xlsx,50,100,51,305,9,,,μL/L,μL/L,高温过热,高温过热
alan456/dataset_(589).xlsx,3420,7870,1500,6990,33,,,μL/L,μL/L,高温过热,高温过热
alan456/dataset_(589).xlsx,65,61,16,143,3,,,μL/L,μL/L,高温过热,高温过热
alan456/dataset_(589).xlsx,16,87,75,395,30,,,μL/L,μL/L,高温过热,高温过热
alan456/dataset_(589).xlsx,1374,2648,628,5376,298,,,μL/L,μL/L,高温过热,高温过热
alan456/dataset_(589).xlsx,135.88,362.42,125.22,826.65,3.74,,,μL/L,μL/L,高温过热,高温过热
alan456/dataset_(589).xlsx,34,174,52,361,0.0001,,,μL/L,μL/L,高温过热,高温过热
alan456/dataset_(589).xlsx,3675,6392,2500,7691,5,,,μL/L,μL/L,高温过热,高温过热
sguys99/Duval_Classification_1.xlsx,4.51759173071191,3.37966803403365,2.19589965240923,0,0,2.49554433754645,2.7481880270062,log10(μL/L),log10(μL/L),1,
sguys99/Duval_Classification_1.xlsx,4.57749179983723,3.2405492482826,2.39619934709574,0.903089986991944,0.903089986991944,1.7481880270062,2.29446622616159,log10(μL/L),log10(μL/L),1,
sguys99/Duval_Classification_1.xlsx,4.96661098668194,4.00860017176192,0,0,0,3.80617997398389,5.01347344260851,log10(μL/L),log10(μL/L),1,
sguys99/Duval_Classification_1.xlsx,3.91729540094569,3.02571538390134,1.34242268082221,0,0,2.02938377768521,2.69722934275972,log10(μL/L),log10(μL/L),1,
sguys99/Duval_Classification_1.xlsx,3.97034687623009,2.99782308074573,1.77815125038364,0.778151250383644,0.845098040014257,1.77815125038364,2.79239168949825,log10(μL/L),log10(μL/L),1,
sguys99/Duval_Classification_1.xlsx,4.55673657824661,3.67246731306808,2.74350976472843,0.698970004336019,1,0.778151250383644,2.54032947479087,log10(μL/L),log10(μL/L),1,
sguys99/Duval_Classification_1.xlsx,4.51911889852483,2.79169064902012,1.76342799356294,0.301029995663981,0,1.70757017609794,0,log10(μL/L),log10(μL/L),1,
sguys99/Duval_Classification_1.xlsx,4.60508946188158,3.02897770520878,3.02530586526477,0,0,0,0,log10(μL/L),log10(μL/L),1,
sguys99/Duval_Classification_1.xlsx,4.42794029026414,4.26344668910973,3.32448823330766,1.43136376415899,0,2.84757265914211,0,log10(μL/L),log10(μL/L),1,
sguys99/Duval_Classification_1.xlsx,1.89209460269048,1.30102999566398,1.04139268515823,1.11394335230684,1.44715803134222,0,2.89431606268444,log10(μL/L),log10(μL/L),1,
sguys99/Duval_Classification_1.xlsx,2.48429983934679,2,1.51851393987789,2.20682587603185,2.73319726510657,2.64345267648619,3.568201724067,log10(μL/L),log10(μL/L),1,
sguys99/Duval_Classification_1.xlsx,1.54406804435028,0.778151250383644,0.477121254719662,1.41497334797082,2.68304703823885,2.30102999566398,3.35024801833416,log10(μL/L),log10(μL/L),1,
sguys99/Duval_Classification_1.xlsx,2.73479982958885,2.07918124604763,1.61278385671974,2.61384182187607,3.27415784926368,1.88081359228079,3.44715803134222,log10(μL/L),log10(μL/L),1,
sguys99/Duval_Classification_1.xlsx,3.0899051114394,2.21218760440396,1.43136376415899,2.36735592102602,2.84010609445676,2.11394335230684,2.06069784035361,log10(μL/L),log10(μL/L),1,
sguys99/Duval_Classification_1.xlsx,2.80955971463527,1.93449845124357,1.11394335230684,2.04139268515823,2.50105926221775,1.86923171973098,2.05690485133647,log10(μL/L),log10(μL/L),1,
sguys99/Duval_Classification_1.xlsx,1.77815125038364,1,0.602059991327962,0.602059991327962,0.602059991327962,2.89209460269048,3.88081359228079,log10(μL/L),log10(μL/L),1,
sguys99/Duval_Classification_1.xlsx,1.97772360528885,1,0,1.04139268515823,1.5910646070265,2.08635983067475,2.66931688056611,log10(μL/L),log10(μL/L),1,
sguys99/Duval_Classification_1.xlsx,3.83695673705955,3.01199311465926,1.89762709129044,2.95424250943933,3.74036268949424,1.46239799789896,2.58883172559421,log10(μL/L),log10(μL/L),1,
sguys99/Duval_Classification_1.xlsx,4.00397724184554,3.73231332747124,2.72427586960079,3.81291335664286,4.57478339317578,1.6232492903979,2.6159500516564,log10(μL/L),log10(μL/L),1,
sguys99/Duval_Classification_1.xlsx,2.81291335664286,1.90848501887865,2.23044892137827,1.70757017609794,2.43136376415899,2.57978359661681,3.30102999566398,log10(μL/L),log10(μL/L),1,
sguys99/Duval_Classification_1.xlsx,2.32221929473392,1.34242268082221,0.778151250383644,0.778151250383644,0.845098040014257,1.27875360095283,1.86923171973098,log10(μL/L),log10(μL/L),1,
sguys99/Duval_Classification_1.xlsx,2.5854607295085,1.77815125038364,0.903089986991944,1.72427586960079,2.20139712432045,2.66745295288995,3.09691001300806,log10(μL/L),log10(μL/L),1,
sguys99/Duval_Classification_1.xlsx,3.62634036737504,2.83884909073726,0.698970004336019,2.29225607135648,3.07188200730613,2.6414741105041,2.89817648349768,log10(μL/L),log10(μL/L),1,
sguys99/Duval_Classification_1.xlsx,3.88081359228079,3.0899051114394,2.50242711998443,2.92220627743902,3.19312459835446,3.69635638873333,3.61066016308988,log10(μL/L),log10(μL/L),1,
sguys99/Duval_Classification_1.xlsx,2.77451696572855,1.90308998699194,0.954242509439325,1.94939000664491,2.38738982633873,2.71933128698373,3.32221929473392,log10(μL/L),log10(μL/L),1,
sguys99/Duval_Classification_1.xlsx,2.07918124604763,1.39794000867204,0,0.903089986991944,1.60205999132796,2.69897000433602,3.20411998265593,log10(μL/L),log10(μL/L),1,
sguys99/Duval_Classification_1.xlsx,0.903089986991944,0,0,1.63346845557959,2.00432137378264,2.28330122870355,3.60927417240459,log10(μL/L),log10(μL/L),1,
sguys99/Duval_Classification_1.xlsx,3.80982896106789,3.36417563277062,2.08278537031645,3.33425264233423,3.8083460357404,3.55966727838806,2.35218251811136,log10(μL/L),log10(μL/L),1,
sguys99/Duval_Classification_1.xlsx,3.33785842904109,3.02077548819356,2.31597034545692,2.64345267648619,2.8481891169914,3.66001122128933,3.59361830812954,log10(μL/L),log10(μL/L),1,
sguys99/Duval_Classification_1.xlsx,3.25285303097989,2.76342799356294,2.50650503240487,2.52633927738984,2.79169064902012,2.9804578922761,3.62838893005031,log10(μL/L),log10(μL/L),1,
sguys99/Duval_Classification_1.xlsx,3.12385164096709,1,1.30102999566398,1.81954393554187,2.26007138798508,2.36361197989214,3.26007138798507,log10(μL/L),log10(μL/L),1,
sguys99/Duval_Classification_1.xlsx,0.602059991327962,0,0.301029995663981,0.845098040014257,1.7160033436348,1.96848294855393,2.71516735784846,log10(μL/L),log10(μL/L),1,
sguys99/Duval_Classification_1.xlsx,3.27875360095283,2.45484486000851,1.49136169383427,2.98091193777684,3.88817949391833,2.83314711191279,2.86451108105839,log10(μL/L),log10(μL/L),1,
sguys99/Duval_Classification_1.xlsx,1.75587485567249,1.38021124171161,0.301029995663981,1.43136376415899,1.47712125471966,2.73239375982297,3.40105572577184,log10(μL/L),log10(μL/L),1,
sguys99/Duval_Classification_1.xlsx,3,2.69897000433602,0,2.60205999132796,2.69897000433602,2.30102999566398,3,log10(μL/L),log10(μL/L),1,
sguys99/Duval_Classification_1.xlsx,2.64345267648619,1.94939000664491,1.27875360095283,2.48287358360875,2.87909587950007,2.47567118832443,3.07554696139253,log10(μL/L),log10(μL/L),1,
sguys99/Duval_Classification_1.xlsx,2.32221929473392,1.63346845557959,1.07918124604762,2.00860017176192,2.2718416065365,2.22271647114758,3.02938377768521,log10(μL/L),log10(μL/L),1,
sguys99/Duval_Classification_1.xlsx,3.45484486000851,3.04727486738418,2.13987908640124,3.29819786710982,3.56525734342021,3.36735592102602,3.63648789635337,log10(μL/L),log10(μL/L),1,
sguys99/Duval_Classification_1.xlsx,3.84633711212981,3.26717172840301,0,3.47129171105894,3.64443858946784,3.33041377334919,3,log10(μL/L),log10(μL/L),1,
sguys99/Duval_Classification_1.xlsx,2.73639650227664,2.11394335230684,1.20411998265592,2.1846914308176,2.37839790094814,2.81954393554187,3.45484486000851,log10(μL/L),log10(μL/L),1,
sguys99/Duval_Classification_1.xlsx,3.85430604180108,3.15836249209525,1.98677173426624,3.08278537031645,3.24551266781415,2.78390357927274,3.3541084391474,log10(μL/L),log10(μL/L),1,
sguys99/Duval_Classification_1.xlsx,2.79239168949825,2.51188336097887,1.57978359661681,2.25767857486918,2.38738982633873,3.17026171539496,3.40312052117582,log10(μL/L),log10(μL/L),1,
sguys99/Duval_Classification_1.xlsx,2.07918124604763,1.49136169383427,0,1.81954393554187,1.9731278535997,1.68124123737559,2.43296929087441,log10(μL/L),log10(μL/L),1,
sguys99/Duval_Classification_1.xlsx,2.87794695162919,2.35983548233989,1.50514997831991,2.60638136511061,2.66275783168157,2.92685670894969,3.74663419893758,log10(μL/L),log10(μL/L),1,
sguys99/Duval_Classification_1.xlsx,3.70757017609794,3.15533603746506,0,3.05690485133647,3.00432137378264,2.06818586174616,2.29446622616159,log10(μL/L),log10(μL/L),1,
sguys99/Duval_Classification_1.xlsx,4.13033376849501,3.78604121024255,2.32633586092875,3.65417654187796,3.6063813651106,3.93901977644867,3.16435285578444,log10(μL/L),log10(μL/L),1,
sguys99/Duval_Classification_1.xlsx,3.19589965240923,3.04532297878666,2.24303804868629,3.25042000230889,3.26245108973043,2.13033376849501,2.77959649125782,log10(μL/L),log10(μL/L),1,
sguys99/Duval_Classification_1.xlsx,3.48995847942483,3.70070371714502,2.5092025223311,3.57978359661681,3.40483371661994,2.43136376415899,2.60205999132796,log10(μL/L),log10(μL/L),1,
sguys99/Duval_Classification_1.xlsx,3.26007138798507,2.60745502321467,1.54406804435028,2.56229286445647,2.80208925788173,3.00432137378264,3.93500315145366,log10(μL/L),log10(μL/L),1,
sguys99/Duval_Classification_1.xlsx,2.72835378202123,2.20411998265593,1.20411998265592,2.48429983934679,2.83250891270624,2.23552844690755,2.52891670027765,log10(μL/L),log10(μL/L),1,
sguys99/Duval_Classification_1.xlsx,1.11394335230684,0.477121254719662,0,0.477121254719662,0.778151250383644,0.602059991327962,1.70757017609794,log10(μL/L),log10(μL/L),1,
sguys99/Duval_Classification_1.xlsx,2.13672056715641,1.82607480270083,0.845098040014257,1.72427586960079,2.01703333929878,2.29225607135648,3.22479195649268,log10(μL/L),log10(μL/L),1,
sguys99/Duval_Classification_1.xlsx,3.03502928220237,2.27415784926368,0.903089986991944,2.22010808804006,2.88592633980143,1.57978359661681,2.29885307640971,log10(μL/L),log10(μL/L),1,
sguys99/Duval_Classification_1.xlsx,1.53147891704226,1.32221929473392,0.602059991327962,1.69019608002851,1.7481880270062,1.97772360528885,2.4983105537896,log10(μL/L),log10(μL/L),1,
sguys99/Duval_Classification_1.xlsx,3.8998205024271,3.30102999566398,2.55022835305509,3.49415459401844,3.73158876518674,3.05307844348342,2.45484486000851,log10(μL/L),log10(μL/L),1,
sguys99/Duval_Classification_1.xlsx,2.17609125905568,2.11394335230684,0.954242509439325,1.74036268949424,1.47712125471966,2.07918124604763,2.30102999566398,log10(μL/L),log10(μL/L),1,
sguys99/Duval_Classification_1.xlsx,3.91381385238372,3.57863920996807,2.39794000867204,3.66464197555613,3.76566855475901,1.49136169383427,1.92941892571429,log10(μL/L),log10(μL/L),1,
sguys99/Duval_Classification_1.xlsx,2.41497334797082,2.33243845991561,1.54406804435028,2.52374646681156,2.44247976906445,2.11394335230684,2.61909333062674,log10(μL/L),log10(μL/L),1,
sguys99/Duval_Classification_1.xlsx,1.8750612633917,1.17609125905568,0.845098040014257,1.14612803567824,1.41497334797082,2.02118929906994,2.50785587169583,log10(μL/L),log10(μL/L),1,
sguys99/Duval_Classification_1.xlsx,2.72427586960079,2.53781909507327,1.92941892571429,2.42488163663107,2.39794000867204,3.5910646070265,4.30102999566398,log10(μL/L),log10(μL/L),1,
sguys99/Duval_Classification_1.xlsx,1.77815125038364,0.698970004336019,0.301029995663981,1.32221929473392,1.32221929473392,2.27415784926368,3.39967372148104,log10(μL/L),log10(μL/L),1,
sguys99/Duval_Classification_1.xlsx,1.95424250943932,1.44715803134222,0.903089986991944,1.49136169383427,1.50514997831991,3.13987908640124,4.06818586174616,log10(μL/L),log10(μL/L),1,
sguys99/Duval_Classification_1.xlsx,2.34242268082221,1.88649072517248,1.34242268082221,2.23044892137827,2.38021124171161,3.25527250510331,4.13987908640124,log10(μL/L),log10(μL/L),1,
sguys99/Duval_Classification_1.xlsx,3.77085201164214,3.17609125905568,1.83250891270624,3.07918124604763,3.36172783601759,2.8750612633917,2.52504480703685,log10(μL/L),log10(μL/L),1,
sguys99/Duval_Classification_1.xlsx,2.6232492903979,2.39794000867204,1.61278385671974,2.72427586960079,2.90308998699194,2.47712125471966,2.87563993700417,log10(μL/L),log10(μL/L),1,
sguys99/Duval_Classification_1.xlsx,3.44715803134222,3.44715803134222,2.36921585741014,3.54406804435028,3.55630250076729,1.96378782734556,2.8561244442423,log10(μL/L),log10(μL/L),1,
sguys99/Duval_Classification_1.xlsx,1.99563519459755,2.23044892137827,1.30102999566398,2.30102999566398,2.27875360095283,2.14612803567824,3.06445798922692,log10(μL/L),log10(μL/L),1,
sguys99/Duval_Classification_1.xlsx,2.49136169383427,2.36172783601759,1.73239375982297,2.78532983501077,2.88081359228079,2.17609125905568,2.80002935924413,log10(μL/L),log10(μL/L),1,
sguys99/Duval_Classification_1.xlsx,2.90308998699194,2.20411998265593,1.36172783601759,2.41497334797082,2.77815125038364,2.69019608002851,2.83884909073726,log10(μL/L),log10(μL/L),1,
sguys99/Duval_Classification_1.xlsx,3.17609125905568,2.59659709562646,1.44715803134222,2.59659709562646,2.5092025223311,2.56229286445647,2.76042248342321,log10(μL/L),log10(μL/L),1,
sguys99/Duval_Classification_1.xlsx,4.30102999566398,4.11394335230684,3.26717172840301,4.46239799789896,4.75587485567249,3.41497334797082,3.38560627359831,log10(μL/L),log10(μL/L),1,
sguys99/Duval_Classification_1.xlsx,2.48429983934679,1.92941892571429,1.39794000867204,2.29446622616159,2.11394335230684,2.91009054559407,3.92324401863028,log10(μL/L),log10(μL/L),1,
sguys99/Duval_Classification_1.xlsx,3.27875360095283,2.72427586960079,1.54406804435028,2.58319877396862,2.63748972951251,3.27646180417324,3.87909587950007,log10(μL/L),log10(μL/L),1,
sguys99/Duval_Classification_1.xlsx,2.04139268515823,1.79239168949825,1.95424250943932,2.14612803567824,2.39794000867204,2.83250891270624,3.8109042806687,log10(μL/L),log10(μL/L),1,
sguys99/Duval_Classification_1.xlsx,3.568201724067,3.22788670461367,2.10720996964787,3.44870631990508,3.51454775266029,1.34242268082221,1.93449845124357,log10(μL/L),log10(μL/L),1,
sguys99/Duval_Classification_1.xlsx,3.44247976906445,2.81954393554187,1.73239375982297,2.85247999363686,2.88252453795488,2.71767050300226,3.17318626841227,log10(μL/L),log10(μL/L),1,
sguys99/Duval_Classification_1.xlsx,2.38916608436453,2.07918124604763,1.25527250510331,2.11727129565576,2.22271647114758,2.91855453055027,3.62838893005031,log10(μL/L),log10(μL/L),1,
sguys99/Duval_Classification_1.xlsx,3.06818586174616,2.40654018043396,1.25527250510331,2.49415459401844,2.51188336097887,0.698970004336019,3.25527250510331,log10(μL/L),log10(μL/L),1,
sguys99/Duval_Classification_1.xlsx,3.64532400156229,3.55193769536484,2.82477646247555,3.45651785780526,3.30642502755069,2.95856388322197,3.95818149756495,log10(μL/L),log10(μL/L),1,
sguys99/Duval_Classification_1.xlsx,2.90848501887865,2.76342799356294,2.04532297878666,2.75587485567249,2.69019608002851,3.04139268515823,3.83250891270624,log10(μL/L),log10(μL/L),1,
sguys99/Duval_Classification_1.xlsx,3.69897000433602,3.07918124604763,1.91907809237607,3,3.04139268515823,2.14612803567824,2.42324587393681,log10(μL/L),log10(μL/L),1,
sguys99/Duval_Classification_1.xlsx,4,3.82801506422398,2.53781909507327,3.86510397464113,4.01703333929878,3.29666519026153,3.58319877396862,log10(μL/L),log10(μL/L),1,
sguys99/Duval_Classification_1.xlsx,3.19589965240923,2.8662873390842,1.93951925261862,3.12385164096709,3.2405492482826,2.85186960072977,3.62736585659273,log10(μL/L),log10(μL/L),1,
sguys99/Duval_Classification_1.xlsx,3.10380372095596,3.53781909507327,2.7160033436348,3.1430148002541,0.903089986991944,2.68394713075151,4.64836001098093,log10(μL/L),log10(μL/L),1,
sguys99/Duval_Classification_1.xlsx,3.53402610605614,3.89597473235906,3.17609125905568,3.84447717574568,1.51851393987789,2.75815462196739,3.66651798055488,log10(μL/L),log10(μL/L),1,
sguys99/Duval_Classification_1.xlsx,2.55630250076729,2.78532983501077,2.41329976408125,2.41497334797082,0.954242509439325,4.07918124604763,4.87040390527903,log10(μL/L),log10(μL/L),1,
sguys99/Duval_Classification_1.xlsx,0,1.43136376415899,1.69019608002851,0.602059991327962,0,1.72427586960079,2.40483371661994,log10(μL/L),log10(μL/L),1,
sguys99/Duval_Classification_1.xlsx,3.56525734342021,3.80563676630594,3.39794000867204,3.88598281135497,0.698970004336019,2.00432137378264,2.92064500140679,log10(μL/L),log10(μL/L),1,
sguys99/Duval_Classification_1.xlsx,1.68124123737559,2.78532983501077,1.46239799789896,1,0,3.27875360095283,2.98677173426625,log10(μL/L),log10(μL/L),1,
sguys99/Duval_Classification_1.xlsx,1.07918124604762,1.25527250510331,0.602059991327962,0.602059991327962,0,2.74741180788642,3.23299611039215,log10(μL/L),log10(μL/L),1,
sguys99/Duval_Classification_1.xlsx,1.81954393554187,1.77815125038364,0.301029995663981,0.845098040014257,0,1.88081359228079,1.95424250943932,log10(μL/L),log10(μL/L),1,
sguys99/Duval_Classification_1.xlsx,3.16136800223497,2.9731278535997,2.32428245529769,2.50785587169583,1.78532983501077,3.38381536598043,3.55144999797288,log10(μL/L),log10(μL/L),1,
sguys99/Duval_Classification_1.xlsx,0,4.27646180417325,2.61278385671974,2.73239375982297,2.51851393987789,3.5910646070265,2.85125834871908,log10(μL/L),log10(μL/L),1,
sguys99/Duval_Classification_1.xlsx,2.98227123303957,3.60205999132796,3.11058971029925,3.19312459835446,0.778151250383644,4.19865708695442,4.70156798505593,log10(μL/L),log10(μL/L),1,
sguys99/Duval_Classification_1.xlsx,4.39269695325967,4.78532983501077,4.41995574848976,4.62428209583567,3.19312459835446,4.15836249209525,4.48287358360875,log10(μL/L),log10(μL/L),1,
sguys99/Duval_Classification_1.xlsx,1.14612803567824,1.64345267648619,2.09342168516223,0.845098040014257,0,2.10720996964787,3.43870053290074,log10(μL/L),log10(μL/L),1,
sguys99/Duval_Classification_1.xlsx,3.30770992340481,2.17318626841227,1.30102999566398,0.477121254719662,0,2.74507479158206,3.4782778319196,log10(μL/L),log10(μL/L),1,
sguys99/Duval_Classification_1.xlsx,2.68124123737559,3.03140846425162,2.47421626407626,3.05384642685225,0,2.66651798055488,3,log10(μL/L),log10(μL/L),1,
sguys99/Duval_Classification_1.xlsx,4.60205999132796,2.60205999132796,1.84509804001426,2.77815125038364,0.778151250383644,2.90308998699194,2.33845649360461,log10(μL/L),log10(μL/L),1,
sguys99/Duval_Classification_1.xlsx,3.94448267215017,4.80661405146321,4.85810389002999,4.98068497436332,0,2.46239799789896,4.95568775031351,log10(μL/L),log10(μL/L),1,
sguys99/Duval_Classification_1.xlsx,3.82665779187587,4.02118929906994,3.14612803567824,4.24797326636181,2.8750612633917,2.46239799789896,3.17609125905568,log10(μL/L),log10(μL/L),1,
sguys99/Duval_Classification_1.xlsx,3.04139268515823,3.20411998265593,2.34439227368511,3.30319605742049,1.41497334797082,0,3.15533603746506,log10(μL/L),log10(μL/L),1,
sguys99/Duval_Classification_1.xlsx,2.46239799789896,2.98497712641549,2.47567118832443,3.25767857486918,1.75587485567249,1.85733249643127,2.87852179550121,log10(μL/L),log10(μL/L),1,
sguys99/Duval_Classification_1.xlsx,3.39794000867204,4.02118929906994,3.68033551341456,4.13033376849501,0.778151250383644,2.72427586960079,3.36361197989214,log10(μL/L),log10(μL/L),1,
sguys99/Duval_Classification_1.xlsx,3.26951294421792,3.69722934275972,0,4.02938377768521,3.20411998265593,2.19865708695442,3.11394335230684,log10(μL/L),log10(μL/L),1,
sguys99/Duval_Classification_1.xlsx,2.93449845124357,3.22271647114758,1.47712125471966,3.31175386105575,1.60205999132796,1,2.83884909073726,log10(μL/L),log10(μL/L),1,
sguys99/Duval_Classification_1.xlsx,2.17609125905568,1.34242268082221,0.954242509439325,1.77815125038364,1.04139268515823,0,0,log10(μL/L),log10(μL/L),1,
sguys99/Duval_Classification_1.xlsx,2.60205999132796,2.9731278535997,2.32221929473392,2.91381385238372,1.38021124171161,2.5910646070265,3.23044892137827,log10(μL/L),log10(μL/L),1,
sguys99/Duval_Classification_1.xlsx,0.778151250383644,3.47567118832443,4.47697646575953,4.41624097236815,1.82607480270083,0.778151250383644,1.41497334797082,log10(μL/L),log10(μL/L),1,
sguys99/Duval_Classification_1.xlsx,2,2.30102999566398,2.04139268515823,2.82607480270083,1.04139268515823,2,2.81291335664286,log10(μL/L),log10(μL/L),1,
sguys99/Duval_Classification_1.xlsx,2.46239799789896,3.10037054511756,2.36361197989214,2.91381385238372,0.903089986991944,2.35793484700045,2.91698004732038,log10(μL/L),log10(μL/L),1,
sguys99/Duval_Classification_1.xlsx,3.19033169817029,3.43775056282039,2.91169015875386,3.73639650227664,2.26481782300954,3.05690485133647,3.97127584873811,log10(μL/L),log10(μL/L),1,
sguys99/Duval_Classification_1.xlsx,3.59217675739587,3.63245729218472,2.79657433321043,3.78103693862113,3.0899051114394,3.25527250510331,4.06069784035361,log10(μL/L),log10(μL/L),1,
sguys99/Duval_Classification_1.xlsx,4.10397466938639,4.37103089946633,3.78153996860594,4.53474932767523,3.71499996741204,3.60249406880728,3.93140701355657,log10(μL/L),log10(μL/L),1,
sguys99/Duval_Classification_1.xlsx,0,0.903089986991944,0.903089986991944,2,0.778151250383644,2.47712125471966,3.71011736511182,log10(μL/L),log10(μL/L),1,
sguys99/Duval_Classification_1.xlsx,2.47712125471966,2.84509804001426,2.44715803134222,3.23044892137827,1.55630250076729,2.88081359228079,3.96614173273903,log10(μL/L),log10(μL/L),1,
sguys99/Duval_Classification_1.xlsx,2.02938377768521,2.15533603746506,1.53147891704226,2.34635297445064,0.301029995663981,2.28555730900777,3.12385164096709,log10(μL/L),log10(μL/L),1,
sguys99/Duval_Classification_1.xlsx,2.12710479836481,2.12710479836481,2.19589965240923,1.65321251377534,0,3.00346053210951,4.02234587626988,log10(μL/L),log10(μL/L),0,
sguys99/Duval_Classification_1.xlsx,2,2.30102999566398,2.30102999566398,2.30102999566398,1.30102999566398,3,4,log10(μL/L),log10(μL/L),0,
sguys99/Duval_Classification_1.xlsx,0,2.35218251811136,2.35218251811136,2.04139268515823,0.477121254719662,2.89486965674525,3.65321251377534,log10(μL/L),log10(μL/L),0,
sguys99/Duval_Classification_1.xlsx,2.02118929906994,2.09691001300806,1.85125834871908,2.22010808804006,1,3.30102999566398,4.25527250510331,log10(μL/L),log10(μL/L),0,
sguys99/Duval_Classification_1.xlsx,2,1.69897000433602,1.81291335664286,1.69897000433602,1.17609125905568,2.69897000433602,3.69897000433602,log10(μL/L),log10(μL/L),0,
sguys99/Duval_Classification_1.xlsx,2,1.84509804001426,1.84509804001426,2.23044892137827,1,3,4,log10(μL/L),log10(μL/L),0,
sguys99/Duval_Classification_1.xlsx,2.17609125905568,0,0,2.34242268082221,0.903089986991944,0,0,log10(μL/L),log10(μL/L),0,
sguys99/Duval_Classification_1.xlsx,0,2.35024801833416,2.35024801833416,2.04921802267018,0.698970004336019,3.33243845991561,3.82736927305383,log10(μL/L),log10(μL/L),0,
sguys99/Duval_Classification_1.xlsx,2.30102999566398,1.69897000433602,1.69897000433602,2.30102999566398,0.477121254719662,3,4.30102999566398,log10(μL/L),log10(μL/L),0,
sguys99/Duval_Classification_1.xlsx,1.92941892571429,0,1.90308998699194,1.54406804435028,1.84509804001426,0,0,log10(μL/L),log10(μL/L),0,
sguys99/Duval_Classification_1.xlsx,2.24303804868629,0,2,2.57403126772772,0.477121254719662,0,0,log10(μL/L),log10(μL/L),0,
sguys99/Duval_Classification_1.xlsx,1.90308998699194,0,2.30102999566398,2,0.602059991327962,2.90308998699194,0,log10(μL/L),log10(μL/L),0,
sguys99/Duval_Classification_1.xlsx,2.17609125905568,0,2.30102999566398,2,1.17609125905568,3,4,log10(μL/L),log10(μL/L),0,
sguys99/Duval_Classification_1.xlsx,2.09691001300806,2,2,2.17609125905568,1.30102999566398,2.69897000433602,3.77815125038364,log10(μL/L),log10(μL/L),0,
sguys99/Duval_Classification_1.xlsx,2.30102999566398,0.477121254719662,1.69897000433602,2.30102999566398,0,3,4.30102999566398,log10(μL/L),log10(μL/L),0,
sguys99/Duval_Classification_1.xlsx,1.69897000433602,1.47712125471966,0,0,0.698970004336019,0,0,log10(μL/L),log10(μL/L),0,
sguys99/Duval_Classification_1.xlsx,2,1.84509804001426,1.84509804001426,2.23044892137827,1,3,4,log10(μL/L),log10(μL/L),0,
sguys99/Duval_Classification_1.xlsx,1.97772360528885,2.44715803134222,2.39794000867204,2.17609125905568,1,2.84509804001426,3.90308998699194,log10(μL/L),log10(μL/L),0,
sguys99/Duval_Classification_1.xlsx,1.77815125038364,1.60205999132796,1.69897000433602,1.77815125038364,0.477121254719662,2.73239375982297,3.70757017609794,log10(μL/L),log10(μL/L),0,
sguys99/Duval_Classification_1.xlsx,1.92427928606188,1.89762709129044,1.7160033436348,2.22010808804006,1.7481880270062,2.82801506422398,3.90676588954073,log10(μL/L),log10(μL/L),0,
sguys99/Duval_Classification_1.xlsx,1.81954393554187,2.04532297878666,1.95424250943932,2.04139268515823,1.17609125905568,2.93701610746481,4.10277661488344,log10(μL/L),log10(μL/L),0,
sguys99/Duval_Classification_1.xlsx,2.37106786227174,2.25527250510331,2.43136376415899,2.16136800223498,2.52633927738984,2.82736927305383,3.62900161928699,log10(μL/L),log10(μL/L),0,
sguys99/Duval_Classification_1.xlsx,2.39794000867204,2.17609125905568,2.17609125905568,2.39794000867204,2.17609125905568,3,4,log10(μL/L),log10(μL/L),0,
sguys99/Duval_Classification_1.xlsx,2.17609125905568,0,0,2.34242268082221,2.17609125905568,0,0,log10(μL/L),log10(μL/L),0,
sguys99/Duval_Classification_1.xlsx,2.30102999566398,1.69897000433602,1.69897000433602,2.30102999566398,1.47712125471966,3,4.30102999566398,log10(μL/L),log10(μL/L),0,
sguys99/Duval_Classification_1.xlsx,2.12710479836481,2.35024801833416,2.74036268949424,2.35024801833416,2.18752072083646,2.82736927305383,3.55436800099009,log10(μL/L),log10(μL/L),0,
sguys99/Duval_Classification_1.xlsx,2.39794000867204,0,1.17609125905568,2.17609125905568,2.44715803134222,0,0,log10(μL/L),log10(μL/L),0,
sguys99/Duval_Classification_1.xlsx,2.17609125905568,0,1.90308998699194,2.50514997831991,1.34242268082221,0,0,log10(μL/L),log10(μL/L),0,
sguys99/Duval_Classification_1.xlsx,0,2.17609125905568,2.74036268949424,2.30102999566398,2.17609125905568,2.90308998699194,3.69897000433602,log10(μL/L),log10(μL/L),0,
sguys99/Duval_Classification_1.xlsx,2.17609125905568,0,2.30102999566398,2.30102999566398,2.17609125905568,3,4,log10(μL/L),log10(μL/L),0,
sguys99/Duval_Classification_1.xlsx,2.30102999566398,2,2,2,1.69897000433602,2.69897000433602,4,log10(μL/L),log10(μL/L),0,
sguys99/Duval_Classification_1.xlsx,2.39794000867204,2.27875360095283,2.25527250510331,2.39794000867204,2.25527250510331,3,4,log10(μL/L),log10(μL/L),0,
sguys99/Duval_Classification_1.xlsx,1.8750612633917,1.54406804435028,1.69897000433602,2.04139268515823,1.90308998699194,2.60205999132796,3.72427586960079,log10(μL/L),log10(μL/L),0,
sguys99/Duval_Classification_1.xlsx,2.17897694729317,2.11727129565576,1.86332286012046,2.39794000867204,2.42488163663107,2.92839585225671,4.07254398564365,log10(μL/L),log10(μL/L),0,
sguys99/Duval_Classification_1.xlsx,3.91844974240116,3.04921802267018,2.89431606268444,3.12839926871781,4.29473069048433,2.65127801399814,3.7481880270062,log10(μL/L),log10(μL/L),0,
sguys99/Duval_Classification_1.xlsx,1.49136169383427,0.778151250383644,0.903089986991944,0.477121254719662,0,2.41497334797082,2.8481891169914,log10(μL/L),log10(μL/L),0,
sguys99/Duval_Classification_1.xlsx,1.34242268082221,0.845098040014257,0.602059991327962,0.698970004336019,0,2.25527250510331,2.81291335664286,log10(μL/L),log10(μL/L),0,
sguys99/Duval_Classification_1.xlsx,1.90308998699194,1.25527250510331,1.30102999566398,0,0,0,0,log10(μL/L),log10(μL/L),0,
sguys99/Duval_Classification_1.xlsx,2.23044892137827,1.20411998265592,0.903089986991944,0,0,0,0,log10(μL/L),log10(μL/L),0,
sguys99/Duval_Classification_1.xlsx,1.69897000433602,1,1,1,0.698970004336019,3,4,log10(μL/L),log10(μL/L),0,
sguys99/Duval_Classification_1.xlsx,2.07918124604763,0,0,1,0.698970004336019,0,0,log10(μL/L),log10(μL/L),0,
sguys99/Duval_Classification_1.xlsx,2.17609125905568,0,0,0.903089986991944,0.477121254719662,0,0,log10(μL/L),log10(μL/L),0,
sguys99/Duval_Classification_1.xlsx,1.92941892571429,0,0,0.954242509439325,0.698970004336019,0,0,log10(μL/L),log10(μL/L),0,
sguys99/Duval_Classification_1.xlsx,1.84509804001426,0,0,1.47712125471966,0.602059991327962,0,0,log10(μL/L),log10(μL/L),0,
sguys99/Duval_Classification_1.xlsx,2.13033376849501,0,0,1.47712125471966,0.602059991327962,0,0,log10(μL/L),log10(μL/L),0,
sguys99/Duval_Classification_1.xlsx,3,0,0,1.30102999566398,1.20411998265592,0,0,log10(μL/L),log10(μL/L),0,
sguys99/Duval_Classification_1.xlsx,0.778151250383644,1.04139268515823,0.845098040014257,0.477121254719662,0,2.39794000867204,2.90308998699194,log10(μL/L),log10(μL/L),0,
sguys99/Duval_Classification_1.xlsx,2.17609125905568,2.07918124604763,2.11394335230684,1.60205999132796,0,3.04139268515823,3.60205999132796,log10(μL/L),log10(μL/L),0,
sguys99/Duval_Classification_1.xlsx,1.30102999566398,1.47712125471966,1.39794000867204,0.602059991327962,0.301029995663981,2.51851393987789,2.95424250943933,log10(μL/L),log10(μL/L),0,
sguys99/Duval_Classification_1.xlsx,2.47712125471966,1.47712125471966,1.39794000867204,0.602059991327962,0.301029995663981,2.51851393987789,2.95424250943933,log10(μL/L),log10(μL/L),0,
sguys99/Duval_Classification_41.xlsx,4.51759173071191,3.37966803403365,2.19589965240923,0,0,2.49554433754645,2.7481880270062,log10(μL/L),log10(μL/L),1,
sguys99/Duval_Classification_41.xlsx,4.57749179983723,3.2405492482826,2.39619934709574,0.903089986991944,0.903089986991944,1.7481880270062,2.29446622616159,log10(μL/L),log10(μL/L),1,
sguys99/Duval_Classification_41.xlsx,4.96661098668194,4.00860017176192,0,0,0,3.80617997398389,5.01347344260851,log10(μL/L),log10(μL/L),1,
sguys99/Duval_Classification_41.xlsx,3.91729540094569,3.02571538390134,1.34242268082221,0,0,2.02938377768521,2.69722934275972,log10(μL/L),log10(μL/L),1,
sguys99/Duval_Classification_41.xlsx,3.97034687623009,2.99782308074573,1.77815125038364,0.778151250383644,0.845098040014257,1.77815125038364,2.79239168949825,log10(μL/L),log10(μL/L),1,
sguys99/Duval_Classification_41.xlsx,4.55673657824661,3.67246731306808,2.74350976472843,0.698970004336019,1,0.778151250383644,2.54032947479087,log10(μL/L),log10(μL/L),1,
sguys99/Duval_Classification_41.xlsx,4.51911889852483,2.79169064902012,1.76342799356294,0.301029995663981,0,1.70757017609794,0,log10(μL/L),log10(μL/L),1,
sguys99/Duval_Classification_41.xlsx,4.60508946188158,3.02897770520878,3.02530586526477,0,0,0,0,log10(μL/L),log10(μL/L),1,
sguys99/Duval_Classification_41.xlsx,4.42794029026414,4.26344668910973,3.32448823330766,1.43136376415899,0,2.84757265914211,0,log10(μL/L),log10(μL/L),1,
sguys99/Duval_Classification_41.xlsx,1.89209460269048,1.30102999566398,1.04139268515823,1.11394335230684,1.44715803134222,0,2.89431606268444,log10(μL/L),log10(μL/L),1,
sguys99/Duval_Classification_41.xlsx,2.48429983934679,2,1.51851393987789,2.20682587603185,2.73319726510657,2.64345267648619,3.568201724067,log10(μL/L),log10(μL/L),1,
sguys99/Duval_Classification_41.xlsx,1.54406804435028,0.778151250383644,0.477121254719662,1.41497334797082,2.68304703823885,2.30102999566398,3.35024801833416,log10(μL/L),log10(μL/L),1,
sguys99/Duval_Classification_41.xlsx,2.73479982958885,2.07918124604763,1.61278385671974,2.61384182187607,3.27415784926368,1.88081359228079,3.44715803134222,log10(μL/L),log10(μL/L),1,
sguys99/Duval_Classification_41.xlsx,3.0899051114394,2.21218760440396,1.43136376415899,2.36735592102602,2.84010609445676,2.11394335230684,2.06069784035361,log10(μL/L),log10(μL/L),1,
sguys99/Duval_Classification_41.xlsx,2.80955971463527,1.93449845124357,1.11394335230684,2.04139268515823,2.50105926221775,1.86923171973098,2.05690485133647,log10(μL/L),log10(μL/L),1,
sguys99/Duval_Classification_41.xlsx,1.77815125038364,1,0.602059991327962,0.602059991327962,0.602059991327962,2.89209460269048,3.88081359228079,log10(μL/L),log10(μL/L),1,
sguys99/Duval_Classification_41.xlsx,1.97772360528885,1,0,1.04139268515823,1.5910646070265,2.08635983067475,2.66931688056611,log10(μL/L),log10(μL/L),1,
sguys99/Duval_Classification_41.xlsx,3.83695673705955,3.01199311465926,1.89762709129044,2.95424250943933,3.74036268949424,1.46239799789896,2.58883172559421,log10(μL/L),log10(μL/L),1,
sguys99/Duval_Classification_41.xlsx,4.00397724184554,3.73231332747124,2.72427586960079,3.81291335664286,4.57478339317578,1.6232492903979,2.6159500516564,log10(μL/L),log10(μL/L),1,
sguys99/Duval_Classification_41.xlsx,2.81291335664286,1.90848501887865,2.23044892137827,1.70757017609794,2.43136376415899,2.57978359661681,3.30102999566398,log10(μL/L),log10(μL/L),1,
sguys99/Duval_Classification_41.xlsx,2.32221929473392,1.34242268082221,0.778151250383644,0.778151250383644,0.845098040014257,1.27875360095283,1.86923171973098,log10(μL/L),log10(μL/L),1,
sguys99/Duval_Classification_41.xlsx,2.5854607295085,1.77815125038364,0.903089986991944,1.72427586960079,2.20139712432045,2.66745295288995,3.09691001300806,log10(μL/L),log10(μL/L),1,
sguys99/Duval_Classification_41.xlsx,3.62634036737504,2.83884909073726,0.698970004336019,2.29225607135648,3.07188200730613,2.6414741105041,2.89817648349768,log10(μL/L),log10(μL/L),1,
sguys99/Duval_Classification_41.xlsx,3.88081359228079,3.0899051114394,2.50242711998443,2.92220627743902,3.19312459835446,3.69635638873333,3.61066016308988,log10(μL/L),log10(μL/L),1,
sguys99/Duval_Classification_41.xlsx,2.77451696572855,1.90308998699194,0.954242509439325,1.94939000664491,2.38738982633873,2.71933128698373,3.32221929473392,log10(μL/L),log10(μL/L),1,
sguys99/Duval_Classification_41.xlsx,2.07918124604763,1.39794000867204,0,0.903089986991944,1.60205999132796,2.69897000433602,3.20411998265593,log10(μL/L),log10(μL/L),1,
sguys99/Duval_Classification_41.xlsx,0.903089986991944,0,0,1.63346845557959,2.00432137378264,2.28330122870355,3.60927417240459,log10(μL/L),log10(μL/L),1,
sguys99/Duval_Classification_41.xlsx,3.80982896106789,3.36417563277062,2.08278537031645,3.33425264233423,3.8083460357404,3.55966727838806,2.35218251811136,log10(μL/L),log10(μL/L),1,
sguys99/Duval_Classification_41.xlsx,3.33785842904109,3.02077548819356,2.31597034545692,2.64345267648619,2.8481891169914,3.66001122128933,3.59361830812954,log10(μL/L),log10(μL/L),1,
sguys99/Duval_Classification_41.xlsx,3.25285303097989,2.76342799356294,2.50650503240487,2.52633927738984,2.79169064902012,2.9804578922761,3.62838893005031,log10(μL/L),log10(μL/L),1,
sguys99/Duval_Classification_41.xlsx,3.12385164096709,1,1.30102999566398,1.81954393554187,2.26007138798508,2.36361197989214,3.26007138798507,log10(μL/L),log10(μL/L),1,
sguys99/Duval_Classification_41.xlsx,0.602059991327962,0,0.301029995663981,0.845098040014257,1.7160033436348,1.96848294855393,2.71516735784846,log10(μL/L),log10(μL/L),1,
sguys99/Duval_Classification_41.xlsx,3.27875360095283,2.45484486000851,1.49136169383427,2.98091193777684,3.88817949391833,2.83314711191279,2.86451108105839,log10(μL/L),log10(μL/L),1,
sguys99/Duval_Classification_41.xlsx,1.75587485567249,1.38021124171161,0.301029995663981,1.43136376415899,1.47712125471966,2.73239375982297,3.40105572577184,log10(μL/L),log10(μL/L),1,
sguys99/Duval_Classification_41.xlsx,3,2.69897000433602,0,2.60205999132796,2.69897000433602,2.30102999566398,3,log10(μL/L),log10(μL/L),1,
sguys99/Duval_Classification_41.xlsx,2.64345267648619,1.94939000664491,1.27875360095283,2.48287358360875,2.87909587950007,2.47567118832443,3.07554696139253,log10(μL/L),log10(μL/L),1,
sguys99/Duval_Classification_41.xlsx,2.32221929473392,1.63346845557959,1.07918124604762,2.00860017176192,2.2718416065365,2.22271647114758,3.02938377768521,log10(μL/L),log10(μL/L),1,
sguys99/Duval_Classification_41.xlsx,3.45484486000851,3.04727486738418,2.13987908640124,3.29819786710982,3.56525734342021,3.36735592102602,3.63648789635337,log10(μL/L),log10(μL/L),1,
sguys99/Duval_Classification_41.xlsx,3.84633711212981,3.26717172840301,0,3.47129171105894,3.64443858946784,3.33041377334919,3,log10(μL/L),log10(μL/L),1,
sguys99/Duval_Classification_41.xlsx,2.73639650227664,2.11394335230684,1.20411998265592,2.1846914308176,2.37839790094814,2.81954393554187,3.45484486000851,log10(μL/L),log10(μL/L),1,
sguys99/Duval_Classification_41.xlsx,3.85430604180108,3.15836249209525,1.98677173426624,3.08278537031645,3.24551266781415,2.78390357927274,3.3541084391474,log10(μL/L),log10(μL/L),1,
sguys99/Duval_Classification_41.xlsx,2.79239168949825,2.51188336097887,1.57978359661681,2.25767857486918,2.38738982633873,3.17026171539496,3.40312052117582,log10(μL/L),log10(μL/L),1,
sguys99/Duval_Classification_41.xlsx,2.07918124604763,1.49136169383427,0,1.81954393554187,1.9731278535997,1.68124123737559,2.43296929087441,log10(μL/L),log10(μL/L),1,
sguys99/Duval_Classification_41.xlsx,2.87794695162919,2.35983548233989,1.50514997831991,2.60638136511061,2.66275783168157,2.92685670894969,3.74663419893758,log10(μL/L),log10(μL/L),1,
sguys99/Duval_Classification_41.xlsx,3.70757017609794,3.15533603746506,0,3.05690485133647,3.00432137378264,2.06818586174616,2.29446622616159,log10(μL/L),log10(μL/L),1,
sguys99/Duval_Classification_41.xlsx,4.13033376849501,3.78604121024255,2.32633586092875,3.65417654187796,3.6063813651106,3.93901977644867,3.16435285578444,log10(μL/L),log10(μL/L),1,
sguys99/Duval_Classification_41.xlsx,3.19589965240923,3.04532297878666,2.24303804868629,3.25042000230889,3.26245108973043,2.13033376849501,2.77959649125782,log10(μL/L),log10(μL/L),1,
sguys99/Duval_Classification_41.xlsx,3.48995847942483,3.70070371714502,2.5092025223311,3.57978359661681,3.40483371661994,2.43136376415899,2.60205999132796,log10(μL/L),log10(μL/L),1,
sguys99/Duval_Classification_41.xlsx,3.26007138798507,2.60745502321467,1.54406804435028,2.56229286445647,2.80208925788173,3.00432137378264,3.93500315145366,log10(μL/L),log10(μL/L),1,
sguys99/Duval_Classification_41.xlsx,2.72835378202123,2.20411998265593,1.20411998265592,2.48429983934679,2.83250891270624,2.23552844690755,2.52891670027765,log10(μL/L),log10(μL/L),1,
sguys99/Duval_Classification_41.xlsx,1.11394335230684,0.477121254719662,0,0.477121254719662,0.778151250383644,0.602059991327962,1.70757017609794,log10(μL/L),log10(μL/L),1,
sguys99/Duval_Classification_41.xlsx,2.13672056715641,1.82607480270083,0.845098040014257,1.72427586960079,2.01703333929878,2.29225607135648,3.22479195649268,log10(μL/L),log10(μL/L),1,
sguys99/Duval_Classification_41.xlsx,3.03502928220237,2.27415784926368,0.903089986991944,2.22010808804006,2.88592633980143,1.57978359661681,2.29885307640971,log10(μL/L),log10(μL/L),1,
sguys99/Duval_Classification_41.xlsx,1.53147891704226,1.32221929473392,0.602059991327962,1.69019608002851,1.7481880270062,1.97772360528885,2.4983105537896,log10(μL/L),log10(μL/L),1,
sguys99/Duval_Classification_41.xlsx,3.8998205024271,3.30102999566398,2.55022835305509,3.49415459401844,3.73158876518674,3.05307844348342,2.45484486000851,log10(μL/L),log10(μL/L),1,
sguys99/Duval_Classification_41.xlsx,2.17609125905568,2.11394335230684,0.954242509439325,1.74036268949424,1.47712125471966,2.07918124604763,2.30102999566398,log10(μL/L),log10(μL/L),1,
sguys99/Duval_Classification_41.xlsx,3.91381385238372,3.57863920996807,2.39794000867204,3.66464197555613,3.76566855475901,1.49136169383427,1.92941892571429,log10(μL/L),log10(μL/L),1,
sguys99/Duval_Classification_41.xlsx,2.41497334797082,2.33243845991561,1.54406804435028,2.52374646681156,2.44247976906445,2.11394335230684,2.61909333062674,log10(μL/L),log10(μL/L),1,
sguys99/Duval_Classification_41.xlsx,1.8750612633917,1.17609125905568,0.845098040014257,1.14612803567824,1.41497334797082,2.02118929906994,2.50785587169583,log10(μL/L),log10(μL/L),1,
sguys99/Duval_Classification_41.xlsx,2.72427586960079,2.53781909507327,1.92941892571429,2.42488163663107,2.39794000867204,3.5910646070265,4.30102999566398,log10(μL/L),log10(μL/L),1,
sguys99/Duval_Classification_41.xlsx,1.77815125038364,0.698970004336019,0.301029995663981,1.32221929473392,1.32221929473392,2.27415784926368,3.39967372148104,log10(μL/L),log10(μL/L),1,
sguys99/Duval_Classification_41.xlsx,1.95424250943932,1.44715803134222,0.903089986991944,1.49136169383427,1.50514997831991,3.13987908640124,4.06818586174616,log10(μL/L),log10(μL/L),1,
sguys99/Duval_Classification_41.xlsx,2.34242268082221,1.88649072517248,1.34242268082221,2.23044892137827,2.38021124171161,3.25527250510331,4.13987908640124,log10(μL/L),log10(μL/L),1,
sguys99/Duval_Classification_41.xlsx,3.77085201164214,3.17609125905568,1.83250891270624,3.07918124604763,3.36172783601759,2.8750612633917,2.52504480703685,log10(μL/L),log10(μL/L),1,
sguys99/Duval_Classification_41.xlsx,2.6232492903979,2.39794000867204,1.61278385671974,2.72427586960079,2.90308998699194,2.47712125471966,2.87563993700417,log10(μL/L),log10(μL/L),1,
sguys99/Duval_Classification_41.xlsx,3.44715803134222,3.44715803134222,2.36921585741014,3.54406804435028,3.55630250076729,1.96378782734556,2.8561244442423,log10(μL/L),log10(μL/L),1,
sguys99/Duval_Classification_41.xlsx,1.99563519459755,2.23044892137827,1.30102999566398,2.30102999566398,2.27875360095283,2.14612803567824,3.06445798922692,log10(μL/L),log10(μL/L),1,
sguys99/Duval_Classification_41.xlsx,2.49136169383427,2.36172783601759,1.73239375982297,2.78532983501077,2.88081359228079,2.17609125905568,2.80002935924413,log10(μL/L),log10(μL/L),1,
sguys99/Duval_Classification_41.xlsx,2.90308998699194,2.20411998265593,1.36172783601759,2.41497334797082,2.77815125038364,2.69019608002851,2.83884909073726,log10(μL/L),log10(μL/L),1,
sguys99/Duval_Classification_41.xlsx,3.17609125905568,2.59659709562646,1.44715803134222,2.59659709562646,2.5092025223311,2.56229286445647,2.76042248342321,log10(μL/L),log10(μL/L),1,
sguys99/Duval_Classification_41.xlsx,4.30102999566398,4.11394335230684,3.26717172840301,4.46239799789896,4.75587485567249,3.41497334797082,3.38560627359831,log10(μL/L),log10(μL/L),1,
sguys99/Duval_Classification_41.xlsx,2.48429983934679,1.92941892571429,1.39794000867204,2.29446622616159,2.11394335230684,2.91009054559407,3.92324401863028,log10(μL/L),log10(μL/L),1,
sguys99/Duval_Classification_41.xlsx,3.27875360095283,2.72427586960079,1.54406804435028,2.58319877396862,2.63748972951251,3.27646180417324,3.87909587950007,log10(μL/L),log10(μL/L),1,
sguys99/Duval_Classification_41.xlsx,2.04139268515823,1.79239168949825,1.95424250943932,2.14612803567824,2.39794000867204,2.83250891270624,3.8109042806687,log10(μL/L),log10(μL/L),1,
sguys99/Duval_Classification_41.xlsx,3.568201724067,3.22788670461367,2.10720996964787,3.44870631990508,3.51454775266029,1.34242268082221,1.93449845124357,log10(μL/L),log10(μL/L),1,
sguys99/Duval_Classification_41.xlsx,3.44247976906445,2.81954393554187,1.73239375982297,2.85247999363686,2.88252453795488,2.71767050300226,3.17318626841227,log10(μL/L),log10(μL/L),1,
sguys99/Duval_Classification_41.xlsx,2.38916608436453,2.07918124604763,1.25527250510331,2.11727129565576,2.22271647114758,2.91855453055027,3.62838893005031,log10(μL/L),log10(μL/L),1,
sguys99/Duval_Classification_41.xlsx,3.06818586174616,2.40654018043396,1.25527250510331,2.49415459401844,2.51188336097887,0.698970004336019,3.25527250510331,log10(μL/L),log10(μL/L),1,
sguys99/Duval_Classification_41.xlsx,3.64532400156229,3.55193769536484,2.82477646247555,3.45651785780526,3.30642502755069,2.95856388322197,3.95818149756495,log10(μL/L),log10(μL/L),1,
sguys99/Duval_Classification_41.xlsx,2.90848501887865,2.76342799356294,2.04532297878666,2.75587485567249,2.69019608002851,3.04139268515823,3.83250891270624,log10(μL/L),log10(μL/L),1,
sguys99/Duval_Classification_41.xlsx,3.69897000433602,3.07918124604763,1.91907809237607,3,3.04139268515823,2.14612803567824,2.42324587393681,log10(μL/L),log10(μL/L),1,
sguys99/Duval_Classification_41.xlsx,4,3.82801506422398,2.53781909507327,3.86510397464113,4.01703333929878,3.29666519026153,3.58319877396862,log10(μL/L),log10(μL/L),1,
sguys99/Duval_Classification_41.xlsx,3.19589965240923,2.8662873390842,1.93951925261862,3.12385164096709,3.2405492482826,2.85186960072977,3.62736585659273,log10(μL/L),log10(μL/L),1,
sguys99/Duval_Classification_41.xlsx,3.10380372095596,3.53781909507327,2.7160033436348,3.1430148002541,0.903089986991944,2.68394713075151,4.64836001098093,log10(μL/L),log10(μL/L),1,
sguys99/Duval_Classification_41.xlsx,3.53402610605614,3.89597473235906,3.17609125905568,3.84447717574568,1.51851393987789,2.75815462196739,3.66651798055488,log10(μL/L),log10(μL/L),1,
sguys99/Duval_Classification_41.xlsx,2.55630250076729,2.78532983501077,2.41329976408125,2.41497334797082,0.954242509439325,4.07918124604763,4.87040390527903,log10(μL/L),log10(μL/L),1,
sguys99/Duval_Classification_41.xlsx,0,1.43136376415899,1.69019608002851,0.602059991327962,0,1.72427586960079,2.40483371661994,log10(μL/L),log10(μL/L),1,
sguys99/Duval_Classification_41.xlsx,3.56525734342021,3.80563676630594,3.39794000867204,3.88598281135497,0.698970004336019,2.00432137378264,2.92064500140679,log10(μL/L),log10(μL/L),1,
sguys99/Duval_Classification_41.xlsx,1.68124123737559,2.78532983501077,1.46239799789896,1,0,3.27875360095283,2.98677173426625,log10(μL/L),log10(μL/L),1,
sguys99/Duval_Classification_41.xlsx,1.07918124604762,1.25527250510331,0.602059991327962,0.602059991327962,0,2.74741180788642,3.23299611039215,log10(μL/L),log10(μL/L),1,
sguys99/Duval_Classification_41.xlsx,1.81954393554187,1.77815125038364,0.301029995663981,0.845098040014257,0,1.88081359228079,1.95424250943932,log10(μL/L),log10(μL/L),1,
sguys99/Duval_Classification_41.xlsx,3.16136800223497,2.9731278535997,2.32428245529769,2.50785587169583,1.78532983501077,3.38381536598043,3.55144999797288,log10(μL/L),log10(μL/L),1,
sguys99/Duval_Classification_41.xlsx,0,4.27646180417325,2.61278385671974,2.73239375982297,2.51851393987789,3.5910646070265,2.85125834871908,log10(μL/L),log10(μL/L),1,
sguys99/Duval_Classification_41.xlsx,2.98227123303957,3.60205999132796,3.11058971029925,3.19312459835446,0.778151250383644,4.19865708695442,4.70156798505593,log10(μL/L),log10(μL/L),1,
sguys99/Duval_Classification_41.xlsx,4.39269695325967,4.78532983501077,4.41995574848976,4.62428209583567,3.19312459835446,4.15836249209525,4.48287358360875,log10(μL/L),log10(μL/L),1,
sguys99/Duval_Classification_41.xlsx,1.14612803567824,1.64345267648619,2.09342168516223,0.845098040014257,0,2.10720996964787,3.43870053290074,log10(μL/L),log10(μL/L),1,
sguys99/Duval_Classification_41.xlsx,3.30770992340481,2.17318626841227,1.30102999566398,0.477121254719662,0,2.74507479158206,3.4782778319196,log10(μL/L),log10(μL/L),1,
sguys99/Duval_Classification_41.xlsx,2.68124123737559,3.03140846425162,2.47421626407626,3.05384642685225,0,2.66651798055488,3,log10(μL/L),log10(μL/L),1,
sguys99/Duval_Classification_41.xlsx,4.60205999132796,2.60205999132796,1.84509804001426,2.77815125038364,0.778151250383644,2.90308998699194,2.33845649360461,log10(μL/L),log10(μL/L),1,
sguys99/Duval_Classification_41.xlsx,3.94448267215017,4.80661405146321,4.85810389002999,4.98068497436332,0,2.46239799789896,4.95568775031351,log10(μL/L),log10(μL/L),1,
sguys99/Duval_Classification_41.xlsx,3.82665779187587,4.02118929906994,3.14612803567824,4.24797326636181,2.8750612633917,2.46239799789896,3.17609125905568,log10(μL/L),log10(μL/L),1,
sguys99/Duval_Classification_41.xlsx,3.04139268515823,3.20411998265593,2.34439227368511,3.30319605742049,1.41497334797082,0,3.15533603746506,log10(μL/L),log10(μL/L),1,
sguys99/Duval_Classification_41.xlsx,2.46239799789896,2.98497712641549,2.47567118832443,3.25767857486918,1.75587485567249,1.85733249643127,2.87852179550121,log10(μL/L),log10(μL/L),1,
sguys99/Duval_Classification_41.xlsx,3.39794000867204,4.02118929906994,3.68033551341456,4.13033376849501,0.778151250383644,2.72427586960079,3.36361197989214,log10(μL/L),log10(μL/L),1,
sguys99/Duval_Classification_41.xlsx,3.26951294421792,3.69722934275972,0,4.02938377768521,3.20411998265593,2.19865708695442,3.11394335230684,log10(μL/L),log10(μL/L),1,
sguys99/Duval_Classification_41.xlsx,2.93449845124357,3.22271647114758,1.47712125471966,3.31175386105575,1.60205999132796,1,2.83884909073726,log10(μL/L),log10(μL/L),1,
sguys99/Duval_Classification_41.xlsx,2.17609125905568,1.34242268082221,0.954242509439325,1.77815125038364,1.04139268515823,0,0,log10(μL/L),log10(μL/L),1,
sguys99/Duval_Classification_41.xlsx,2.60205999132796,2.9731278535997,2.32221929473392,2.91381385238372,1.38021124171161,2.5910646070265,3.23044892137827,log10(μL/L),log10(μL/L),1,
sguys99/Duval_Classification_41.xlsx,0.778151250383644,3.47567118832443,4.47697646575953,4.41624097236815,1.82607480270083,0.778151250383644,1.41497334797082,log10(μL/L),log10(μL/L),1,
sguys99/Duval_Classification_41.xlsx,2,2.30102999566398,2.04139268515823,2.82607480270083,1.04139268515823,2,2.81291335664286,log10(μL/L),log10(μL/L),1,
sguys99/Duval_Classification_41.xlsx,2.46239799789896,3.10037054511756,2.36361197989214,2.91381385238372,0.903089986991944,2.35793484700045,2.91698004732038,log10(μL/L),log10(μL/L),1,
sguys99/Duval_Classification_41.xlsx,3.19033169817029,3.43775056282039,2.91169015875386,3.73639650227664,2.26481782300954,3.05690485133647,3.97127584873811,log10(μL/L),log10(μL/L),1,
sguys99/Duval_Classification_41.xlsx,3.59217675739587,3.63245729218472,2.79657433321043,3.78103693862113,3.0899051114394,3.25527250510331,4.06069784035361,log10(μL/L),log10(μL/L),1,
sguys99/Duval_Classification_41.xlsx,4.10397466938639,4.37103089946633,3.78153996860594,4.53474932767523,3.71499996741204,3.60249406880728,3.93140701355657,log10(μL/L),log10(μL/L),1,
sguys99/Duval_Classification_41.xlsx,0,0.903089986991944,0.903089986991944,2,0.778151250383644,2.47712125471966,3.71011736511182,log10(μL/L),log10(μL/L),1,
sguys99/Duval_Classification_41.xlsx,2.47712125471966,2.84509804001426,2.44715803134222,3.23044892137827,1.55630250076729,2.88081359228079,3.96614173273903,log10(μL/L),log10(μL/L),1,
sguys99/Duval_Classification_41.xlsx,2.02938377768521,2.15533603746506,1.53147891704226,2.34635297445064,0.301029995663981,2.28555730900777,3.12385164096709,log10(μL/L),log10(μL/L),1,
sguys99/Duval_Classification_41.xlsx,2.12710479836481,2.12710479836481,2.19589965240923,1.65321251377534,0,3.00346053210951,4.02234587626988,log10(μL/L),log10(μL/L),0,
sguys99/Duval_Classification_41.xlsx,2,2.30102999566398,2.30102999566398,2.30102999566398,1.30102999566398,3,4,log10(μL/L),log10(μL/L),0,
sguys99/Duval_Classification_41.xlsx,0,2.35218251811136,2.35218251811136,2.04139268515823,0.477121254719662,2.89486965674525,3.65321251377534,log10(μL/L),log10(μL/L),0,
sguys99/Duval_Classification_41.xlsx,2.02118929906994,2.09691001300806,1.85125834871908,2.22010808804006,1,3.30102999566398,4.25527250510331,log10(μL/L),log10(μL/L),0,
sguys99/Duval_Classification_41.xlsx,2,1.69897000433602,1.81291335664286,1.69897000433602,1.17609125905568,2.69897000433602,3.69897000433602,log10(μL/L),log10(μL/L),0,
sguys99/Duval_Classification_41.xlsx,2,1.84509804001426,1.84509804001426,2.23044892137827,1,3,4,log10(μL/L),log10(μL/L),0,
sguys99/Duval_Classification_41.xlsx,2.17609125905568,0,0,2.34242268082221,0.903089986991944,0,0,log10(μL/L),log10(μL/L),0,
sguys99/Duval_Classification_41.xlsx,0,2.35024801833416,2.35024801833416,2.04921802267018,0.698970004336019,3.33243845991561,3.82736927305383,log10(μL/L),log10(μL/L),0,
sguys99/Duval_Classification_41.xlsx,2.30102999566398,1.69897000433602,1.69897000433602,2.30102999566398,0.477121254719662,3,4.30102999566398,log10(μL/L),log10(μL/L),0,
sguys99/Duval_Classification_41.xlsx,1.92941892571429,0,1.90308998699194,1.54406804435028,1.84509804001426,0,0,log10(μL/L),log10(μL/L),0,
sguys99/Duval_Classification_41.xlsx,2.24303804868629,0,2,2.57403126772772,0.477121254719662,0,0,log10(μL/L),log10(μL/L),0,
sguys99/Duval_Classification_41.xlsx,1.90308998699194,0,2.30102999566398,2,0.602059991327962,2.90308998699194,0,log10(μL/L),log10(μL/L),0,
sguys99/Duval_Classification_41.xlsx,2.17609125905568,0,2.30102999566398,2,1.17609125905568,3,4,log10(μL/L),log10(μL/L),0,
sguys99/Duval_Classification_41.xlsx,2.09691001300806,2,2,2.17609125905568,1.30102999566398,2.69897000433602,3.77815125038364,log10(μL/L),log10(μL/L),0,
sguys99/Duval_Classification_41.xlsx,2.30102999566398,0.477121254719662,1.69897000433602,2.30102999566398,0,3,4.30102999566398,log10(μL/L),log10(μL/L),0,
sguys99/Duval_Classification_41.xlsx,1.69897000433602,1.47712125471966,0,0,0.698970004336019,0,0,log10(μL/L),log10(μL/L),0,
sguys99/Duval_Classification_41.xlsx,2,1.84509804001426,1.84509804001426,2.23044892137827,1,3,4,log10(μL/L),log10(μL/L),0,
sguys99/Duval_Classification_41.xlsx,1.97772360528885,2.44715803134222,2.39794000867204,2.17609125905568,1,2.84509804001426,3.90308998699194,log10(μL/L),log10(μL/L),0,
sguys99/Duval_Classification_41.xlsx,1.77815125038364,1.60205999132796,1.69897000433602,1.77815125038364,0.477121254719662,2.73239375982297,3.70757017609794,log10(μL/L),log10(μL/L),0,
sguys99/Duval_Classification_41.xlsx,1.92427928606188,1.89762709129044,1.7160033436348,2.22010808804006,1.7481880270062,2.82801506422398,3.90676588954073,log10(μL/L),log10(μL/L),0,
sguys99/Duval_Classification_41.xlsx,1.81954393554187,2.04532297878666,1.95424250943932,2.04139268515823,1.17609125905568,2.93701610746481,4.10277661488344,log10(μL/L),log10(μL/L),0,
sguys99/Duval_Classification_41.xlsx,2.37106786227174,2.25527250510331,2.43136376415899,2.16136800223498,2.52633927738984,2.82736927305383,3.62900161928699,log10(μL/L),log10(μL/L),0,
sguys99/Duval_Classification_41.xlsx,2.39794000867204,2.17609125905568,2.17609125905568,2.39794000867204,2.17609125905568,3,4,log10(μL/L),log10(μL/L),0,
sguys99/Duval_Classification_41.xlsx,2.17609125905568,0,0,2.34242268082221,2.17609125905568,0,0,log10(μL/L),log10(μL/L),0,
sguys99/Duval_Classification_41.xlsx,2.30102999566398,1.69897000433602,1.69897000433602,2.30102999566398,1.47712125471966,3,4.30102999566398,log10(μL/L),log10(μL/L),0,
sguys99/Duval_Classification_41.xlsx,2.12710479836481,2.35024801833416,2.74036268949424,2.35024801833416,2.18752072083646,2.82736927305383,3.55436800099009,log10(μL/L),log10(μL/L),0,
sguys99/Duval_Classification_41.xlsx,2.39794000867204,0,1.17609125905568,2.17609125905568,2.44715803134222,0,0,log10(μL/L),log10(μL/L),0,
sguys99/Duval_Classification_41.xlsx,2.17609125905568,0,1.90308998699194,2.50514997831991,1.34242268082221,0,0,log10(μL/L),log10(μL/L),0,
sguys99/Duval_Classification_41.xlsx,0,2.17609125905568,2.74036268949424,2.30102999566398,2.17609125905568,2.90308998699194,3.69897000433602,log10(μL/L),log10(μL/L),0,
sguys99/Duval_Classification_41.xlsx,2.17609125905568,0,2.30102999566398,2.30102999566398,2.17609125905568,3,4,log10(μL/L),log10(μL/L),0,
sguys99/Duval_Classification_41.xlsx,2.30102999566398,2,2,2,1.69897000433602,2.69897000433602,4,log10(μL/L),log10(μL/L),0,
sguys99/Duval_Classification_41.xlsx,2.39794000867204,2.27875360095283,2.25527250510331,2.39794000867204,2.25527250510331,3,4,log10(μL/L),log10(μL/L),0,
sguys99/Duval_Classification_41.xlsx,1.8750612633917,1.54406804435028,1.69897000433602,2.04139268515823,1.90308998699194,2.60205999132796,3.72427586960079,log10(μL/L),log10(μL/L),0,
sguys99/Duval_Classification_41.xlsx,2.17897694729317,2.11727129565576,1.86332286012046,2.39794000867204,2.42488163663107,2.92839585225671,4.07254398564365,log10(μL/L),log10(μL/L),0,
sguys99/Duval_Classification_41.xlsx,3.91844974240116,3.04921802267018,2.89431606268444,3.12839926871781,4.29473069048433,2.65127801399814,3.7481880270062,log10(μL/L),log10(μL/L),0,
sguys99/Duval_Classification_41.xlsx,1.49136169383427,0.778151250383644,0.903089986991944,0.477121254719662,0,2.41497334797082,2.8481891169914,log10(μL/L),log10(μL/L),0,
sguys99/Duval_Classification_41.xlsx,1.34242268082221,0.845098040014257,0.602059991327962,0.698970004336019,0,2.25527250510331,2.81291335664286,log10(μL/L),log10(μL/L),0,
sguys99/Duval_Classification_41.xlsx,1.90308998699194,1.25527250510331,1.30102999566398,0,0,0,0,log10(μL/L),log10(μL/L),0,
sguys99/Duval_Classification_41.xlsx,2.23044892137827,1.20411998265592,0.903089986991944,0,0,0,0,log10(μL/L),log10(μL/L),0,
sguys99/Duval_Classification_41.xlsx,1.69897000433602,1,1,1,0.698970004336019,3,4,log10(μL/L),log10(μL/L),0,
sguys99/Duval_Classification_41.xlsx,2.07918124604763,0,0,1,0.698970004336019,0,0,log10(μL/L),log10(μL/L),0,
sguys99/Duval_Classification_41.xlsx,2.17609125905568,0,0,0.903089986991944,0.477121254719662,0,0,log10(μL/L),log10(μL/L),0,
sguys99/Duval_Classification_41.xlsx,1.92941892571429,0,0,0.954242509439325,0.698970004336019,0,0,log10(μL/L),log10(μL/L),0,
sguys99/Duval_Classification_41.xlsx,1.84509804001426,0,0,1.47712125471966,0.602059991327962,0,0,log10(μL/L),log10(μL/L),0,
sguys99/Duval_Classification_41.xlsx,2.13033376849501,0,0,1.47712125471966,0.602059991327962,0,0,log10(μL/L),log10(μL/L),0,
sguys99/Duval_Classification_41.xlsx,3,0,0,1.30102999566398,1.20411998265592,0,0,log10(μL/L),log10(μL/L),0,
sguys99/Duval_Classification_41.xlsx,0.778151250383644,1.04139268515823,0.845098040014257,0.477121254719662,0,2.39794000867204,2.90308998699194,log10(μL/L),log10(μL/L),0,
sguys99/Duval_Classification_41.xlsx,2.17609125905568,2.07918124604763,2.11394335230684,1.60205999132796,0,3.04139268515823,3.60205999132796,log10(μL/L),log10(μL/L),0,
sguys99/Duval_Classification_41.xlsx,1.30102999566398,1.47712125471966,1.39794000867204,0.602059991327962,0.301029995663981,2.51851393987789,2.95424250943933,log10(μL/L),log10(μL/L),0,
sguys99/Duval_Classification_41.xlsx,2.47712125471966,1.47712125471966,1.39794000867204,0.602059991327962,0.301029995663981,2.51851393987789,2.95424250943933,log10(μL/L),log10(μL/L),0,
sguys99/Duval_Classification_41.xlsx,2.12491202160145,2.02138966371108,1.9501078336822,2.18933764117883,1.06608974099234,2.88768212085393,3.89327633730435,log10(μL/L),log10(μL/L),0,
sguys99/Duval_Classification_41.xlsx,2.15082173054999,1.80955206303259,1.89491269052496,2.00285515896872,1.15466034229461,2.82959834698834,4.05177380442972,log10(μL/L),log10(μL/L),0,
sguys99/Duval_Classification_41.xlsx,1.85387343593907,1.73047273080332,1.84521506639882,2.41342351720518,1.35433037699162,2.78442651079819,4.01849758580387,log10(μL/L),log10(μL/L),0,
sguys99/Duval_Classification_41.xlsx,2.15291128447689,1.76024050953116,1.83786316240538,2.4401919724849,0.727033325603284,2.8414665149019,3.71206443929329,log10(μL/L),log10(μL/L),0,
sguys99/Duval_Classification_41.xlsx,2.0678603238794,1.91972187425951,1.71920491462456,2.1946569393558,1.65732033958577,2.85341098488783,3.99375122672724,log10(μL/L),log10(μL/L),0,
sguys99/Duval_Classification_41.xlsx,1.83745356159745,1.86409687650285,1.88806079769225,1.92658026145114,1.67582413182836,2.76598144750227,3.91145018929924,log10(μL/L),log10(μL/L),0,
sguys99/Duval_Classification_41.xlsx,1.92975008792841,1.81034118218627,1.7134674039062,2.06734702379756,1.41615123198787,2.87634643190902,4.09118600752315,log10(μL/L),log10(μL/L),0,
sguys99/Duval_Classification_41.xlsx,2.03829953480665,1.99192571841165,1.72310923604751,2.17585484049821,1.41488771678201,2.79339051338043,3.70834383801065,log10(μL/L),log10(μL/L),0,
sguys99/Duval_Classification_41.xlsx,2.16487493026826,1.90831602068092,1.85043788127592,2.28075391068136,1.27583661975659,2.83152609462041,3.94217421247902,log10(μL/L),log10(μL/L),0,
sguys99/Duval_Classification_41.xlsx,2.16684428168532,1.89476260562163,1.73134053429295,2.07072695898134,1.65612246412754,2.87498893158067,3.92697785325027,log10(μL/L),log10(μL/L),0,
sguys99/Duval_Classification_41.xlsx,1.87031713927162,2.01788254169006,1.91764172198022,2.28471373318109,1.30866254476014,2.79978854061328,3.94157300922034,log10(μL/L),log10(μL/L),0,
sguys99/Duval_Classification_41.xlsx,2.1683600148086,1.77821444516861,1.91751540149802,2.33539264468685,0.915216659344044,2.80926243370857,4.04860732661406,log10(μL/L),log10(μL/L),0,
sguys99/Duval_Classification_41.xlsx,2.16478403691311,1.96850170237519,1.89706370277674,2.03656614758629,1.59848242268004,2.8820420029734,3.88352103467692,log10(μL/L),log10(μL/L),0,
sguys99/Duval_Classification_41.xlsx,2.01571094078576,1.96736559321007,1.74814628386492,1.93364864123639,1.328740862352,2.80311632543341,4.05305693686534,log10(μL/L),log10(μL/L),0,
sguys99/Duval_Classification_41.xlsx,2.12065697287345,1.82367769534016,1.88300359197787,2.09784254311161,1.15713902877028,2.92260893314291,3.94565179286988,log10(μL/L),log10(μL/L),0,
sguys99/Duval_Classification_41.xlsx,1.86195100511289,1.90171715814407,1.84968837009658,2.1143815228203,1.34210416386504,2.95122034253179,3.7309861034833,log10(μL/L),log10(μL/L),0,
sguys99/Duval_Classification_41.xlsx,1.99104219475933,1.65619214776554,1.94899448291184,2.1855894264599,0.876988876419272,2.90465581362805,3.81220507207212,log10(μL/L),log10(μL/L),0,
sguys99/Duval_Classification_41.xlsx,2.15355938525347,1.64124111850136,1.88058301047448,2.23484319240419,0.963917376593652,2.82203444882129,4.03349968860795,log10(μL/L),log10(μL/L),0,
sguys99/Duval_Classification_41.xlsx,2.11826029269206,1.88736874026623,1.91388387944572,1.89660047858186,1.67464419426264,2.87521466383977,3.94647876129846,log10(μL/L),log10(μL/L),0,
sguys99/Duval_Classification_41.xlsx,2.16540554138492,1.97562343535034,1.83347802119593,2.07094650042839,1.68068284081869,2.76252615549642,3.79978822676719,log10(μL/L),log10(μL/L),0,
sguys99/Duval_Classification_41.xlsx,2.07560776903439,2.02276127647222,1.82798705778864,2.37332257965991,1.47762480173718,2.93765374287229,3.89180967864133,log10(μL/L),log10(μL/L),0,
sguys99/Duval_Classification_41.xlsx,1.80081362297607,1.69102341655045,1.91914376433175,1.82235419133517,0.764149110996598,2.93281626602217,3.99556389376824,log10(μL/L),log10(μL/L),0,
sguys99/Duval_Classification_41.xlsx,2.13488325825178,1.90209897115741,1.72704318054127,2.4221758822407,1.14720177000329,2.92137106910098,3.82051589823208,log10(μL/L),log10(μL/L),0,
sguys99/Duval_Classification_41.xlsx,2.15854157841163,1.86247334028568,1.74293586852255,2.34374878555858,1.29222178837987,2.80199477119613,4.03876207064204,log10(μL/L),log10(μL/L),0,
sguys99/Duval_Classification_41.xlsx,2.08309452077294,1.61101282946885,1.75538347854645,2.22399918747564,1.61905282126963,2.87735305802328,3.84624503606693,log10(μL/L),log10(μL/L),0,
sguys99/Duval_Classification_41.xlsx,2.10787654689236,1.80344745390852,1.81715211130884,2.27248099638465,0.571005190519093,2.73886339414772,4.09158439167447,log10(μL/L),log10(μL/L),0,
sguys99/Duval_Classification_41.xlsx,2.10339974914021,1.71056380341325,1.92041131477552,2.0500020983519,0.700886971331,2.84079173526272,3.85887310658381,log10(μL/L),log10(μL/L),0,
sguys99/Duval_Classification_41.xlsx,1.97909486821151,1.98045751907285,1.91452601776601,2.20668219034712,1.03911780090571,2.8146329604786,4.04717553818732,log10(μL/L),log10(μL/L),0,
sguys99/Duval_Classification_41.xlsx,2.07552145082768,1.79088342315586,1.71948746539722,2.43437642844666,1.52515404523333,2.7767988587253,3.8189137262875,log10(μL/L),log10(μL/L),0,
sguys99/Duval_Classification_41.xlsx,1.87741052220561,1.88647560630303,1.81934853029943,2.25598912222273,1.57276652420168,2.78129271395461,3.86754029044409,log10(μL/L),log10(μL/L),0,
sguys99/Duval_Classification_41.xlsx,2.09182217842706,1.71261107686404,1.85171707135092,2.24216829847999,1.524318997376,2.84025596801739,3.76490778878753,log10(μL/L),log10(μL/L),0,
sguys99/Duval_Classification_41.xlsx,1.79840861712311,1.9145480148471,1.82394334447944,2.04513030131418,1.3836971608203,2.7588532980338,3.98461974780046,log10(μL/L),log10(μL/L),0,
sguys99/Duval_Classification_41.xlsx,1.92902567876003,1.76647226046629,1.88237877519075,2.22416388144745,1.45802438758141,2.87821637264812,4.02113013263408,log10(μL/L),log10(μL/L),0,
sguys99/Duval_Classification_41.xlsx,1.80723338738345,1.93341407366612,1.87574941842802,2.29511215961335,1.22858199193866,2.85097243520518,3.97396263362471,log10(μL/L),log10(μL/L),0,
sguys99/Duval_Classification_41.xlsx,1.83722128095756,1.9456901823468,1.79013988124234,2.32099704139918,1.57979001878453,2.89792481231608,3.92753757276278,log10(μL/L),log10(μL/L),0,
sguys99/Duval_Classification_41.xlsx,2.12746506324103,1.96553381868165,1.82779590517539,2.16735676644523,1.07484881801219,2.89870304186277,4.00822097675035,log10(μL/L),log10(μL/L),0,
sguys99/Duval_Classification_41.xlsx,2.08825865259176,1.85453625946911,1.70431772257358,2.14871387510061,1.54750943862244,2.88641800181869,4.00928850552798,log10(μL/L),log10(μL/L),0,
sguys99/Duval_Classification_41.xlsx,1.94713438301698,1.66150503611252,1.95115554808943,2.44303762906533,1.06539387011076,2.74201568695732,4.01970737455708,log10(μL/L),log10(μL/L),0,
sguys99/Duval_Classification_41.xlsx,2.16292263948472,1.74840812603321,1.75348145424351,1.83443692152879,1.30789754331486,2.75187176985649,4.00529701023614,log10(μL/L),log10(μL/L),0,
sguys99/Duval_Classification_41.xlsx,1.80003037267884,2.01675603437521,1.73438896545651,2.40609196476385,1.510599593227,2.81627836571919,4.09922731232558,log10(μL/L),log10(μL/L),0,
sguys99/Duval_Classification_41.xlsx,1.99776630173446,1.70472057313897,1.81222053625418,2.41651253315143,1.59846974830997,2.86398340195886,3.82934146713042,log10(μL/L),log10(μL/L),0,
sguys99/Duval_Classification_41.xlsx,1.97469707405932,1.99037077481079,1.76286406387197,2.37136428662033,0.83333272431353,2.88963805506607,4.02951873103286,log10(μL/L),log10(μL/L),0,
sguys99/Duval_Classification_41.xlsx,2.11024116170658,1.89033141448446,1.84253126876923,1.91231082694858,1.66914145931987,2.83679418500882,3.84299728292665,log10(μL/L),log10(μL/L),0,
sguys99/Duval_Classification_41.xlsx,2.11915024354467,2.04032312387006,1.80331872393486,2.07045038142315,1.59614052650341,2.92178697062578,3.78126914912637,log10(μL/L),log10(μL/L),0,
sguys99/Duval_Classification_41.xlsx,1.88546601717741,1.65774679744302,1.94480441741886,2.12638633764522,1.41295095974295,2.90233431960534,3.99553433582225,log10(μL/L),log10(μL/L),0,
sguys99/Duval_Classification_41.xlsx,2.0173622580135,1.85118175250762,1.93858617311999,2.32126724902144,1.37079710456034,2.94876190387795,3.93732165320163,log10(μL/L),log10(μL/L),0,
sguys99/Duval_Classification_41.xlsx,2.00044604346799,1.67637983431359,1.71689673588582,1.95444363876673,1.38019018195758,2.86408381849004,3.94071224186836,log10(μL/L),log10(μL/L),0,
sguys99/Duval_Classification_41.xlsx,2.07250051326566,2.03073272466138,1.90044537011483,2.33978930363218,1.24050993997726,2.81760003601769,4.01407356260793,log10(μL/L),log10(μL/L),0,
sguys99/Duval_Classification_41.xlsx,2.09287088450497,1.60556786767335,1.78365190882938,1.92162202636038,1.42975077535368,2.76194775930583,4.04864591154822,log10(μL/L),log10(μL/L),0,
sguys99/Duval_Classification_41.xlsx,2.10694456646047,1.97425247804784,1.82551325745342,2.30926089573631,1.43146450101097,2.88078222888583,3.89579381992632,log10(μL/L),log10(μL/L),0,
sguys99/Duval_Classification_41.xlsx,1.92861221287555,1.98771641788566,1.85681849468571,2.22716210345401,1.61729923311852,2.91400913879932,4.01409510100107,log10(μL/L),log10(μL/L),0,
sguys99/Duval_Classification_41.xlsx,2.08340672374731,2.00349770998381,1.94304653311604,2.36434717451928,1.60591969905929,2.84038406116061,3.92364044804802,log10(μL/L),log10(μL/L),0,
sguys99/Duval_Classification_41.xlsx,2.07539664890071,1.66191210948005,1.82418940537016,2.33707602904196,1.52222184022012,2.7579244401437,4.07008370743646,log10(μL/L),log10(μL/L),0,
sguys99/Duval_Classification_41.xlsx,1.87294286398768,1.83241173123413,1.95095891844358,2.41299535502921,1.31795142676562,2.80340913348225,4.06744443682362,log10(μL/L),log10(μL/L),0,
sguys99/Duval_Classification_41.xlsx,1.84947955567264,1.76485528465046,1.79279916034913,2.40824497146466,1.61430948308379,2.77474786019839,3.85283873849468,log10(μL/L),log10(μL/L),0,
sguys99/Duval_Classification_41.xlsx,2.02057988610075,1.98229291834032,1.89233924332493,2.12553289521042,1.44782141602934,2.80696771324444,3.99766329300063,log10(μL/L),log10(μL/L),0,
sguys99/Duval_Classification_41.xlsx,2.16547271228227,1.84633072710302,1.88453229584179,2.32985346261357,1.28968199636808,2.84412328976314,3.98676136479152,log10(μL/L),log10(μL/L),0,
sguys99/Duval_Classification_41.xlsx,1.95729457536872,2.01596856320001,1.85470103124083,2.01501655180598,1.673325759794,2.86318683149105,3.97182490090069,log10(μL/L),log10(μL/L),0,
sguys99/Duval_Classification_41.xlsx,2.05182408847327,1.72205193991249,1.8916724683012,1.82424958166287,1.64512063593363,2.84798749080808,4.0781860846856,log10(μL/L),log10(μL/L),0,
sguys99/Duval_Classification_41.xlsx,1.90386599939331,1.76690489873925,1.88457514027624,2.34965887318138,1.46025641853133,2.9320340602437,3.85683484224022,log10(μL/L),log10(μL/L),0,
sguys99/Duval_Classification_41.xlsx,2.10589844189628,1.7005975410275,1.75682847996385,2.23046153062855,1.508614940626,2.86123487678191,3.88154357583593,log10(μL/L),log10(μL/L),0,
sguys99/Duval_Classification_41.xlsx,1.91886120698363,1.69482272255957,1.74131374713349,2.21901540858234,1.48559510950129,2.94433663820902,3.78116597640571,log10(μL/L),log10(μL/L),0,
sguys99/Duval_Classification_41.xlsx,2.0234011837299,2.00367785992621,1.9540649711643,2.41336497441219,1.10598297649146,2.88625110636517,4.09776569603192,log10(μL/L),log10(μL/L),0,
sguys99/Duval_Classification_41.xlsx,2.08961161649354,1.9062236041172,1.75469106870011,2.28818361274805,1.2344812812132,2.946830299369,4.00859420282365,log10(μL/L),log10(μL/L),0,
sguys99/Duval_Classification_41.xlsx,2.1466900606564,1.89481551388032,1.71015150474465,2.29200474091896,1.40025119785649,2.79702818539379,3.94879229309941,log10(μL/L),log10(μL/L),0,
sguys99/Duval_Classification_41.xlsx,2.16535185715295,1.70024353546028,1.86002635113149,2.39633416194663,1.14091460402762,2.89398580098483,4.00649188487806,log10(μL/L),log10(μL/L),0,
sguys99/Duval_Classification_41.xlsx,2.03841905133855,1.99874820364435,1.93081999659225,2.3751287338485,1.63024998388677,2.80892851635749,3.97327831857007,log10(μL/L),log10(μL/L),0,
sguys99/Duval_Classification_41.xlsx,1.86019541389817,1.92191453308221,1.88517463793142,2.27155988202502,1.08471643090831,2.89312396239247,4.00918567823504,log10(μL/L),log10(μL/L),0,
sguys99/Duval_Classification_41.xlsx,1.865911736518,1.81000836597115,1.76055313428675,2.00105380965918,1.1341236530858,2.89776482317106,3.97297530991814,log10(μL/L),log10(μL/L),0,
sguys99/Duval_Classification_41.xlsx,1.91999668839141,1.88039891623684,1.8112844531029,2.05225150686009,1.04231076868794,2.75164655616876,4.03327366885246,log10(μL/L),log10(μL/L),0,
sguys99/Duval_Classification_41.xlsx,2.13246638833219,1.83331647517741,1.83524043133723,2.406595741498,1.1367276044889,2.800527690355,3.96509407467727,log10(μL/L),log10(μL/L),0,
sguys99/Duval_Classification_41.xlsx,1.91847801729736,1.65626755743388,1.95068372968963,1.82156798238837,1.37065810443681,2.79284984634196,4.11227870676152,log10(μL/L),log10(μL/L),0,
sguys99/Duval_Classification_41.xlsx,2.12478334325944,1.75430345692347,1.75017037829606,2.22473580379533,1.24605045203881,2.89232826916059,3.83426459642043,log10(μL/L),log10(μL/L),0,
sguys99/Duval_Classification_41.xlsx,1.91337534948694,1.68692503660387,1.92541994114475,1.98652080994109,1.66650715281126,2.9263327604899,3.77347972469519,log10(μL/L),log10(μL/L),0,
sguys99/Duval_Classification_41.xlsx,1.92105111306181,1.9477916918808,1.83160392328981,2.36430749866147,2.39800761148058,2.65713635067372,3.89587275967621,log10(μL/L),log10(μL/L),0,
sguys99/Duval_Classification_41.xlsx,1.93055142226035,1.98149978137828,1.80661720027067,2.08661902776155,1.97116463669009,2.80364166807135,3.97477738569415,log10(μL/L),log10(μL/L),0,
sguys99/Duval_Classification_41.xlsx,2.10002201447678,1.87284215168745,1.78614610246852,2.20763739985962,2.10062017958065,2.73768959597671,3.96169703541391,log10(μL/L),log10(μL/L),0,
sguys99/Duval_Classification_41.xlsx,2.0497538766961,1.73693544175992,1.72988267269755,2.20867733944378,1.95527073577132,2.81016679603619,3.94700933839683,log10(μL/L),log10(μL/L),0,
sguys99/Duval_Classification_41.xlsx,1.95050252362928,2.09709636013419,1.73432461989493,2.31366475436945,2.21465099660476,2.76305069630857,3.85387866585126,log10(μL/L),log10(μL/L),0,
sguys99/Duval_Classification_41.xlsx,2.04970414819675,1.63141093870442,1.71220285686745,2.28715614158892,1.91657926042792,2.76848420202399,3.84297187567233,log10(μL/L),log10(μL/L),0,
sguys99/Duval_Classification_41.xlsx,1.934854914456,1.65362147988364,1.83426812198255,2.34343016442862,2.39874939851734,2.68244472836573,3.92043535091178,log10(μL/L),log10(μL/L),0,
sguys99/Duval_Classification_41.xlsx,1.89830308037749,1.68568717149807,1.80709038843481,2.20809563382105,2.06953881165559,2.7117431622702,3.83414566524171,log10(μL/L),log10(μL/L),0,
sguys99/Duval_Classification_41.xlsx,2.14240026255696,1.70598117718574,1.78643750494943,2.14252680514573,1.99007410396298,2.61197924184671,4.02897007594901,log10(μL/L),log10(μL/L),0,
sguys99/Duval_Classification_41.xlsx,2.06834160281963,1.97308659908794,1.7502659538361,2.0868341508998,2.14113518300196,2.91150598399831,4.07579864861999,log10(μL/L),log10(μL/L),0,
sguys99/Duval_Classification_41.xlsx,2.16053054948538,1.95183481526011,1.72692330010797,2.33859741402839,2.22180781117671,2.84146268138588,3.74043738699597,log10(μL/L),log10(μL/L),0,
sguys99/Duval_Classification_41.xlsx,2.10465792766783,1.60148851366131,1.79553206151555,2.14237204707225,1.99702440069264,2.91364227610641,3.94885046710196,log10(μL/L),log10(μL/L),0,
sguys99/Duval_Classification_41.xlsx,2.07448482597035,2.09154080587294,1.84359834563002,2.21579092278643,2.42995250697065,2.67539387208742,3.76962965860453,log10(μL/L),log10(μL/L),0,
sguys99/Duval_Classification_41.xlsx,2.13403292740794,2.01796298555213,1.72761152296557,2.27241949421898,2.15563246634236,2.91088776418699,4.02832771322967,log10(μL/L),log10(μL/L),0,
sguys99/Duval_Classification_41.xlsx,2.14899125725885,2.02158187728886,1.74159154255512,2.15245180188994,2.135119590589,2.87943770074744,4.07654108316463,log10(μL/L),log10(μL/L),0,
sguys99/Duval_Classification_41.xlsx,2.17367674762132,1.61303194347099,1.76294840532094,2.30075127779428,1.96278870824607,2.81943033854391,3.75955755246087,log10(μL/L),log10(μL/L),0,
sguys99/Duval_Classification_41.xlsx,1.87528806889306,2.06722658424136,1.71163765573578,2.249998317631,2.13566161051102,2.77671281689117,4.06423213574048,log10(μL/L),log10(μL/L),0,
sguys99/Duval_Classification_41.xlsx,2.14584222032087,2.09261007951709,1.80401615797148,2.11812701840877,1.94844592948713,2.71258756741859,3.73414265019357,log10(μL/L),log10(μL/L),0,
sguys99/Duval_Classification_41.xlsx,2.08257888855027,2.10896341661205,1.76378551522815,2.34137610422718,2.24559001239358,2.86827749983729,3.994832487327,log10(μL/L),log10(μL/L),0,
sguys99/Duval_Classification_41.xlsx,2.17390347263736,2.06669552444877,1.84296292093517,2.09371888299672,2.35154686073735,2.7014827297303,4.02329503966978,log10(μL/L),log10(μL/L),0,
sguys99/Duval_Classification_41.xlsx,2.05909367609413,2.03992190304346,1.76375493692699,2.17946356391487,2.300819963178,2.63234003641188,3.94835044364941,log10(μL/L),log10(μL/L),0,
sguys99/Duval_Classification_41.xlsx,2.04518309736114,1.92309294684009,1.79527811261217,2.15604073160374,1.98712714456098,2.87233011887851,4.05045354993685,log10(μL/L),log10(μL/L),0,
sguys99/Duval_Classification_41.xlsx,2.13065878997773,1.71493495020232,1.72499142409852,2.26557744739232,1.9793838232918,2.84636246590398,4.05397427256446,log10(μL/L),log10(μL/L),0,
sguys99/Duval_Classification_41.xlsx,1.96420407928578,1.86252494251104,1.76062528844779,2.08923310327178,2.35731668421819,2.85844433262647,3.97743925938799,log10(μL/L),log10(μL/L),0,
sguys99/Duval_Classification_41.xlsx,2.05060041244109,1.67873200341812,1.72609673484156,2.22205062907962,2.40135849042733,2.83817344069315,3.79405020282049,log10(μL/L),log10(μL/L),0,
sguys99/Duval_Classification_41.xlsx,2.15400967909867,1.57903444580678,1.81399606258018,2.0957914801744,2.25867719297382,2.76979940000919,3.8298998382991,log10(μL/L),log10(μL/L),0,
sguys99/Duval_Classification_41.xlsx,2.07224839517546,2.09418614803159,1.82880306406726,2.09940352497249,2.00319893002292,2.76030404436183,3.81427058931522,log10(μL/L),log10(μL/L),0,
sguys99/Duval_Classification_41.xlsx,2.14109957483483,1.80362148914321,1.75599320306092,2.34206701525664,2.37457181247842,2.88494428177024,3.74664922687141,log10(μL/L),log10(μL/L),0,
sguys99/Duval_Classification_41.xlsx,2.11527100332397,1.7998621772079,1.80421247339945,2.17845848870124,2.15908139776326,2.73467387283991,3.77934457879727,log10(μL/L),log10(μL/L),0,
sguys99/Duval_Classification_41.xlsx,2.07536089637831,1.82366294828741,1.74727950020102,2.28890772977843,2.13307524342812,2.88453646415949,3.97451958411756,log10(μL/L),log10(μL/L),0,
sguys99/Duval_Classification_41.xlsx,1.97083525001091,1.89966446623736,1.78256281387424,2.38920007040719,2.34596066316618,2.87799473964048,4.06429804836077,log10(μL/L),log10(μL/L),0,
sguys99/Duval_Classification_41.xlsx,2.09684474684248,1.98488202355922,1.82379016926494,2.23184637404749,1.91362291937912,2.8940493941785,3.88507008847847,log10(μL/L),log10(μL/L),0,
sguys99/Duval_Classification_41.xlsx,1.90988329024574,1.57283301611381,1.79203993553134,2.31652661452848,1.95038917057428,2.7976389758796,3.90586141900533,log10(μL/L),log10(μL/L),0,
sguys99/Duval_Classification_41.xlsx,2.08617106338649,2.06073419940005,1.75363074911645,2.33472288717262,2.31576901925029,2.83635426519859,4.07536959777249,log10(μL/L),log10(μL/L),0,
sguys99/Duval_Classification_41.xlsx,2.09541639940758,1.94501579548797,1.74806780747911,2.23190246017834,2.28927430265403,2.91797918716361,4.06578059262866,log10(μL/L),log10(μL/L),0,
sguys99/Duval_Classification_41.xlsx,2.11304506848807,2.06497993397049,1.77123351402847,2.30485600331243,2.2551747018343,2.77799478191519,3.99270897650889,log10(μL/L),log10(μL/L),0,
sguys99/Duval_Classification_41.xlsx,2.15169585856742,1.83281870617921,1.76680615957439,2.09817875456897,2.33973914342729,2.63043648851541,4.07633546252038,log10(μL/L),log10(μL/L),0,
sguys99/Duval_Classification_41.xlsx,2.17223135044953,1.8885868068463,1.75733624358298,2.38152368283116,2.33118054354519,2.89764768056616,4.01860773503779,log10(μL/L),log10(μL/L),0,
sguys99/Duval_Classification_41.xlsx,2.1227962367746,1.60371530584644,1.78651280686039,2.13431902055854,2.35881328972949,2.83507827964669,3.87828534347605,log10(μL/L),log10(μL/L),0,
sguys99/Duval_Classification_41.xlsx,2.07411576447201,1.71454111841573,1.81191605657621,2.16809965216436,2.12941797149856,2.74801981649123,3.98846791781716,log10(μL/L),log10(μL/L),0,
sguys99/Duval_Classification_41.xlsx,2.16023880654683,1.99107877120168,1.76705708568661,2.34575832048607,2.32547682431589,2.92872936896312,3.84110328766852,log10(μL/L),log10(μL/L),0,
sguys99/Duval_Classification_41.xlsx,2.07374318846511,1.82235611004199,1.76780211832935,2.25106493497068,2.26896919566462,2.6997312409206,3.86212532901017,log10(μL/L),log10(μL/L),0,
sguys99/Duval_Classification_41.xlsx,1.88237493032808,2.08046840632472,1.72013825139635,2.33776696614597,2.19128036690392,2.84111095215324,3.99375335191566,log10(μL/L),log10(μL/L),0,
sguys99/Duval_Classification_41.xlsx,1.9246124680319,1.66487451325942,1.70319401920421,2.21864300035701,1.96237988146351,2.82752809035811,3.94628390710488,log10(μL/L),log10(μL/L),0,
sguys99/Duval_Classification_41.xlsx,2.14520667704938,2.11025191747958,1.74666303655503,2.17088170098323,2.35837910673299,2.75910890252275,3.90620982947253,log10(μL/L),log10(μL/L),0,
sguys99/Duval_Classification_41.xlsx,2.0465819300491,1.93600223760702,1.75089709305538,2.06150091518682,2.15878733237247,2.6665032121206,3.97023880347482,log10(μL/L),log10(μL/L),0,
sguys99/Duval_Classification_41.xlsx,2.14102365980178,2.00926878895017,1.79984901511992,2.31018606603621,2.29113459327416,2.6141700535696,4.01403659683407,log10(μL/L),log10(μL/L),0,
sguys99/Duval_Classification_41.xlsx,1.95763305332526,2.11378197828526,1.839721325429,2.23080393790582,2.34407433514162,2.7704841882465,3.96424417580762,log10(μL/L),log10(μL/L),0,
sguys99/Duval_Classification_41.xlsx,2.0660344984506,1.79480642015755,1.83704913305774,2.23865693126948,1.99962858882513,2.68380785566565,3.95409819595203,log10(μL/L),log10(μL/L),0,
sguys99/Duval_Classification_41.xlsx,2.08721779599519,1.87145407900447,1.77201147650528,2.29088011349299,2.01827927907064,2.86129471833229,3.96425600614171,log10(μL/L),log10(μL/L),0,
sguys99/Duval_Classification_41.xlsx,1.88873717984789,1.89850465785067,1.73885637854598,2.07304517292362,2.26579063880754,2.75332501663555,3.94097411879876,log10(μL/L),log10(μL/L),0,
sguys99/Duval_Classification_41.xlsx,2.08315671789778,2.03171507881829,1.81476656641794,2.18812267941095,2.23601697459578,2.89137131208145,3.76740607165999,log10(μL/L),log10(μL/L),0,
sguys99/Duval_Classification_41.xlsx,2.00936955217845,2.05203713267291,1.8141579810283,2.33881712365589,2.39653127069858,2.86356276298799,4.00522856991746,log10(μL/L),log10(μL/L),0,
sguys99/Duval_Classification_41.xlsx,1.8960571876618,1.64856536242463,1.81166186479033,2.31701939547575,2.36511802743271,2.81754001367058,4.07824817411689,log10(μL/L),log10(μL/L),0,
sguys99/Duval_Classification_41.xlsx,2.0481221772532,1.71534397367386,1.81206911553279,2.10566856388107,2.34148360183448,2.68086538828433,3.88509987727349,log10(μL/L),log10(μL/L),0,
sguys99/Duval_Classification_41.xlsx,1.95152343721095,1.83988837037127,1.71699114414662,2.10795984739944,1.95304925621223,2.91950841154402,4.07215552895064,log10(μL/L),log10(μL/L),0,
sguys99/Duval_Classification_41.xlsx,1.92547340588732,1.60624100792649,1.80367017229187,2.08965550548647,1.97242597890947,2.71549769454359,3.88202374062698,log10(μL/L),log10(μL/L),0,
sguys99/Duval_Classification_41.xlsx,1.95622637810621,1.92726325978465,1.77279983913506,2.04569389211864,1.98596605319305,2.91172283757623,4.0507602787401,log10(μL/L),log10(μL/L),0,
sguys99/Duval_Classification_41.xlsx,1.93444097056552,1.82546281114318,1.73434581544935,2.22849099133684,2.3649010366428,2.69957471353891,3.92150208720384,log10(μL/L),log10(μL/L),0,
sguys99/Duval_Classification_41.xlsx,1.95026947967892,1.71339441493213,1.71575584849313,2.30487864392071,2.41358732023738,2.75442762807479,3.90687153472623,log10(μL/L),log10(μL/L),0,
sguys99/Duval_Classification_41.xlsx,1.89320081517147,1.7391761095642,1.82263541045867,2.32471273587727,2.32202476739997,2.64283549785436,3.82986990755906,log10(μL/L),log10(μL/L),0,
sguys99/Duval_Classification_41.xlsx,2.0886315885826,2.0827479982262,1.7283553629123,2.26568860938513,2.02158520168844,2.83762154353939,3.78830173249496,log10(μL/L),log10(μL/L),0,
sguys99/Duval_Classification_41.xlsx,1.98290418189796,1.99634598630841,1.72649409570933,2.09772402557639,2.33709502512248,2.68239564841171,3.86745144617999,log10(μL/L),log10(μL/L),0,
sguys99/Duval_Classification_41.xlsx,2.06218605381753,1.90039159590464,1.8015391526043,2.29764517757021,2.0041801463013,2.62353148841466,4.00710309735096,log10(μL/L),log10(μL/L),0,
sguys99/Duval_Classification_41.xlsx,2.10427273804042,2.08512134189177,1.83179165505645,2.10622484078166,2.00997598917944,2.86059435371684,4.02305658731119,log10(μL/L),log10(μL/L),0,
sguys99/Duval_Classification_41.xlsx,2.05089650669075,1.65206348875874,1.78054170566511,2.10992416647924,2.30478427809283,2.74534570409905,3.99775223566323,log10(μL/L),log10(μL/L),0,
sguys99/Duval_Classification_41.xlsx,2.0613962251905,2.02459598009181,1.80654656827812,2.0927317754583,2.15373775363044,2.84340569569944,3.72962437112726,log10(μL/L),log10(μL/L),0,
sguys99/Duval_Classification_41.xlsx,2.03498415729127,2.02096344147436,1.72486387918721,2.11355503568062,2.31010738274337,2.75795817524123,4.03939545262644,log10(μL/L),log10(μL/L),0,
sguys99/Duval_Classification_41.xlsx,1.9258014070522,1.94633844628532,1.83928405730124,2.12566074281513,2.34700779177198,2.83397914331737,4.05992767812393,log10(μL/L),log10(μL/L),0,
sguys99/Duval_Classification_41.xlsx,2.04835166064964,1.72014639237512,1.78402986078125,2.13822325169899,2.28059040884523,2.6125109244967,4.019755553313,log10(μL/L),log10(μL/L),0,
sguys99/Duval_Classification_41.xlsx,2.14293625037077,1.96253543590207,1.80342077244892,2.18877995079214,2.34361760029609,2.90835444005344,3.74708701714029,log10(μL/L),log10(μL/L),0,
sguys99/Duval_Classification_41.xlsx,2.14781402612045,1.80273278381342,1.70527565200821,2.18836609460338,2.0955776885466,2.88095722589817,3.89397509180284,log10(μL/L),log10(μL/L),0,
sguys99/Duval_Classification_41.xlsx,1.97896562378106,1.67889768492698,1.82075351675709,2.14754914951243,2.34171525699041,2.86666023965111,4.0008276486066,log10(μL/L),log10(μL/L),0,
sguys99/Duval_Classification_41.xlsx,1.95729403154093,1.74191662026155,1.81272875853447,2.16180464828785,2.42228398585248,2.88417250394567,4.00807774223182,log10(μL/L),log10(μL/L),0,
sguys99/Duval_Classification_41.xlsx,2.25440049331564,1.60563875613111,2.0893964717555,1.27491268127263,0.32910028601201,2.87671148187904,3.58871029636313,log10(μL/L),log10(μL/L),0,
sguys99/Duval_Classification_41.xlsx,2.30139630337359,1.96681267091118,1.94288766215465,1.5882039150268,0.661319962310447,2.72647103519384,3.14441554218989,log10(μL/L),log10(μL/L),0,
sguys99/Duval_Classification_41.xlsx,1.30061882594934,1.81904201777243,1.79650024873425,1.41400407446212,0.634105852000265,2.98905097575391,3.15159273633097,log10(μL/L),log10(μL/L),0,
sguys99/Duval_Classification_41.xlsx,2.03560075530062,1.91116961760893,2.04250771605796,1.45832698265918,0.408257956140485,2.79660084038035,3.27721051972666,log10(μL/L),log10(μL/L),0,
sguys99/Duval_Classification_41.xlsx,2.14205808262131,1.64879183083259,1.86041402124642,1.471967432156,0.475905233483865,3.00804722551503,3.57809723757461,log10(μL/L),log10(μL/L),0,
sguys99/Duval_Classification_41.xlsx,1.8855086128484,1.41698955531376,1.87580245817155,1.19962141481074,0.577402262833096,2.44436102064392,3.31178269665384,log10(μL/L),log10(μL/L),0,
sguys99/Duval_Classification_41.xlsx,2.33490235851814,1.79821855117317,1.95735851495839,1.34495483263199,0.637237085220117,2.84668497141645,3.22383158228354,log10(μL/L),log10(μL/L),0,
sguys99/Duval_Classification_41.xlsx,2.41114406795364,1.70336070154416,1.71737386972604,1.37286970107735,0.536371397960853,2.93400466289125,3.10931885617206,log10(μL/L),log10(μL/L),0,
sguys99/Duval_Classification_41.xlsx,1.94823325571654,1.98634333418369,1.56149188886888,0.944004838794315,0.51837555469343,2.60466505976288,3.31612731281751,log10(μL/L),log10(μL/L),0,
sguys99/Duval_Classification_41.xlsx,2.34425261659325,1.9825075175623,1.89324890075172,1.37650530507057,0.36251426976621,2.72920772027923,3.30083710311897,log10(μL/L),log10(μL/L),0,
sguys99/Duval_Classification_41.xlsx,1.66747434394167,1.92359541321746,2.0554819522452,1.45799872737366,0.451125806229481,2.61231329940314,3.08620568664175,log10(μL/L),log10(μL/L),0,
sguys99/Duval_Classification_41.xlsx,2.40139450513965,1.40742355102253,1.75613034000462,1.27366910443895,0.586044923065021,2.71903124310305,3.34086636445734,log10(μL/L),log10(μL/L),0,
sguys99/Duval_Classification_41.xlsx,1.66977143753283,1.12546798308648,1.31914068371991,1.53073750032961,0.656828140699616,2.77325839381291,3.03855743110331,log10(μL/L),log10(μL/L),0,
sguys99/Duval_Classification_41.xlsx,2.25269180090238,1.85746901800127,1.78953162507147,1.47800806756682,0.589214663021017,2.85508364642763,3.44197875050036,log10(μL/L),log10(μL/L),0,
sguys99/Duval_Classification_41.xlsx,2.05556981964816,1.6413677346892,1.64268884464021,1.21275071780577,0.0311866543935297,2.46453098356671,2.92175569459905,log10(μL/L),log10(μL/L),0,
sguys99/Duval_Classification_41.xlsx,2.38594090192712,2.05459642854285,1.75105252658362,1.29679365571529,0.568096761013451,2.85722530487642,3.42068719522046,log10(μL/L),log10(μL/L),0,
sguys99/Duval_Classification_41.xlsx,2.18783519131709,2.07158193252197,2.03942886631597,1.2379563793633,0.439969502068568,2.68447703694052,3.5220704941489,log10(μL/L),log10(μL/L),0,
sguys99/Duval_Classification_41.xlsx,2.17591963709285,1.62574058995344,1.75317174372028,1.50099790540737,0.439534904267876,2.6582752152891,3.19122002075022,log10(μL/L),log10(μL/L),0,
sguys99/Duval_Classification_41.xlsx,2.4213609248886,1.99250673378988,1.74029667479604,1.47954696437902,0.16676962426141,2.6596057182289,3.34901766645562,log10(μL/L),log10(μL/L),0,
sguys99/Duval_Classification_41.xlsx,2.04069604349206,2.03613419381988,1.71041537582818,1.27692756535505,0.629279776427977,2.58096547578796,3.41862377387549,log10(μL/L),log10(μL/L),0,
sguys99/Duval_Classification_41.xlsx,2.14030815129039,1.88155809380706,1.38473697946286,1.45741020028124,0.361618635846358,3.02651443250848,2.99847059804046,log10(μL/L),log10(μL/L),0,
sguys99/Duval_Classification_41.xlsx,2.46131526256892,2.0308337011282,1.59102021625198,1.57947375443767,0.297741357292128,3.01924600634239,3.37805695211073,log10(μL/L),log10(μL/L),0,
sguys99/Duval_Classification_41.xlsx,1.26565615967114,2.05639687933011,1.24743945320868,1.50537529338138,0.374904606093292,2.97584856410309,3.45566828612138,log10(μL/L),log10(μL/L),0,
sguys99/Duval_Classification_41.xlsx,2.46545683916469,1.85039030906291,1.77681644164387,1.4639848937457,0.398420690700714,2.93903105628894,3.17841583785925,log10(μL/L),log10(μL/L),0,
sguys99/Duval_Classification_41.xlsx,1.78976970108107,1.95614039202194,1.5871021056198,0.847903612373414,0.50327510134613,2.60145151937923,3.54140207378299,log10(μL/L),log10(μL/L),0,
sguys99/Duval_Classification_41.xlsx,2.30563801284258,1.86844842960674,1.63947963862339,1.24123345452557,0.511573313344122,2.74532102804037,3.5918924003269,log10(μL/L),log10(μL/L),0,
sguys99/Duval_Classification_41.xlsx,2.25142709646338,1.14045978238556,1.77274394550648,1.39556182739134,0.41217298029434,2.61328298381239,3.54510826561163,log10(μL/L),log10(μL/L),0,
sguys99/Duval_Classification_41.xlsx,2.31065731521481,1.7757696962748,1.33570843355641,1.30096618822631,0.413722704789423,2.39970596762509,3.38367146124993,log10(μL/L),log10(μL/L),0,
sguys99/Duval_Classification_41.xlsx,2.04976242023642,1.91087463020459,1.83182648100566,0.686866715657338,0.48592984871945,2.71513102845134,3.22850351851101,log10(μL/L),log10(μL/L),0,
sguys99/Duval_Classification_41.xlsx,2.27499296465241,1.83130092923843,1.97261049945163,1.05923920830404,0.559921241058723,2.92668935174922,3.50367836595159,log10(μL/L),log10(μL/L),0,
sguys99/Duval_Classification_41.xlsx,2.38824042397831,1.71249885089133,1.56772637919314,1.52975101914378,0.681572332431221,2.89291058941503,3.192616853381,log10(μL/L),log10(μL/L),0,
sguys99/Duval_Classification_41.xlsx,1.06676180381569,2.05364564827759,2.01520722284018,0.553743936701697,0.589881946296225,2.85223767819893,3.58698146752051,log10(μL/L),log10(μL/L),0,
sguys99/Duval_Classification_41.xlsx,1.48655531434251,2.00611965752009,1.20717689100708,1.54353790655223,0.415026626196231,2.7946146378614,3.44479901870836,log10(μL/L),log10(μL/L),0,
sguys99/Duval_Classification_41.xlsx,2.46626198763952,2.01515143406441,1.74388323468862,0.770008732997847,0.636235607050906,2.69400218800179,3.43470282261684,log10(μL/L),log10(μL/L),0,
sguys99/Duval_Classification_41.xlsx,2.29555998083928,1.71270215171457,0.87025621563316,1.44333459449305,0.186773703324427,2.83021017411923,3.13108409723196,log10(μL/L),log10(μL/L),0,
sguys99/Duval_Classification_41.xlsx,1.86913732643893,1.87884979774139,1.53330495605836,1.33259637296379,0.0940751174657344,2.95294456850102,3.03707157103579,log10(μL/L),log10(μL/L),0,
sguys99/Duval_Classification_41.xlsx,2.09561003636163,2.02574906823752,0.854911199612144,1.04398166097384,0.126127577287048,2.95329898974256,3.20866678932819,log10(μL/L),log10(μL/L),0,
sguys99/Duval_Classification_41.xlsx,1.62194478439338,2.05212300358756,1.48099950143403,1.3829132118522,0.218953653192332,2.86902480323335,3.54991330803222,log10(μL/L),log10(μL/L),0,
sguys99/Duval_Classification_41.xlsx,1.92901516861732,1.92356835333046,1.3896185561349,0.876275506921634,0.361138245882948,2.9471951434047,3.57000727995318,log10(μL/L),log10(μL/L),0,
sguys99/Duval_Classification_41.xlsx,1.91278926693179,1.52554536908426,1.6017705232966,1.4445623698154,0.343784053607276,2.90238603891669,3.482706127252,log10(μL/L),log10(μL/L),0,
sguys99/Duval_Classification_41.xlsx,2.01498054719633,1.91523999036361,1.4550234788603,1.40113618319537,0.0198321673609002,2.54990598764187,3.49423581286491,log10(μL/L),log10(μL/L),0,
sguys99/Duval_Classification_41.xlsx,1.70549423200108,1.27539472838451,1.38118412002489,0.705103701148451,0.499634905791306,2.83170228025889,3.18628812987128,log10(μL/L),log10(μL/L),0,
sguys99/Duval_Classification_41.xlsx,2.03468560472184,1.74298605167915,1.90667399367457,0.706264624302404,0.140347987819734,2.73653363465701,3.42215813100856,log10(μL/L),log10(μL/L),0,
sguys99/Duval_Classification_41.xlsx,1.62083937099256,1.92270230081288,2.07125632881574,0.936640572583826,0.200319455238858,2.51630465675366,3.53071310938846,log10(μL/L),log10(μL/L),0,
sguys99/Duval_Classification_41.xlsx,2.42478529580281,2.05221705985467,2.08829102868819,0.57124045765941,0.547105503046815,2.57480888224511,3.32062370157747,log10(μL/L),log10(μL/L),0,
sguys99/Duval_Classification_41.xlsx,1.52785983151171,1.99735821775648,1.53409833110208,1.28106736346203,0.647116995382762,2.62163760018295,3.59802469205424,log10(μL/L),log10(μL/L),0,
sguys99/Duval_Classification_41.xlsx,2.44627605225332,1.80492795683302,1.82196252031492,1.52881639732115,0.689920040273694,2.91457040233001,3.03662738169877,log10(μL/L),log10(μL/L),0,
sguys99/Duval_Classification_41.xlsx,2.09100488694884,1.97074501656527,1.72631445159118,1.41235026032641,0.516317671026105,2.79013345506418,3.26174123452002,log10(μL/L),log10(μL/L),0,
sguys99/Duval_Classification_41.xlsx,1.29963867495139,1.75172681599531,1.85384991187554,1.34722827829267,0.697874275688033,2.92440507015065,3.38676794937595,log10(μL/L),log10(μL/L),0,
sguys99/Duval_Classification_41.xlsx,2.02799266180135,2.06790616487883,1.59746842728183,1.5436102335527,0.507068342461711,2.67049344056674,2.99736033163491,log10(μL/L),log10(μL/L),0,
sguys99/Duval_Classification_41.xlsx,2.34708410714277,2.07441135784928,1.18774452554997,0.820518225949996,0.485981615724458,2.41211575113841,3.49446090791798,log10(μL/L),log10(μL/L),0,
sguys99/Duval_Classification_41.xlsx,2.37955306622502,2.02198304539556,1.78296132835033,1.56345654015552,0.365998404649494,2.8466096116161,3.41178436920929,log10(μL/L),log10(μL/L),0,
sguys99/Duval_Classification_41.xlsx,2.22063711856154,1.72744634904053,1.45307242911535,0.844888143359949,0.434570052609633,2.68795962700822,3.39688803620576,log10(μL/L),log10(μL/L),0,
sguys99/Duval_Classification_41.xlsx,2.31754040137994,1.78223505355369,1.00907568959033,1.34495943468676,0.47235048154211,3.02296240659655,3.53856666923917,log10(μL/L),log10(μL/L),0,
sguys99/Duval_Classification_41.xlsx,2.42931294029041,1.57851204898038,2.09490914230412,0.91890919836734,0.108615193229844,3.00880312572224,3.54998714976763,log10(μL/L),log10(μL/L),0,
sguys99/Duval_Classification_41.xlsx,1.3445649006383,1.98453684134353,1.77788604670687,1.37468807529437,0.65810271891063,2.76625061792445,3.52177761544476,log10(μL/L),log10(μL/L),0,
sguys99/Duval_Classification_41.xlsx,1.97898554707762,2.03031346687908,2.09785298663006,0.500983368592706,0.0998650784304203,2.43317268659425,3.25937064765292,log10(μL/L),log10(μL/L),0,
sguys99/Duval_Classification_41.xlsx,1.29181973108703,2.04373381719788,2.00336134624571,1.49647622307605,0.438501183459019,2.9141956925941,3.35161541340502,log10(μL/L),log10(μL/L),0,
sguys99/Duval_Classification_41.xlsx,1.80256965133339,1.8564452480273,0.897840630068737,1.53658673869949,0.634126269451289,2.98299221456344,3.50611649713032,log10(μL/L),log10(μL/L),0,
sguys99/Duval_Classification_41.xlsx,2.33791577115823,1.88239145838608,1.95734266881623,1.56728977001239,0.411306284259762,3.03172132335461,3.0612856125082,log10(μL/L),log10(μL/L),0,
sguys99/Duval_Classification_41.xlsx,2.33884571476143,1.43500876389271,1.97235070840387,1.59679304650151,0.538309699884058,2.47478856184887,3.06114156810656,log10(μL/L),log10(μL/L),0,
sguys99/Duval_Classification_41.xlsx,2.42172387908436,2.03770041475988,1.93626657042096,1.33625804562756,0.630891716185368,2.80124947778399,3.22105614913971,log10(μL/L),log10(μL/L),0,
sguys99/Duval_Classification_41.xlsx,2.24855020402615,1.77882316507192,1.87467955858392,1.11536417866704,0.657528169190259,2.87221442145528,3.39424840888448,log10(μL/L),log10(μL/L),0,
sguys99/Duval_Classification_41.xlsx,1.42782994527543,1.52398415849977,1.52926828202205,0.827871067609324,0.674350936283356,2.92097966098811,3.59245251306348,log10(μL/L),log10(μL/L),0,
sguys99/Duval_Classification_41.xlsx,2.44292935817105,2.03767329021469,2.00860461803927,1.33826533688186,0.246286451488774,2.9352642749424,3.48760605718441,log10(μL/L),log10(μL/L),0,
sguys99/Duval_Classification_41.xlsx,2.38257423107954,1.97369033387786,1.54465684370749,1.39212579975449,0.308421191356825,2.90446378657375,3.25477805077528,log10(μL/L),log10(μL/L),0,
sguys99/Duval_Classification_41.xlsx,1.95457233113669,2.03015835294948,1.72112080387483,1.49452779531657,0.661951064280701,2.93845836337501,3.23871405338442,log10(μL/L),log10(μL/L),0,
sguys99/Duval_Classification_41.xlsx,2.21968140775145,1.62386486719542,2.06663986450634,0.78316136022024,0.528073948217402,2.75417283608239,3.54668372206776,log10(μL/L),log10(μL/L),0,
sguys99/Duval_Classification_41.xlsx,2.47059307043613,1.92624792338055,2.05051261400223,1.43900185882645,0.479339216590828,2.87177414165294,3.57022431201727,log10(μL/L),log10(μL/L),0,
sguys99/Duval_Classification_41.xlsx,2.33527602408357,1.92119994710093,1.75204327182125,1.34494655012477,0.537974954317615,2.54245286386775,3.45418662187215,log10(μL/L),log10(μL/L),0,
sguys99/Duval_Classification_41.xlsx,2.40253144101707,1.38715542802796,1.66385494027703,0.969824695229238,0.631209203800453,2.47568020388311,3.20875969192697,log10(μL/L),log10(μL/L),0,
sguys99/Duval_Classification_41.xlsx,2.12508617063535,1.74349179768181,1.9130831888957,1.57664813918799,0.495205188775471,3.03454842372794,3.03492137149936,log10(μL/L),log10(μL/L),0,
sguys99/Duval_Classification_41.xlsx,2.15945790325722,1.61285034840035,2.07537909743449,1.39528929826722,0.257270575049968,2.69205351315091,3.54188088399575,log10(μL/L),log10(μL/L),0,
sguys99/Duval_Classification_41.xlsx,2.23261432946098,1.94996056658453,2.07488617476893,1.28563568169711,0.449566924947088,2.87836560177837,3.42669007931741,log10(μL/L),log10(μL/L),0,
