source,h2,ch4,c2h6,c2h4,c2h2,co,co2,scale,source_scale,label_raw,label_std
alan456/data.xlsx,18,21,12,6,2,,,μL/L,μL/L,中温过热,中温过热
alan456/data.xlsx,9.25,96.88,446.52,84.25,0,,,μL/L,μL/L,高温过热,高温过热
alan456/data.xlsx,24.16,261.05,201.4,196,0.87,,,μL/L,μL/L,中温过热,中温过热
alan456/data.xlsx,170,300,580,44,8.9,,,μL/L,μL/L,高温过热,高温过热
alan456/data.xlsx,72,442,461,221,0.7,,,μL/L,μL/L,中温过热,中温过热
alan456/data.xlsx,1308,125,6,112,0,,,μL/L,μL/L,低能放电,低能放电
alan456/data.xlsx,32.4,5.5,12.6,1.4,13.2,,,μL/L,μL/L,高能放电,高能放电
alan456/data.xlsx,68,8,8,3,11,,,μL/L,μL/L,低能放电,低能放电
alan456/data.xlsx,19,10,9.5,7.9,8.5,,,μL/L,μL/L,低能放电,低能放电
alan456/data.xlsx,45,168,330,82,3.1,,,μL/L,μL/L,高温过热,高温过热
alan456/data.xlsx,50.11,15.97,45.37,4.66,12.3,,,μL/L,μL/L,高能放电,高能放电
alan456/data.xlsx,345,112.3,51.5,27.5,58.58,,,μL/L,μL/L,高能放电,高能放电
alan456/data.xlsx,336,419,1074,105,21,,,μL/L,μL/L,高温过热,高温过热
alan456/data.xlsx,6.9,80.6,351,47.4,4.9,,,μL/L,μL/L,高温过热,高温过热
alan456/data.xlsx,18,21,12,6,2,,,μL/L,μL/L,中温过热,中温过热
alan456/data.xlsx,112,93.3,123.6,132,0.5,,,μL/L,μL/L,正常,正常
alan456/data.xlsx,143,305,721,78,2,,,μL/L,μL/L,高温过热,高温过热
alan456/data.xlsx,7.8,111,701,129,2.8,,,μL/L,μL/L,高温过热,高温过热
alan456/data.xlsx,23,61,153,14,4.4,,,μL/L,μL/L,中温过热,中温过热
alan456/data.xlsx,166.6,28.7,12.4,6.72,0.7,,,μL/L,μL/L,中温过热,中温过热
alan456/data.xlsx,14.67,3.68,2.71,10.54,0.2,,,μL/L,μL/L,正常,正常
alan456/data.xlsx,12,12,12,12,12,,,μL/L,μL/L,中温过热,中温过热
alan456/data.xlsx,11,31,52,26,0,,,μL/L,μL/L,中温过热,中温过热
alan456/data.xlsx,4683,148,1364,44.7,12078,,,μL/L,μL/L,高能放电,高能放电
alan456/data.xlsx,345,112.3,51.5,27.5,58.8,,,μL/L,μL/L,低能放电,低能放电
alan456/data.xlsx,345,112.25,51.5,27.5,345,,,μL/L,μL/L,低能放电,低能放电
alan456/data.xlsx,6.17,116.06,488.86,92.57,0,,,μL/L,μL/L,高温过热,高温过热
alan456/data.xlsx,18,135,208,59,0,,,μL/L,μL/L,高温过热,高温过热
alan456/data.xlsx,29,7.52,14.8,5.5,5.4,,,μL/L,μL/L,高能放电,高能放电
alan456/data.xlsx,44.3,17.3,23.3,3.6,10.4,,,μL/L,μL/L,高能放电,高能放电
alan456/data.xlsx,181,316,593,115,2,,,μL/L,μL/L,高温过热,高温过热
alan456/data.xlsx,49.1,12.2,3.9,0.3,4.8,,,μL/L,μL/L,低能放电,低能放电
alan456/data.xlsx,121,14,29,3,74,,,μL/L,μL/L,高能放电,高能放电
alan456/data.xlsx,60,40,110,9.9,70,,,μL/L,μL/L,高能放电,高能放电
alan456/data.xlsx,279,487,708,109,4.4,,,μL/L,μL/L,高温过热,高温过热
alan456/data.xlsx,16.99,185.09,699.2,125.14,0,,,μL/L,μL/L,高温过热,高温过热
alan456/data.xlsx,32.2,5.5,12.6,1.4,13.2,,,μL/L,μL/L,低能放电,低能放电
alan456/data.xlsx,44.6,63.2,129,20.1,0.66,,,μL/L,μL/L,高温过热,高温过热
alan456/data.xlsx,74.8,482,1409,297,7.5,,,μL/L,μL/L,高温过热,高温过热
alan456/data.xlsx,15.91,191.46,734.87,132.1,0,,,μL/L,μL/L,高温过热,高温过热
alan456/data.xlsx,9,16.7,85.3,9.9,3.4,,,μL/L,μL/L,中温过热,中温过热
alan456/data.xlsx,181,262,528,210,0,,,μL/L,μL/L,中温过热,中温过热
alan456/data.xlsx,14.67,3.68,2.71,10.54,0.2,,,μL/L,μL/L,正常,正常
alan456/data.xlsx,160,130,96,33,0,,,μL/L,μL/L,低温过热,低温过热
alan456/data.xlsx,17.04,192.37,733.63,132.09,0,,,μL/L,μL/L,高温过热,高温过热
alan456/data.xlsx,217.5,40,51.8,4.9,67.5,,,μL/L,μL/L,高能放电,高能放电
alan456/data.xlsx,82,161,406,79,8.9,,,μL/L,μL/L,高温过热,高温过热
alan456/data.xlsx,345,112.25,51.5,27.5,58.75,,,μL/L,μL/L,低能放电,低能放电
alan456/data.xlsx,207,416,1345,347,20,,,μL/L,μL/L,高温过热,高温过热
alan456/data.xlsx,29.9,34.6,70,5.6,1.2,,,μL/L,μL/L,中温过热,中温过热
alan456/data.xlsx,10.48,148.49,576.66,105.45,0,,,μL/L,μL/L,高温过热,高温过热
alan456/data.xlsx,21,7.6,96.3,4.7,26.73,,,μL/L,μL/L,高能放电,高能放电
alan456/data.xlsx,334,39.9,5.4,47.8,247.6,,,μL/L,μL/L,高能放电,高能放电
alan456/data.xlsx,65,26.1,41.6,10.1,57.8,,,μL/L,μL/L,高能放电,高能放电
alan456/data.xlsx,4.32,193,125,118,0,,,μL/L,μL/L,中温过热,中温过热
alan456/data.xlsx,49,41.6,124,25.1,15.7,,,μL/L,μL/L,高能放电,高能放电
alan456/data.xlsx,236,410.2,817.3,159,3.5,,,μL/L,μL/L,高温过热,高温过热
alan456/data.xlsx,207.06,21.08,67.34,4.28,141.93,,,μL/L,μL/L,高能放电,高能放电
alan456/data.xlsx,24.2,3.2,16.6,3.7,101,,,μL/L,μL/L,低能放电,低能放电
alan456/data.xlsx,64,22,51.7,20.7,95.1,,,μL/L,μL/L,高能放电,高能放电
alan456/data.xlsx,120,120,84,33,0.6,,,μL/L,μL/L,低温过热,低温过热
alan456/data.xlsx,35.2,2.6,5.3,1.9,18.3,,,μL/L,μL/L,低能放电,低能放电
alan456/data.xlsx,6709,10500,17700,1400,750,,,μL/L,μL/L,高温过热,高温过热
alan456/data.xlsx,69,212,692,135,3.9,,,μL/L,μL/L,高温过热,高温过热
alan456/data.xlsx,2054,370,535,26,805,,,μL/L,μL/L,高能放电,高能放电
alan456/data.xlsx,56,78,173,18,0,,,μL/L,μL/L,低温过热,低温过热
alan456/data.xlsx,7.5,5.7,2.6,3.4,3.2,,,μL/L,μL/L,正常,正常
alan456/data.xlsx,63,0.29,3.64,0.59,16.8,,,μL/L,μL/L,低能放电,低能放电
alan456/data.xlsx,730,750,1300,190,7,,,μL/L,μL/L,高能放电,高能放电
alan456/data.xlsx,30,7.4,1.8,8.5,19,,,μL/L,μL/L,低能放电,低能放电
alan456/data.xlsx,46.1,21.5,15.8,61.5,1.2,,,μL/L,μL/L,正常,正常
alan456/data.xlsx,12,290,355,144,0,,,μL/L,μL/L,中温过热,中温过热
alan456/data.xlsx,45,15,19,1,18,,,μL/L,μL/L,低能放电,低能放电
alan456/data.xlsx,23,23,23,23,23,,,μL/L,μL/L,局部放电,局部放电
alan456/data.xlsx,158,71,146,1.3,685,,,μL/L,μL/L,高能放电,高能放电
alan456/data.xlsx,3.51,61,98.03,45.21,0.01,,,μL/L,μL/L,中温过热,中温过热
alan456/data.xlsx,26788,18342,27,2111,0,,,μL/L,μL/L,局部放电,局部放电
alan456/data.xlsx,54,7,8.6,7.4,5.4,,,μL/L,μL/L,低能放电,低能放电
alan456/data.xlsx,36,30,93,10,7.1,,,μL/L,μL/L,高温过热,高温过热
alan456/data.xlsx,100,94,304,22,118,,,μL/L,μL/L,高能放电,高能放电
alan456/data.xlsx,21,21,21,12,21,,,μL/L,μL/L,正常,正常
alan456/data.xlsx,18,20,12,6,2,,,μL/L,μL/L,局部放电,局部放电
alan456/data.xlsx,15,12,3.2,5.3,0.2,,,μL/L,μL/L,正常,正常
alan456/data.xlsx,21,21,21,21,21,,,μL/L,μL/L,正常,正常
alan456/data.xlsx,80,243,1348,274,8.4,,,μL/L,μL/L,高温过热,高温过热
alan456/data.xlsx,225.5,17.6,3,8.4,0,,,μL/L,μL/L,局部放电,局部放电
alan456/data.xlsx,179,413,544,27,473,,,μL/L,μL/L,高能放电,高能放电
alan456/data.xlsx,57,77,21,19,0,,,μL/L,μL/L,低温过热,低温过热
alan456/data.xlsx,50,90,260,18,5.9,,,μL/L,μL/L,高温过热,高温过热
alan456/data.xlsx,83,35,86,4.9,5.1,,,μL/L,μL/L,中温过热,中温过热
alan456/data.xlsx,81,130,230,74,2.9,,,μL/L,μL/L,高温过热,高温过热
alan456/data.xlsx,120,120,84,33,0.55,,,μL/L,μL/L,低温过热,低温过热
alan456/data.xlsx,6.3,7.87,3.03,6.97,11.1,,,μL/L,μL/L,高能放电,高能放电
alan456/data.xlsx,90,160,330,54,29,,,μL/L,μL/L,高温过热,高温过热
alan456/data.xlsx,4430,941,2475,76,55585,,,μL/L,μL/L,高能放电,高能放电
alan456/data.xlsx,170,330,430,77,13,,,μL/L,μL/L,高温过热,高温过热
alan456/data.xlsx,4072,15850,22621,9057,535,,,μL/L,μL/L,中温过热,中温过热
alan456/data.xlsx,1565,93,47,34,0,,,μL/L,μL/L,局部放电,局部放电
alan456/data.xlsx,5.4,13.7,11.6,4.2,0,,,μL/L,μL/L,正常,正常
alan456/data.xlsx,160,130,96,33,0,,,μL/L,μL/L,中温过热,中温过热
alan456/data.xlsx,437,27.2,34.9,22.5,30.2,,,μL/L,μL/L,高能放电,高能放电
alan456/data.xlsx,246,432,674,141,7.2,,,μL/L,μL/L,高温过热,高温过热
alan456/data.xlsx,56.4,42.7,1413,167,17.1,,,μL/L,μL/L,高温过热,高温过热
alan456/data.xlsx,300.44,42.14,43.18,3.25,64.71,,,μL/L,μL/L,高能放电,高能放电
alan456/data.xlsx,42,97,600,157,0,,,μL/L,μL/L,高温过热,高温过热
alan456/data.xlsx,35.1,6,93,16.1,1.1,,,μL/L,μL/L,高温过热,高温过热
alan456/data.xlsx,51.1,7.1,5.9,1.7,9.2,,,μL/L,μL/L,低能放电,低能放电
alan456/data.xlsx,155,581,293,215,142,,,μL/L,μL/L,高温过热,高温过热
alan456/data.xlsx,477,566,239,734,116,,,μL/L,μL/L,高温过热,高温过热
alan456/data.xlsx,117,5.8,15.9,7,12.8,,,μL/L,μL/L,高能放电,高能放电
alan456/data.xlsx,4683,148,44.7,1364,12078,,,μL/L,μL/L,高能放电,高能放电
alan456/data.xlsx,52.5,32.9,9.73,79.3,9.8,,,μL/L,μL/L,低能放电,低能放电
alan456/data.xlsx,421,135,27.7,351,374,,,μL/L,μL/L,高能放电,高能放电
alan456/data.xlsx,56.4,42.7,167,1413,17.1,,,μL/L,μL/L,高温过热,高温过热
alan456/data.xlsx,74.8,482,297,1409,7.5,,,μL/L,μL/L,高温过热,高温过热
alan456/data.xlsx,6,0.5,0.29,1.87,7.42,,,μL/L,μL/L,低能放电,低能放电
alan456/data.xlsx,63,0.29,0.59,3.64,16.8,,,μL/L,μL/L,低能放电,低能放电
alan456/data.xlsx,22.5,8.5,1.2,7.3,8.4,,,μL/L,μL/L,低能放电,低能放电
alan456/data.xlsx,31,6.6,4.7,19,67,,,μL/L,μL/L,低能放电,低能放电
alan456/data.xlsx,32.2,5.5,1.4,12.6,13.2,,,μL/L,μL/L,低能放电,低能放电
alan456/data.xlsx,3.3,1.1,0.9,3.1,3.3,,,μL/L,μL/L,低能放电,低能放电
alan456/data.xlsx,45,15,1,19,18,,,μL/L,μL/L,低能放电,低能放电
alan456/data.xlsx,71.6,20.2,2.7,34.6,44.2,,,μL/L,μL/L,高能放电,高能放电
alan456/data.xlsx,72,116,36,70,19,,,μL/L,μL/L,高能放电,高能放电
alan456/data.xlsx,7.8,111,129,701,2.8,,,μL/L,μL/L,高温过热,高温过热
alan456/data.xlsx,58,103,51,251,6,,,μL/L,μL/L,高温过热,高温过热
alan456/data.xlsx,316,36.1,37.3,109,440,,,μL/L,μL/L,低能放电,低能放电
alan456/data.xlsx,49,41.6,25.1,124,15.7,,,μL/L,μL/L,高能放电,高能放电
alan456/data.xlsx,21,7.6,4.7,96.3,26.73,,,μL/L,μL/L,高能放电,高能放电
alan456/data.xlsx,65,26.1,10.1,41.6,57.8,,,μL/L,μL/L,高能放电,高能放电
alan456/data.xlsx,64,22,20.7,51.7,95.1,,,μL/L,μL/L,高能放电,高能放电
alan456/data.xlsx,150,80,235,105,35,,,μL/L,μL/L,高能放电,高能放电
alan456/data.xlsx,80,243,274,1348,8.4,,,μL/L,μL/L,高温过热,高温过热
alan456/data.xlsx,158,71,1.3,146,685,,,μL/L,μL/L,高能放电,高能放电
alan456/data.xlsx,24.2,3.2,3.7,16.6,101,,,μL/L,μL/L,低能放电,低能放电
alan456/data.xlsx,35.2,2.6,1.9,5.3,18.3,,,μL/L,μL/L,低能放电,低能放电
alan456/data.xlsx,294,27.4,5.6,52.6,338,,,μL/L,μL/L,高能放电,高能放电
alan456/data.xlsx,437,27.2,22.5,34.9,30.2,,,μL/L,μL/L,高能放电,高能放电
alan456/data.xlsx,2054,370,26,535,805,,,μL/L,μL/L,高能放电,高能放电
alan456/data.xlsx,136,140,59,582,140,,,μL/L,μL/L,高能放电,高能放电
alan456/data.xlsx,4430,941,76,2475,55585,,,μL/L,μL/L,高能放电,高能放电
alan456/data.xlsx,179,413,27,544,473,,,μL/L,μL/L,高能放电,高能放电
alan456/data.xlsx,143,305,78,721,2,,,μL/L,μL/L,高温过热,高温过热
alan456/data.xlsx,170,300,44,580,8.9,,,μL/L,μL/L,高温过热,高温过热
alan456/data.xlsx,180,340,52,6303,10,,,μL/L,μL/L,高温过热,高温过热
alan456/data.xlsx,17,21,11,145,4.1,,,μL/L,μL/L,高温过热,高温过热
alan456/data.xlsx,60,40,9.9,110,70,,,μL/L,μL/L,高能放电,高能放电
alan456/data.xlsx,90,160,54,330,29,,,μL/L,μL/L,高温过热,高温过热
alan456/data.xlsx,250,63,2.8,66,120,,,μL/L,μL/L,高能放电,高能放电
alan456/data.xlsx,44.6,63.2,20.1,129,0.66,,,μL/L,μL/L,高温过热,高温过热
alan456/data.xlsx,246,432,141,674,7.2,,,μL/L,μL/L,高温过热,高温过热
alan456/data.xlsx,4.1,3.5,0.68,1.2,5.2,,,μL/L,μL/L,低能放电,低能放电
alan456/data.xlsx,56,144,36,164,1.8,,,μL/L,μL/L,高温过热,高温过热
alan456/data.xlsx,69,212,135,692,3.9,,,μL/L,μL/L,高温过热,高温过热
alan456/data.xlsx,82,161,79,406,8.9,,,μL/L,μL/L,高温过热,高温过热
alan456/data.xlsx,34,60,11,123,6,,,μL/L,μL/L,低能放电,低能放电
alan456/data.xlsx,96,13.7,3.8,35.6,5.4,,,μL/L,μL/L,低能放电,低能放电
alan456/data.xlsx,181,316,115,593,2,,,μL/L,μL/L,高温过热,高温过热
alan456/data.xlsx,190,450,240,850,0.6,,,μL/L,μL/L,高能放电,高能放电
alan456/data.xlsx,12,14.6,7.2,14.4,0.98,,,μL/L,μL/L,低能放电,低能放电
alan456/data.xlsx,11.9,12.4,5.9,13.6,1.03,,,μL/L,μL/L,低能放电,低能放电
alan456/data.xlsx,49.1,12.2,0.3,3.9,4.8,,,μL/L,μL/L,低能放电,低能放电
alan456/data.xlsx,46.7,8.2,1.8,5.1,4.1,,,μL/L,μL/L,低能放电,低能放电
alan456/data.xlsx,53.9,8.3,1.1,6,7.1,,,μL/L,μL/L,低能放电,低能放电
alan456/data.xlsx,51.1,7.1,1.7,5.9,9.2,,,μL/L,μL/L,低能放电,低能放电
alan456/data.xlsx,81,130,74,230,2.9,,,μL/L,μL/L,高温过热,高温过热
alan456/data.xlsx,170,330,77,430,13,,,μL/L,μL/L,高温过热,高温过热
alan456/data.xlsx,50,90,18,260,5.9,,,μL/L,μL/L,高温过热,高温过热
alan456/data.xlsx,29,7.52,5.5,14.8,5.4,,,μL/L,μL/L,高能放电,高能放电
alan456/data.xlsx,6.3,7.87,6.97,3.03,11.1,,,μL/L,μL/L,高能放电,高能放电
alan456/data.xlsx,413,6.8,40.4,4.6,8.15,,,μL/L,μL/L,高能放电,高能放电
alan456/data.xlsx,23.4,14.3,7.12,9.71,3.44,,,μL/L,μL/L,高能放电,高能放电
alan456/data.xlsx,76,202,275,3216,16,,,μL/L,μL/L,高温过热,高温过热
alan456/data.xlsx,87,500,26,520,9,,,μL/L,μL/L,高温过热,高温过热
alan456/data.xlsx,410,120,18,71,250,,,μL/L,μL/L,高能放电,高能放电
alan456/data.xlsx,279,487,109,708,4.4,,,μL/L,μL/L,高温过热,高温过热
alan456/data.xlsx,3930,2397,157,0,0,,,μL/L,μL/L,局部放电,局部放电
alan456/data.xlsx,37800,1740,249,8,8,,,μL/L,μL/L,局部放电,局部放电
alan456/data.xlsx,92600,10200,0,0,0,,,μL/L,μL/L,局部放电,局部放电
alan456/data.xlsx,8266,1061,22,0,0,,,μL/L,μL/L,局部放电,局部放电
alan456/data.xlsx,9340,995,60,6,7,,,μL/L,μL/L,局部放电,局部放电
alan456/data.xlsx,36036,4704,554,5,10,,,μL/L,μL/L,局部放电,局部放电
alan456/data.xlsx,78,20,11,13,28,,,μL/L,μL/L,低能放电,低能放电
alan456/data.xlsx,305,100,33,161,541,,,μL/L,μL/L,低能放电,低能放电
alan456/data.xlsx,35,6,3,26,482,,,μL/L,μL/L,低能放电,低能放电
alan456/data.xlsx,543,120,41,411,1880,,,μL/L,μL/L,低能放电,低能放电
alan456/data.xlsx,1230,163,27,233,692,,,μL/L,μL/L,低能放电,低能放电
alan456/data.xlsx,60,10,4,4,4,,,μL/L,μL/L,低能放电,低能放电
alan456/data.xlsx,95,10,0,11,39,,,μL/L,μL/L,低能放电,低能放电
alan456/data.xlsx,6870,1028,79,900,5500,,,μL/L,μL/L,低能放电,低能放电
alan456/data.xlsx,10092,5399,530,6500,37565,,,μL/L,μL/L,低能放电,低能放电
alan456/data.xlsx,650,81,170,51,270,,,μL/L,μL/L,低能放电,低能放电
alan456/data.xlsx,545,130,16,153,239,,,μL/L,μL/L,高能放电,高能放电
alan456/data.xlsx,7150,1440,97,1210,1760,,,μL/L,μL/L,高能放电,高能放电
alan456/data.xlsx,620,325,38,181,244,,,μL/L,μL/L,高能放电,高能放电
alan456/data.xlsx,120,31,0,66,94,,,μL/L,μL/L,高能放电,高能放电
alan456/data.xlsx,755,229,32,404,460,,,μL/L,μL/L,高能放电,高能放电
alan456/data.xlsx,5100,1430,0,1140,1010,,,μL/L,μL/L,高能放电,高能放电
alan456/data.xlsx,1570,1110,175,1780,1830,,,μL/L,μL/L,高能放电,高能放电
alan456/data.xlsx,3090,5020,323,3800,2540,,,μL/L,μL/L,高能放电,高能放电
alan456/data.xlsx,1820,405,35,365,634,,,μL/L,μL/L,高能放电,高能放电
alan456/data.xlsx,535,160,16,305,680,,,μL/L,μL/L,高能放电,高能放电
alan456/data.xlsx,13,3,1,3,6,,,μL/L,μL/L,高能放电,高能放电
alan456/data.xlsx,137,67,7,53,104,,,μL/L,μL/L,高能放电,高能放电
alan456/data.xlsx,1084,188,8,166,769,,,μL/L,μL/L,高能放电,高能放电
alan456/data.xlsx,34,21,4,49,56,,,μL/L,μL/L,高能放电,高能放电
alan456/data.xlsx,7940,2000,355,3120,5390,,,μL/L,μL/L,高能放电,高能放电
alan456/data.xlsx,150,130,9,55,30,,,μL/L,μL/L,高能放电,高能放电
alan456/data.xlsx,8200,3790,250,4620,5830,,,μL/L,μL/L,高能放电,高能放电
alan456/data.xlsx,260,215,35,334,277,,,μL/L,μL/L,高能放电,高能放电
alan456/data.xlsx,75,15,7,14,26,,,μL/L,μL/L,高能放电,高能放电
alan456/data.xlsx,530,345,85,266,250,,,μL/L,μL/L,高能放电,高能放电
alan456/data.xlsx,90,28,8,31,32,,,μL/L,μL/L,高能放电,高能放电
alan456/data.xlsx,220,77,22,170,240,,,μL/L,μL/L,高能放电,高能放电
alan456/data.xlsx,2800,2800,234,3500,3600,,,μL/L,μL/L,高能放电,高能放电
alan456/data.xlsx,99,170,20,200,190,,,μL/L,μL/L,高能放电,高能放电
alan456/data.xlsx,310,230,54,610,760,,,μL/L,μL/L,高能放电,高能放电
alan456/data.xlsx,800,160,23,260,600,,,μL/L,μL/L,高能放电,高能放电
alan456/data.xlsx,1500,395,28,395,323,,,μL/L,μL/L,高能放电,高能放电
alan456/data.xlsx,20000,13000,1850,29000,57000,,,μL/L,μL/L,高能放电,高能放电
alan456/data.xlsx,305,85,25,197,130,,,μL/L,μL/L,高能放电,高能放电
alan456/data.xlsx,1900,530,35,383,434,,,μL/L,μL/L,高能放电,高能放电
alan456/data.xlsx,110,62,90,140,250,,,μL/L,μL/L,高能放电,高能放电
alan456/data.xlsx,3700,1690,128,2810,3270,,,μL/L,μL/L,高能放电,高能放电
alan456/data.xlsx,2770,660,54,712,763,,,μL/L,μL/L,高能放电,高能放电
alan456/data.xlsx,1170,255,18,312,325,,,μL/L,μL/L,高能放电,高能放电
alan456/data.xlsx,4419,3564,668,2861,2025,,,μL/L,μL/L,高能放电,高能放电
alan456/data.xlsx,810,280,111,570,490,,,μL/L,μL/L,高能放电,高能放电
alan456/data.xlsx,10000,6730,345,7330,10400,,,μL/L,μL/L,高能放电,高能放电
alan456/data.xlsx,1570,735,87,1330,1740,,,μL/L,μL/L,高能放电,高能放电
alan456/data.xlsx,8800,64064,72128,95650,0,,,μL/L,μL/L,高温过热,高温过热
alan456/data.xlsx,6709,10500,1400,17700,750,,,μL/L,μL/L,高温过热,高温过热
alan456/data.xlsx,1100,1600,221,2010,26,,,μL/L,μL/L,高温过热,高温过热
alan456/data.xlsx,290,966,299,1810,57,,,μL/L,μL/L,高温过热,高温过热
alan456/data.xlsx,2500,10500,4790,13500,6,,,μL/L,μL/L,高温过热,高温过热
alan456/data.xlsx,1860,4980,0,10700,1600,,,μL/L,μL/L,高温过热,高温过热
alan456/data.xlsx,860,1670,30,2050,40,,,μL/L,μL/L,高温过热,高温过热
alan456/data.xlsx,150,22,9,60,11,,,μL/L,μL/L,高温过热,高温过热
alan456/data.xlsx,400,940,210,820,24,,,μL/L,μL/L,高温过热,高温过热
alan456/data.xlsx,6,2990,29990,26076,67,,,μL/L,μL/L,高温过热,高温过热
alan456/data.xlsx,100,200,110,670,11,,,μL/L,μL/L,高温过热,高温过热
alan456/data.xlsx,290,1260,231,820,8,,,μL/L,μL/L,高温过热,高温过热
alan456/data.xlsx,1550,2740,816,5450,184,,,μL/L,μL/L,高温过热,高温过热
alan456/data.xlsx,3910,4290,626,6040,1230,,,μL/L,μL/L,高温过热,高温过热
alan456/data.xlsx,1,8,8,100,6,,,μL/L,μL/L,高温过热,高温过热
alan456/data.xlsx,300,700,280,1700,36,,,μL/L,μL/L,高温过热,高温过热
alan456/data.xlsx,107,143,34,222,2,,,μL/L,μL/L,高温过热,高温过热
alan456/data.xlsx,54.54,71.93,9.72,97.37,6.58,,,μL/L,μL/L,高温过热,高温过热
alan456/data.xlsx,116.17,180.83,52.48,278.18,5.36,,,μL/L,μL/L,高温过热,高温过热
alan456/data.xlsx,5760,540,40.5,1000,2760,,,μL/L,μL/L,高能放电,高能放电
alan456/data.xlsx,50.18,171.12,74.7,148.69,0,,,μL/L,μL/L,中温过热,中温过热
alan456/data.xlsx,20,80.2,24.6,68.6,0,,,μL/L,μL/L,中温过热,中温过热
alan456/data.xlsx,28.97,10.94,1.64,6.96,4.36,,,μL/L,μL/L,高温过热,高温过热
alan456/data.xlsx,15.9,55.98,22.33,137.25,0.21,,,μL/L,μL/L,高温过热,高温过热
alan456/data.xlsx,47.6,19.1,4.21,27,0.72,,,μL/L,μL/L,低温过热,低温过热
alan456/data.xlsx,40,102.6,32.3,183.3,0.2,,,μL/L,μL/L,高能放电,高能放电
alan456/data.xlsx,50.35,65.58,21.05,99.13,0.96,,,μL/L,μL/L,高温过热,高温过热
alan456/data.xlsx,2.369,119.69,21.891,20.15,0,,,μL/L,μL/L,低温过热,低温过热
alan456/data.xlsx,120.45,210.91,35.7,285.39,15.86,,,μL/L,μL/L,高温过热,高温过热
alan456/data.xlsx,87.17,17.26,3.94,12.87,32.81,,,μL/L,μL/L,低能放电,低能放电
alan456/data.xlsx,5.48,48.82,96.81,489.57,0.3,,,μL/L,μL/L,高温过热,高温过热
alan456/data.xlsx,605,1586,655,1901,2.3,,,μL/L,μL/L,高温过热,高温过热
alan456/data.xlsx,1.96,2.1,0.5,0.67,1.59,,,μL/L,μL/L,低能放电,低能放电
alan456/data.xlsx,462,212.4,31.6,0,0,,,μL/L,μL/L,局部放电,局部放电
alan456/data.xlsx,25.4,54.97,8.72,77.84,10.47,,,μL/L,μL/L,高温过热,高温过热
alan456/data.xlsx,131.7,116.55,19.4,183.97,0.32,,,μL/L,μL/L,高温过热,高温过热
alan456/data.xlsx,7911.85,947.43,96.93,907.19,4844.48,,,μL/L,μL/L,低能放电,低能放电
alan456/data.xlsx,21,2.01,0.46,1.48,5.61,,,μL/L,μL/L,低能放电,低能放电
alan456/data.xlsx,676.74,969.55,570.57,2483.26,17.48,,,μL/L,μL/L,高温过热,高温过热
alan456/data.xlsx,7238.97,695.16,231.6,2394.3,2308.92,,,μL/L,μL/L,高能放电,高能放电
alan456/data.xlsx,101.5,24.45,8.97,128.37,0,,,μL/L,μL/L,高温过热,高温过热
alan456/data.xlsx,73.8,148,38.9,181,1.76,,,μL/L,μL/L,高温过热,高温过热
alan456/data.xlsx,34.76,5.52,2.09,4.97,10.36,,,μL/L,μL/L,低能放电,低能放电
alan456/data.xlsx,18.19,21.99,6.58,46.92,3.97,,,μL/L,μL/L,高温过热,高温过热
alan456/data.xlsx,1.6,1,0.1,0.9,1.6,,,μL/L,μL/L,低能放电,低能放电
alan456/data.xlsx,22400,22400,2690,13440,1570,,,μL/L,μL/L,高温过热,高温过热
alan456/data.xlsx,670,224,45,67,2,,,μL/L,μL/L,中温过热,中温过热
alan456/data.xlsx,224,4.5,2,0,0,,,μL/L,μL/L,低温过热,低温过热
alan456/data.xlsx,900,9180,0,900,22,,,μL/L,μL/L,低温过热,低温过热
alan456/data.xlsx,0,224,0,45,0,,,μL/L,μL/L,低温过热,低温过热
alan456/data.xlsx,470,4637,1300,448,0,,,μL/L,μL/L,低温过热,低温过热
alan456/data.xlsx,65,20,10,5,0,,,μL/L,μL/L,低温过热,低温过热
alan456/data.xlsx,53,39,3,4.5,0,,,μL/L,μL/L,低温过热,低温过热
alan456/data.xlsx,219,44,3,3,0,,,μL/L,μL/L,低温过热,低温过热
alan456/data.xlsx,37,47,10,5.5,0,,,μL/L,μL/L,低温过热,低温过热
alan456/data.xlsx,34,30,34,2.5,0,,,μL/L,μL/L,低温过热,低温过热
alan456/data.xlsx,14,62,16,3,0,,,μL/L,μL/L,低温过热,低温过热
alan456/data.xlsx,65,34,16,112,0,,,μL/L,μL/L,高温过热,高温过热
alan456/data.xlsx,0.7,1.5,0.3,1.8,0,,,μL/L,μL/L,中温过热,中温过热
alan456/data.xlsx,0,0.2,0.1,0.13,0,,,μL/L,μL/L,中温过热,中温过热
alan456/data.xlsx,48,40,11,0.5,0,,,μL/L,μL/L,低温过热,低温过热
alan456/data.xlsx,130,140,24,120,0,,,μL/L,μL/L,低温过热,低温过热
alan456/data.xlsx,86,8,2.5,2.5,0,,,μL/L,μL/L,低温过热,低温过热
alan456/data.xlsx,6,3,0.8,0.7,0,,,μL/L,μL/L,低温过热,低温过热
alan456/data.xlsx,50,3,1,0,0,,,μL/L,μL/L,低温过热,低温过热
alan456/data.xlsx,55,22,0.5,2.6,0,,,μL/L,μL/L,低温过热,低温过热
alan456/data.xlsx,78,66,62,2.6,0,,,μL/L,μL/L,低温过热,低温过热
alan456/data.xlsx,1600,3600,670,14,0,,,μL/L,μL/L,局部放电,局部放电
alan456/data.xlsx,6600,1000,38,2,19,,,μL/L,μL/L,局部放电,局部放电
alan456/data.xlsx,88,9,0,0.03,0,,,μL/L,μL/L,局部放电,局部放电
alan456/data.xlsx,2240,168,25,0,0,,,μL/L,μL/L,局部放电,局部放电
alan456/data.xlsx,1950,123,38,2,2,,,μL/L,μL/L,局部放电,局部放电
alan456/data.xlsx,2240,157,90,45,45,,,μL/L,μL/L,局部放电,局部放电
alan456/data.xlsx,73,8,4,2,12,,,μL/L,μL/L,低能放电,低能放电
alan456/data.xlsx,5000,4000,2000,2000,8000,,,μL/L,μL/L,低能放电,低能放电
alan456/data.xlsx,24.3,15.7,6.4,11.2,29.8,,,μL/L,μL/L,低能放电,低能放电
alan456/data.xlsx,2240,360,25,169,828,,,μL/L,μL/L,低能放电,低能放电
alan456/data.xlsx,4480,560,380,403,896,,,μL/L,μL/L,低能放电,低能放电
alan456/data.xlsx,2240,560,380,450,940,,,μL/L,μL/L,低能放电,低能放电
alan456/data.xlsx,200,230,2,170,480,,,μL/L,μL/L,低能放电,低能放电
alan456/data.xlsx,60,5,1,6,29,,,μL/L,μL/L,低能放电,低能放电
alan456/data.xlsx,890,110,3,84,700,,,μL/L,μL/L,低能放电,低能放电
alan456/data.xlsx,41,112,0,254,4536,,,μL/L,μL/L,低能放电,低能放电
alan456/data.xlsx,16000,4000,500,8500,16000,,,μL/L,μL/L,高能放电,高能放电
alan456/data.xlsx,21,75,24,126,0,,,μL/L,μL/L,高温过热,高温过热
alan456/data.xlsx,111,559,243,707,0,,,μL/L,μL/L,中温过热,中温过热
alan456/data.xlsx,23,59.9,18.6,56.9,0.1,,,μL/L,μL/L,中温过热,中温过热
alan456/data.xlsx,740,2227,567,4258,42,,,μL/L,μL/L,高温过热,高温过热
alan456/data.xlsx,388,860,230,1833,18.3,,,μL/L,μL/L,高温过热,高温过热
alan456/data.xlsx,84,126,28.9,132.2,0.37,,,μL/L,μL/L,中温过热,中温过热
alan456/data.xlsx,362,533,91,553,10,,,μL/L,μL/L,中温过热,中温过热
alan456/data.xlsx,103,221.7,47.2,422,0.9,,,μL/L,μL/L,高温过热,高温过热
alan456/data.xlsx,1769.7,554.2,145.2,1066.7,885.7,,,μL/L,μL/L,高能放电,高能放电
alan456/data.xlsx,38,3.7,0,4.1,19.4,,,μL/L,μL/L,低能放电,低能放电
alan456/data.xlsx,700,137.4,14.9,194.8,936.6,,,μL/L,μL/L,低能放电,低能放电
alan456/data.xlsx,253,21.5,5.9,16.1,72.4,,,μL/L,μL/L,低能放电,低能放电
alan456/data.xlsx,131,32,7.3,18.8,38.7,,,μL/L,μL/L,低能放电,低能放电
alan456/data.xlsx,116,20,7,27,54,,,μL/L,μL/L,低能放电,低能放电
alan456/data.xlsx,70,3.8,0.6,3.2,31.1,,,μL/L,μL/L,低能放电,低能放电
alan456/data.xlsx,34,18.9,3.7,9.4,5.6,,,μL/L,μL/L,低能放电,低能放电
alan456/data.xlsx,390,62.6,12.8,65.3,133.6,,,μL/L,μL/L,高能放电,高能放电
alan456/data.xlsx,32930,2397,157,0,0,,,μL/L,μL/L,局部放电,局部放电
alan456/data.xlsx,37800,1740,249,8,8,,,μL/L,μL/L,局部放电,局部放电
alan456/data.xlsx,92600,10200,0,0,0,,,μL/L,μL/L,局部放电,局部放电
alan456/data.xlsx,8266,1061,22,0,0,,,μL/L,μL/L,局部放电,局部放电
alan456/data.xlsx,9340,995,60,6,7,,,μL/L,μL/L,局部放电,局部放电
alan456/data.xlsx,36036,4704,554,5,10,,,μL/L,μL/L,局部放电,局部放电
alan456/data.xlsx,1198,3.2,0.5,3.2,1.4,,,μL/L,μL/L,局部放电,局部放电
alan456/data.xlsx,1309,124,0,6,113,,,μL/L,μL/L,局部放电,局部放电
alan456/data.xlsx,2587,7.88,0,1.4,4.7,,,μL/L,μL/L,局部放电,局部放电
alan456/data.xlsx,85.87,7.01,0,2.64,4.49,,,μL/L,μL/L,局部放电,局部放电
alan456/data.xlsx,102,108,0,41,70,,,μL/L,μL/L,局部放电,局部放电
alan456/data.xlsx,195.9,14.5,0,2.4,11.6,,,μL/L,μL/L,局部放电,局部放电
alan456/data.xlsx,420,37.3,0.2,30,14.9,,,μL/L,μL/L,局部放电,局部放电
alan456/data.xlsx,485,35,0,6,29,,,μL/L,μL/L,局部放电,局部放电
alan456/data.xlsx,83.26,45.32,0.26,36.45,18.1,,,μL/L,μL/L,局部放电,局部放电
alan456/data.xlsx,78,20,11,13,28,,,μL/L,μL/L,低能放电,低能放电
alan456/data.xlsx,1790,580,321,336,619,,,μL/L,μL/L,低能放电,低能放电
alan456/data.xlsx,1330,10,20,66,182,,,μL/L,μL/L,低能放电,低能放电
alan456/data.xlsx,4,1,2,7,52,,,μL/L,μL/L,低能放电,低能放电
alan456/data.xlsx,1900,285,31,957,7730,,,μL/L,μL/L,低能放电,低能放电
alan456/data.xlsx,57,24,2,27,30,,,μL/L,μL/L,低能放电,低能放电
alan456/data.xlsx,1000,500,1,400,500,,,μL/L,μL/L,低能放电,低能放电
alan456/data.xlsx,9,3.9,13,4,8,,,μL/L,μL/L,低能放电,低能放电
alan456/data.xlsx,1198,3.2,0.5,3.2,1.4,,,μL/L,μL/L,低能放电,低能放电
alan456/data.xlsx,14.2,4,9.51,1.5,1.4,,,μL/L,μL/L,低能放电,低能放电
alan456/data.xlsx,30.1,17.1,30.1,5.5,2.2,,,μL/L,μL/L,低能放电,低能放电
alan456/data.xlsx,45,11,28.5,12.74,2.7,,,μL/L,μL/L,低能放电,低能放电
alan456/data.xlsx,65.2,20,25.1,8.13,3.9,,,μL/L,μL/L,低能放电,低能放电
alan456/data.xlsx,67.8,8.89,36.2,12.67,1.88,,,μL/L,μL/L,低能放电,低能放电
alan456/data.xlsx,101.72,27.65,53.87,16.92,7.13,,,μL/L,μL/L,低能放电,低能放电
alan456/data.xlsx,549,121.3,198.5,31.9,25.5,,,μL/L,μL/L,低能放电,低能放电
alan456/data.xlsx,56,10,17.6,13.5,1.3,,,μL/L,μL/L,高能放电,高能放电
alan456/data.xlsx,57,15,25.3,23,3.1,,,μL/L,μL/L,高能放电,高能放电
alan456/data.xlsx,65,26.1,57.8,41.6,10.1,,,μL/L,μL/L,高能放电,高能放电
alan456/data.xlsx,75.5,30.2,18.2,30.3,2.33,,,μL/L,μL/L,高能放电,高能放电
alan456/data.xlsx,145.88,40.65,59.71,34.02,9.37,,,μL/L,μL/L,高能放电,高能放电
alan456/data.xlsx,1027,185,399,271,17,,,μL/L,μL/L,高能放电,高能放电
alan456/data.xlsx,475.3,195.8,221.2,187.3,32.6,,,μL/L,μL/L,高能放电,高能放电
alan456/data.xlsx,440,89,19,304,757,,,μL/L,μL/L,高能放电,高能放电
alan456/data.xlsx,210,43,12,102,187,,,μL/L,μL/L,高能放电,高能放电
alan456/data.xlsx,2850,1115,138,1987,3675,,,μL/L,μL/L,高能放电,高能放电
alan456/data.xlsx,7020,1850,0,2960,4410,,,μL/L,μL/L,高能放电,高能放电
alan456/data.xlsx,545,130,16,153,239,,,μL/L,μL/L,高能放电,高能放电
alan456/data.xlsx,7150,1440,97,1210,1760,,,μL/L,μL/L,高能放电,高能放电
alan456/data.xlsx,620,325,38,181,244,,,μL/L,μL/L,高能放电,高能放电
alan456/data.xlsx,120,31,0,66,94,,,μL/L,μL/L,高能放电,高能放电
alan456/data.xlsx,755,229,32,404,460,,,μL/L,μL/L,高能放电,高能放电
alan456/data.xlsx,5100,1430,0,1140,1010,,,μL/L,μL/L,高能放电,高能放电
alan456/data.xlsx,13500,6110,212,4510,4040,,,μL/L,μL/L,高能放电,高能放电
alan456/data.xlsx,3090,5020,323,3800,2540,,,μL/L,μL/L,高能放电,高能放电
alan456/data.xlsx,1820,405,35,365,634,,,μL/L,μL/L,高能放电,高能放电
alan456/data.xlsx,535,160,16,305,680,,,μL/L,μL/L,高能放电,高能放电
alan456/data.xlsx,137,67,7,53,104,,,μL/L,μL/L,高能放电,高能放电
alan456/data.xlsx,1084,188,8,166,769,,,μL/L,μL/L,高能放电,高能放电
alan456/data.xlsx,34,21,4,49,56,,,μL/L,μL/L,高能放电,高能放电
alan456/data.xlsx,7940,2000,355,3120,5390,,,μL/L,μL/L,高能放电,高能放电
alan456/data.xlsx,150,130,9,55,30,,,μL/L,μL/L,高能放电,高能放电
alan456/data.xlsx,8200,3790,250,4620,5830,,,μL/L,μL/L,高能放电,高能放电
alan456/data.xlsx,260,215,35,334,277,,,μL/L,μL/L,高能放电,高能放电
alan456/data.xlsx,75,15,7,14,26,,,μL/L,μL/L,高能放电,高能放电
alan456/data.xlsx,530,345,85,266,250,,,μL/L,μL/L,高能放电,高能放电
alan456/data.xlsx,60,5,2,21,21,,,μL/L,μL/L,高能放电,高能放电
alan456/data.xlsx,90,28,8,31,32,,,μL/L,μL/L,高能放电,高能放电
alan456/data.xlsx,220,77,22,170,240,,,μL/L,μL/L,高能放电,高能放电
alan456/data.xlsx,5900,1500,68,1200,2300,,,μL/L,μL/L,高能放电,高能放电
alan456/data.xlsx,420,250,41,530,800,,,μL/L,μL/L,高能放电,高能放电
alan456/data.xlsx,2800,2800,234,3500,3600,,,μL/L,μL/L,高能放电,高能放电
alan456/data.xlsx,99,170,20,200,190,,,μL/L,μL/L,高能放电,高能放电
alan456/data.xlsx,800,160,23,260,600,,,μL/L,μL/L,高能放电,高能放电
alan456/data.xlsx,1500,395,28,395,323,,,μL/L,μL/L,高能放电,高能放电
alan456/data.xlsx,20000,13000,1850,29000,57000,,,μL/L,μL/L,高能放电,高能放电
alan456/data.xlsx,305,85,25,197,130,,,μL/L,μL/L,高能放电,高能放电
alan456/data.xlsx,1900,530,35,383,434,,,μL/L,μL/L,高能放电,高能放电
alan456/data.xlsx,110,62,90,140,250,,,μL/L,μL/L,高能放电,高能放电
alan456/data.xlsx,3700,1690,128,2810,3270,,,μL/L,μL/L,高能放电,高能放电
alan456/data.xlsx,2770,660,54,712,763,,,μL/L,μL/L,高能放电,高能放电
alan456/data.xlsx,245,120,18,131,167,,,μL/L,μL/L,高能放电,高能放电
alan456/data.xlsx,1170,255,18,312,325,,,μL/L,μL/L,高能放电,高能放电
alan456/data.xlsx,4419,3564,668,2861,2025,,,μL/L,μL/L,高能放电,高能放电
alan456/data.xlsx,810,580,111,570,490,,,μL/L,μL/L,高能放电,高能放电
alan456/data.xlsx,5000,1200,83,1000,1100,,,μL/L,μL/L,高能放电,高能放电
alan456/data.xlsx,10000,6730,345,7330,10400,,,μL/L,μL/L,高能放电,高能放电
alan456/data.xlsx,1570,735,87,1330,1740,,,μL/L,μL/L,高能放电,高能放电
alan456/data.xlsx,14,44,124,7,1,,,μL/L,μL/L,低温过热,低温过热
alan456/data.xlsx,2031,149,20,3,0,,,μL/L,μL/L,低温过热,低温过热
alan456/data.xlsx,48,610,29,10,0,,,μL/L,μL/L,低温过热,低温过热
alan456/data.xlsx,12,18,4,4,0,,,μL/L,μL/L,低温过热,低温过热
alan456/data.xlsx,66,60,2,7,0,,,μL/L,μL/L,低温过热,低温过热
alan456/data.xlsx,1450,940,211,322,61,,,μL/L,μL/L,低温过热,低温过热
alan456/data.xlsx,0,18900,410,540,330,,,μL/L,μL/L,低温过热,低温过热
alan456/data.xlsx,360,610,259,260,9,,,μL/L,μL/L,低温过热,低温过热
alan456/data.xlsx,1,27,49,4,1,,,μL/L,μL/L,低温过热,低温过热
alan456/data.xlsx,1270,3450,520,1390,8,,,μL/L,μL/L,低温过热,低温过热
alan456/data.xlsx,33,29,0,12,9,,,μL/L,μL/L,低温过热,低温过热
alan456/data.xlsx,46,98,0,41.3,26.3,,,μL/L,μL/L,低温过热,低温过热
alan456/data.xlsx,60,60,0.3,40,16,,,μL/L,μL/L,低温过热,低温过热
alan456/data.xlsx,87.2,73.18,0,56.88,27.14,,,μL/L,μL/L,低温过热,低温过热
alan456/data.xlsx,97,110,0,85,34,,,μL/L,μL/L,低温过热,低温过热
alan456/data.xlsx,110.4,112,0,80.8,32.5,,,μL/L,μL/L,低温过热,低温过热
alan456/data.xlsx,29.9,24.1,0.6,92.5,343,,,μL/L,μL/L,低温过热,低温过热
alan456/data.xlsx,120,120,0.55,84,33,,,μL/L,μL/L,低温过热,低温过热
alan456/data.xlsx,143.2,123,0,75,38,,,μL/L,μL/L,低温过热,低温过热
alan456/data.xlsx,181,162,0,132,70,,,μL/L,μL/L,低温过热,低温过热
alan456/data.xlsx,3420,7870,1500,6990,33,,,μL/L,μL/L,中温过热,中温过热
alan456/data.xlsx,960,4000,1290,1560,6,,,μL/L,μL/L,中温过热,中温过热
alan456/data.xlsx,24700,61000,26300,42100,1560,,,μL/L,μL/L,中温过热,中温过热
alan456/data.xlsx,480,1075,298,1132,0,,,μL/L,μL/L,中温过热,中温过热
alan456/data.xlsx,40000,400,70,600,6,,,μL/L,μL/L,中温过热,中温过热
alan456/data.xlsx,20,41.9,0.38,44.2,20.2,,,μL/L,μL/L,中温过热,中温过热
alan456/data.xlsx,20.37,59.79,0,80.49,45.24,,,μL/L,μL/L,中温过热,中温过热
alan456/data.xlsx,23.51,61.33,1.01,98.03,45.21,,,μL/L,μL/L,中温过热,中温过热
alan456/data.xlsx,46.9,161.6,56,193.6,94.1,,,μL/L,μL/L,中温过热,中温过热
alan456/data.xlsx,47,120,3,198,90,,,μL/L,μL/L,中温过热,中温过热
alan456/data.xlsx,72,442,0.7,461,221,,,μL/L,μL/L,中温过热,中温过热
alan456/data.xlsx,110.6,458.8,0,406.4,242.6,,,μL/L,μL/L,中温过热,中温过热
alan456/data.xlsx,128,419,0.35,614.1,269.5,,,μL/L,μL/L,中温过热,中温过热
alan456/data.xlsx,24,34.6,0,21.7,14.2,,,μL/L,μL/L,中温过热,中温过热
alan456/data.xlsx,613,3240,0,2788,1432,,,μL/L,μL/L,中温过热,中温过热
alan456/data.xlsx,8800,64064,72128,95650,0,,,μL/L,μL/L,高温过热,高温过热
alan456/data.xlsx,6709,10500,1400,17700,750,,,μL/L,μL/L,高温过热,高温过热
alan456/data.xlsx,1100,1600,221,2010,26,,,μL/L,μL/L,高温过热,高温过热
alan456/data.xlsx,290,966,299,1810,57,,,μL/L,μL/L,高温过热,高温过热
alan456/data.xlsx,2500,10500,4790,13500,6,,,μL/L,μL/L,高温过热,高温过热
alan456/data.xlsx,1860,4980,0,10700,1600,,,μL/L,μL/L,高温过热,高温过热
alan456/data.xlsx,860,1670,30,2050,40,,,μL/L,μL/L,高温过热,高温过热
alan456/data.xlsx,150,22,9,60,11,,,μL/L,μL/L,高温过热,高温过热
alan456/data.xlsx,400,940,210,820,24,,,μL/L,μL/L,高温过热,高温过热
alan456/data.xlsx,6,2990,29990,26076,67,,,μL/L,μL/L,高温过热,高温过热
alan456/data.xlsx,100,200,110,670,11,,,μL/L,μL/L,高温过热,高温过热
alan456/data.xlsx,290,1260,231,820,8,,,μL/L,μL/L,高温过热,高温过热
alan456/data.xlsx,1550,2740,816,5450,184,,,μL/L,μL/L,高温过热,高温过热
alan456/data.xlsx,3910,4290,626,6040,1230,,,μL/L,μL/L,高温过热,高温过热
alan456/data.xlsx,12705,23498,6047,34257,5188,,,μL/L,μL/L,高温过热,高温过热
alan456/data.xlsx,1,8,8,100,6,,,μL/L,μL/L,高温过热,高温过热
alan456/data.xlsx,300,700,280,1700,36,,,μL/L,μL/L,高温过热,高温过热
alan456/data.xlsx,107,143,34,222,2,,,μL/L,μL/L,高温过热,高温过热
alan456/data.xlsx,35.1,50.6,1.1,93,16.1,,,μL/L,μL/L,高温过热,高温过热
alan456/data.xlsx,68,99.2,0,202.9,35.9,,,μL/L,μL/L,高温过热,高温过热
alan456/data.xlsx,156,240,0.98,399,54,,,μL/L,μL/L,高温过热,高温过热
alan456/data.xlsx,63,149.6,0,276,51.5,,,μL/L,μL/L,高温过热,高温过热
alan456/data.xlsx,30,25.5,1.8,93,31.5,,,μL/L,μL/L,高温过热,高温过热
alan456/data.xlsx,165.62,240.95,13.53,514.53,61.32,,,μL/L,μL/L,高温过热,高温过热
alan456/data.xlsx,164,244,8.3,497,103,,,μL/L,μL/L,高温过热,高温过热
alan456/data.xlsx,135.65,278.53,2.95,492,58.86,,,μL/L,μL/L,高温过热,高温过热
alan456/data.xlsx,135.88,362.42,3.74,826.65,125.22,,,μL/L,μL/L,高温过热,高温过热
alan456/data.xlsx,236,410.2,3.5,817.3,159,,,μL/L,μL/L,高温过热,高温过热
alan456/data.xlsx,46.1,21.5,615,15.8,12,,,μL/L,μL/L,正常,正常
alan456/data.xlsx,14.67,3.68,10.54,2.71,0.2,,,μL/L,μL/L,正常,正常
alan456/data.xlsx,31,23,10.6,7.1,0.4,,,μL/L,μL/L,正常,正常
alan456/data.xlsx,33,26,6,53,0.2,,,μL/L,μL/L,正常,正常
alan456/data.xlsx,14.5,3.8,105,2.8,0.2,,,μL/L,μL/L,正常,正常
alan456/data.xlsx,0.33,0.26,0.04,0.27,0,,,μL/L,μL/L,正常,正常
alan456/data.xlsx,5.8,2.7,1.8,0.8,0,,,μL/L,μL/L,正常,正常
alan456/data.xlsx,15.02,4.2,9.8,25,0.2,,,μL/L,μL/L,正常,正常
alan456/data.xlsx,39,24.49,18.4,11.43,6,,,μL/L,μL/L,正常,正常
alan456/data.xlsx,46.81,35.6,8.51,7,0.28,,,μL/L,μL/L,正常,正常
alan456/data.xlsx,34.4,2.98,332,27.73,2.5,,,μL/L,μL/L,正常,正常
alan456/data.xlsx,46,11.58,33.1,8.52,0.63,,,μL/L,μL/L,正常,正常
alan456/data.xlsx,39.81,24.5,18.37,11.4,6.53,,,μL/L,μL/L,正常,正常
alan456/data.xlsx,45.6,36.99,7.9,7.52,31,,,μL/L,μL/L,正常,正常
alan456/data.xlsx,33.6,3.04,33.17,28.5,2.47,,,μL/L,μL/L,正常,正常
alan456/data.xlsx,41.9,33.61,14.3,8.94,0.6,,,μL/L,μL/L,正常,正常
alan456/data.xlsx,82.4,1548.2,403.8,320.9,0,,,μL/L,μL/L,低温过热,低温过热
alan456/data.xlsx,19.24,110,181.38,3.38,0.33,,,μL/L,μL/L,低温过热,低温过热
alan456/data.xlsx,73.38,157.49,244.65,35.68,0,,,μL/L,μL/L,低温过热,低温过热
alan456/data.xlsx,70.84,148.56,238.36,35.24,0,,,μL/L,μL/L,低温过热,低温过热
alan456/data.xlsx,19.19,187.55,329.49,74.43,1,,,μL/L,μL/L,低温过热,低温过热
alan456/data.xlsx,58.54,116.04,175.74,34.12,0.72,,,μL/L,μL/L,低温过热,低温过热
alan456/data.xlsx,144,755,248,500,1,,,μL/L,μL/L,中温过热,中温过热
alan456/data.xlsx,231.1,919.6,669.1,1499.6,5.61,,,μL/L,μL/L,中温过热,中温过热
alan456/data.xlsx,21.5,135.7,140.1,310.3,0,,,μL/L,μL/L,中温过热,中温过热
alan456/data.xlsx,259,863,393,994,6,,,μL/L,μL/L,中温过热,中温过热
alan456/data.xlsx,22.4,137.2,43.5,44.8,4.3,,,μL/L,μL/L,中温过热,中温过热
alan456/data.xlsx,27,48.2,18.4,46.3,0.8,,,μL/L,μL/L,中温过热,中温过热
alan456/data.xlsx,200,700,250,740,1,,,μL/L,μL/L,中温过热,中温过热
alan456/data.xlsx,4072,15850,9057,22621,535,,,μL/L,μL/L,中温过热,中温过热
alan456/data.xlsx,27,90,42,63,0.2,,,μL/L,μL/L,中温过热,中温过热
alan456/data.xlsx,680,4895,1846,3662,0,,,μL/L,μL/L,中温过热,中温过热
alan456/data.xlsx,4.32,193,118,125,0,,,μL/L,μL/L,中温过热,中温过热
alan456/data.xlsx,0,434,226,387,0,,,μL/L,μL/L,中温过热,中温过热
alan456/data.xlsx,23.51,61.33,45.21,98.03,1.01,,,μL/L,μL/L,中温过热,中温过热
alan456/data.xlsx,24.16,261.05,196.13,201.4,0.87,,,μL/L,μL/L,中温过热,中温过热
alan456/data.xlsx,26.7,90.6,49.2,95,0.5,,,μL/L,μL/L,中温过热,中温过热
alan456/data.xlsx,46.9,161.6,94.1,193.3,0.56,,,μL/L,μL/L,中温过热,中温过热
alan456/data.xlsx,0,31.33,17.59,51.08,0,,,μL/L,μL/L,中温过热,中温过热
alan456/data.xlsx,15.3,26.2,21,52.8,0,,,μL/L,μL/L,中温过热,中温过热
alan456/data.xlsx,58,290,149,373,0,,,μL/L,μL/L,中温过热,中温过热
alan456/data.xlsx,22.2,50.7,24.1,56.9,0,,,μL/L,μL/L,中温过热,中温过热
alan456/data.xlsx,27.5,48.2,18.4,46,0.01,,,μL/L,μL/L,中温过热,中温过热
alan456/data.xlsx,13.1,44.7,91.5,213.3,4.2,,,μL/L,μL/L,中温过热,中温过热
alan456/data.xlsx,679,1992,1823,3671,0,,,μL/L,μL/L,中温过热,中温过热
alan456/data.xlsx,24,27.8,24.4,30,0,,,μL/L,μL/L,中温过热,中温过热
alan456/data.xlsx,33.9,36.5,31.5,39.3,0,,,μL/L,μL/L,中温过热,中温过热
alan456/data.xlsx,230,572.4,343,768.9,0.51,,,μL/L,μL/L,中温过热,中温过热
alan456/data.xlsx,215.6,255.1,160.2,350.4,0,,,μL/L,μL/L,中温过热,中温过热
alan456/data.xlsx,78,70.1,294.8,635.8,12.2,,,μL/L,μL/L,中温过热,中温过热
alan456/data.xlsx,164,244,103,497,8.3,,,μL/L,μL/L,高温过热,高温过热
alan456/data.xlsx,172.6,306.6,75.8,367.4,1.9,,,μL/L,μL/L,高温过热,高温过热
alan456/data.xlsx,109,431,116,446,0.64,,,μL/L,μL/L,高温过热,高温过热
alan456/data.xlsx,172.9,334.1,172.9,812.5,37.7,,,μL/L,μL/L,高温过热,高温过热
alan456/data.xlsx,25.1,411.91,320.9,1832.8,18.4,,,μL/L,μL/L,高温过热,高温过热
alan456/data.xlsx,56,286,96,928,7,,,μL/L,μL/L,高温过热,高温过热
alan456/data.xlsx,336,419,105,1074,21,,,μL/L,μL/L,高温过热,高温过热
alan456/data.xlsx,11.3,24.6,12.7,59.9,2.8,,,μL/L,μL/L,高温过热,高温过热
alan456/data.xlsx,78,161,86,353,10,,,μL/L,μL/L,高温过热,高温过热
alan456/data.xlsx,10.86,35.9,17.58,92.53,0,,,μL/L,μL/L,高温过热,高温过热
alan456/data.xlsx,73,520,140,1200,6,,,μL/L,μL/L,高温过热,高温过热
alan456/data.xlsx,42,97,157,600,0,,,μL/L,μL/L,高温过热,高温过热
alan456/data.xlsx,86,110,18,92,7.4,,,μL/L,μL/L,高温过热,高温过热
alan456/data.xlsx,766,993,116,665,4,,,μL/L,μL/L,高温过热,高温过热
alan456/data.xlsx,220,340,42,480,14,,,μL/L,μL/L,高温过热,高温过热
alan456/data.xlsx,170,320,53,520,3.2,,,μL/L,μL/L,高温过热,高温过热
alan456/data.xlsx,116,258,94,466,5,,,μL/L,μL/L,高温过热,高温过热
alan456/data.xlsx,98,252,95,645,23,,,μL/L,μL/L,高温过热,高温过热
alan456/data.xlsx,18,250.4,172.8,707.9,0,,,μL/L,μL/L,高温过热,高温过热
alan456/data.xlsx,2.02,16.82,3.9,77.25,0,,,μL/L,μL/L,高温过热,高温过热
alan456/data.xlsx,17.31,21.73,5.83,52.3,2.83,,,μL/L,μL/L,高温过热,高温过热
alan456/data.xlsx,64,250,145,846,3.2,,,μL/L,μL/L,高温过热,高温过热
alan456/data.xlsx,12.51,31.68,8.91,45.18,0.27,,,μL/L,μL/L,高温过热,高温过热
alan456/data.xlsx,15.64,35.35,9.74,38.48,0.12,,,μL/L,μL/L,高温过热,高温过热
alan456/data.xlsx,13,33.5,9.2,36.7,0.12,,,μL/L,μL/L,高温过热,高温过热
alan456/data.xlsx,2.17,45.59,7.97,43.9,0.04,,,μL/L,μL/L,高温过热,高温过热
alan456/data.xlsx,2.7,41.03,7.82,48.36,0,,,μL/L,μL/L,高温过热,高温过热
alan456/data.xlsx,14.08,30.14,7.32,39.15,0,,,μL/L,μL/L,高温过热,高温过热
alan456/data.xlsx,14.23,32.05,8.16,42.62,0.07,,,μL/L,μL/L,高温过热,高温过热
alan456/data.xlsx,18,23.7,27.1,164,6.5,,,μL/L,μL/L,高温过热,高温过热
alan456/data.xlsx,1430,6632,1779,5506,7,,,μL/L,μL/L,高温过热,高温过热
alan456/data.xlsx,190,920,410,3180,15,,,μL/L,μL/L,高温过热,高温过热
alan456/data.xlsx,160,223,45,495,11,,,μL/L,μL/L,高温过热,高温过热
alan456/data.xlsx,130,270,67,500,3,,,μL/L,μL/L,高温过热,高温过热
alan456/data.xlsx,73,520,140,1230,7,,,μL/L,μL/L,高温过热,高温过热
alan456/data.xlsx,135,466,70,502,9,,,μL/L,μL/L,高温过热,高温过热
alan456/data.xlsx,610,1200,300,1800,6,,,μL/L,μL/L,高温过热,高温过热
alan456/data.xlsx,147,766,506,2078,3.1,,,μL/L,μL/L,高温过热,高温过热
alan456/data.xlsx,26,88.3,46,196,0,,,μL/L,μL/L,高温过热,高温过热
alan456/data.xlsx,5.49,35.9,28.1,156,0,,,μL/L,μL/L,高温过热,高温过热
alan456/data.xlsx,12,23,9,98,0,,,μL/L,μL/L,高温过热,高温过热
alan456/data.xlsx,14,29,18,174,0,,,μL/L,μL/L,高温过热,高温过热
alan456/data.xlsx,117,357,92,486,4,,,μL/L,μL/L,高温过热,高温过热
alan456/data.xlsx,18.95,46.97,6.94,61.54,0,,,μL/L,μL/L,高温过热,高温过热
alan456/data.xlsx,305,904,52,411,0,,,μL/L,μL/L,高温过热,高温过热
alan456/data.xlsx,16,26.1,7.1,24.4,0.1,,,μL/L,μL/L,高温过热,高温过热
alan456/data.xlsx,32,41.6,10.1,120.5,2.61,,,μL/L,μL/L,高温过热,高温过热
alan456/data.xlsx,34,48.5,12.9,141,3.31,,,μL/L,μL/L,高温过热,高温过热
alan456/data.xlsx,11,102.4,57.9,277.6,0,,,μL/L,μL/L,高温过热,高温过热
alan456/data.xlsx,24,137,62,329.5,0,,,μL/L,μL/L,高温过热,高温过热
alan456/data.xlsx,43,50.9,11.6,127.9,2.9,,,μL/L,μL/L,高温过热,高温过热
alan456/data.xlsx,26,21,15,12,1,,,μL/L,μL/L,局部放电,局部放电
alan456/data.xlsx,25.2,1.2,6.5,1.3,0.2,,,μL/L,μL/L,局部放电,局部放电
alan456/data.xlsx,980,73,58,12,0,,,μL/L,μL/L,局部放电,局部放电
alan456/data.xlsx,420,373,14.9,30,0.2,,,μL/L,μL/L,局部放电,局部放电
alan456/data.xlsx,1198,3.2,1.4,3.2,0.5,,,μL/L,μL/L,局部放电,局部放电
alan456/data.xlsx,83.26,45.32,18.1,36.45,0.26,,,μL/L,μL/L,局部放电,局部放电
alan456/data.xlsx,1958,14.5,11.6,2.4,0.7,,,μL/L,μL/L,局部放电,局部放电
alan456/data.xlsx,565,26.5,6.9,2.1,0,,,μL/L,μL/L,局部放电,局部放电
alan456/data.xlsx,625,49,9,7,0.6,,,μL/L,μL/L,局部放电,局部放电
alan456/data.xlsx,2587.2,7.88,4.7,1.4,0,,,μL/L,μL/L,局部放电,局部放电
alan456/data.xlsx,87.27,6.5,5.16,1.07,0,,,μL/L,μL/L,局部放电,局部放电
alan456/data.xlsx,560,0,0.6,0.7,0,,,μL/L,μL/L,局部放电,局部放电
alan456/data.xlsx,89.99,5.35,1.96,2.7,0,,,μL/L,μL/L,局部放电,局部放电
alan456/data.xlsx,1300,110,137,52,22.2,,,μL/L,μL/L,局部放电,局部放电
alan456/data.xlsx,650,53,34,20,0,,,μL/L,μL/L,局部放电,局部放电
alan456/data.xlsx,1565,93,34,47,0,,,μL/L,μL/L,局部放电,局部放电
alan456/data.xlsx,1308,125,112,6,0,,,μL/L,μL/L,局部放电,局部放电
alan456/data.xlsx,654,55,34,20,0,,,μL/L,μL/L,局部放电,局部放电
alan456/data.xlsx,2437,115.5,22.6,3.5,0.2,,,μL/L,μL/L,局部放电,局部放电
alan456/data.xlsx,565,93,34,47,0,,,μL/L,μL/L,局部放电,局部放电
alan456/data.xlsx,84.3,8,7.2,0.4,0,,,μL/L,μL/L,局部放电,局部放电
alan456/data.xlsx,980,73,58,12,0,,,μL/L,μL/L,局部放电,局部放电
alan456/data.xlsx,565,93,34,47,2.7,,,μL/L,μL/L,局部放电,局部放电
alan456/data.xlsx,180.85,0.574,0.234,0.188,0,,,μL/L,μL/L,局部放电,局部放电
alan456/data.xlsx,170,24,7,17,54,,,μL/L,μL/L,低能放电,低能放电
alan456/data.xlsx,30,7.4,8.5,1.8,19,,,μL/L,μL/L,低能放电,低能放电
alan456/data.xlsx,14.1,4,1.3,1.5,9.5,,,μL/L,μL/L,低能放电,低能放电
alan456/data.xlsx,29.5,4.5,0.5,3.5,29.1,,,μL/L,μL/L,低能放电,低能放电
alan456/data.xlsx,65.5,233,1,2.1,26,,,μL/L,μL/L,低能放电,低能放电
alan456/data.xlsx,41.18,4.41,1.47,1.47,16.18,,,μL/L,μL/L,低能放电,低能放电
alan456/data.xlsx,36.22,7.52,6.38,2.51,12.98,,,μL/L,μL/L,低能放电,低能放电
alan456/data.xlsx,36.7,7.4,6.2,2.8,12.8,,,μL/L,μL/L,低能放电,低能放电
alan456/data.xlsx,2781,1293,248,23,84,,,μL/L,μL/L,低能放电,低能放电
alan456/data.xlsx,78,28,13,29,110,,,μL/L,μL/L,低能放电,低能放电
alan456/data.xlsx,30.64,29.84,6.82,16.071,99,,,μL/L,μL/L,低能放电,低能放电
alan456/data.xlsx,549.1,121.2,25.4,31.9,198.5,,,μL/L,μL/L,低能放电,低能放电
alan456/data.xlsx,68.72,9.05,11.38,1.71,34.88,,,μL/L,μL/L,低能放电,低能放电
alan456/data.xlsx,225.1,215.9,605.5,88.7,1849,,,μL/L,μL/L,低能放电,低能放电
alan456/data.xlsx,99.39,28.86,16.07,6.82,52.3,,,μL/L,μL/L,低能放电,低能放电
alan456/data.xlsx,345,112.25,27.5,51.5,58.75,,,μL/L,μL/L,低能放电,低能放电
alan456/data.xlsx,80,20,6,20,62,,,μL/L,μL/L,低能放电,低能放电
alan456/data.xlsx,66,8.27,8.21,9.21,8.21,,,μL/L,μL/L,低能放电,低能放电
alan456/data.xlsx,59,10.4,4,10,12.7,,,μL/L,μL/L,低能放电,低能放电
alan456/data.xlsx,75,2.98,0.6,3.57,14.29,,,μL/L,μL/L,低能放电,低能放电
alan456/data.xlsx,410,32.88,2.59,24.76,191,,,μL/L,μL/L,低能放电,低能放电
alan456/data.xlsx,330.2,28.3,2.55,25.98,203.87,,,μL/L,μL/L,低能放电,低能放电
alan456/data.xlsx,584.67,104.44,9.04,193,530.89,,,μL/L,μL/L,低能放电,低能放电
alan456/data.xlsx,61.5,24.6,1.33,5.6,20.5,,,μL/L,μL/L,低能放电,低能放电
alan456/data.xlsx,540,119,27.1,39,201.5,,,μL/L,μL/L,低能放电,低能放电
alan456/data.xlsx,49.1,12.2,3.9,0.3,4.8,,,μL/L,μL/L,低能放电,低能放电
alan456/data.xlsx,22.5,8.5,7.3,1.2,8.4,,,μL/L,μL/L,低能放电,低能放电
alan456/data.xlsx,59,28,9,70,15,,,μL/L,μL/L,高能放电,高能放电
alan456/data.xlsx,673.6,423.5,77.5,988.9,344.4,,,μL/L,μL/L,高能放电,高能放电
alan456/data.xlsx,1678,652.9,80.7,1005.9,419.1,,,μL/L,μL/L,高能放电,高能放电
alan456/data.xlsx,40.9,11.9,4.5,69.3,29,,,μL/L,μL/L,高能放电,高能放电
alan456/data.xlsx,23.7,13.6,2.8,11.1,25.8,,,μL/L,μL/L,高能放电,高能放电
alan456/data.xlsx,56,25,6,85,10,,,μL/L,μL/L,高能放电,高能放电
alan456/data.xlsx,143,92,12,133,79,,,μL/L,μL/L,高能放电,高能放电
alan456/data.xlsx,6725.8,1492.5,5643,3070.5,4877,,,μL/L,μL/L,高能放电,高能放电
alan456/data.xlsx,279,41,9.7,42,34,,,μL/L,μL/L,高能放电,高能放电
alan456/data.xlsx,162,109,11.1,201,183,,,μL/L,μL/L,高能放电,高能放电
alan456/data.xlsx,32.6,15.47,4.97,38.67,8.29,,,μL/L,μL/L,高能放电,高能放电
alan456/data.xlsx,35.88,9.3,1.59,15.4,17.66,,,μL/L,μL/L,高能放电,高能放电
alan456/data.xlsx,56.82,9.86,2.16,11.59,17.97,,,μL/L,μL/L,高能放电,高能放电
alan456/data.xlsx,940,440,3,530,460,,,μL/L,μL/L,高能放电,高能放电
alan456/data.xlsx,980,570,37,480,54,,,μL/L,μL/L,高能放电,高能放电
alan456/data.xlsx,420,200,14,230,180,,,μL/L,μL/L,高能放电,高能放电
alan456/data.xlsx,328,73,3,73,65,,,μL/L,μL/L,高能放电,高能放电
alan456/data.xlsx,60,40,10,110,70,,,μL/L,μL/L,高能放电,高能放电
alan456/data.xlsx,57,13,0.1,11,12,,,μL/L,μL/L,高能放电,高能放电
alan456/data.xlsx,71,16,3.3,62,10,,,μL/L,μL/L,高能放电,高能放电
alan456/data.xlsx,44.09,13.64,2.42,20.08,2021,,,μL/L,μL/L,高能放电,高能放电
alan456/data.xlsx,150,27,5.6,65,90,,,μL/L,μL/L,高能放电,高能放电
alan456/data.xlsx,59,28,9,70,15,,,μL/L,μL/L,高能放电,高能放电
alan456/data.xlsx,335,67,18,143,170,,,μL/L,μL/L,高能放电,高能放电
alan456/data.xlsx,250,63,3.8,66,120,,,μL/L,μL/L,高能放电,高能放电
alan456/data.xlsx,293,50,13,115,120,,,μL/L,μL/L,高能放电,高能放电
alan456/data.xlsx,443,85,9.5,103,174,,,μL/L,μL/L,高能放电,高能放电
alan456/data.xlsx,379.15,18.1,3.93,25.44,33.13,,,μL/L,μL/L,高能放电,高能放电
alan456/data.xlsx,20,3.9,0.6,4.4,6.3,,,μL/L,μL/L,高能放电,高能放电
alan456/data.xlsx,138.7,50.8,7.7,552,96,,,μL/L,μL/L,高能放电,高能放电
alan456/data.xlsx,248.47,22.84,11.52,63.54,32.17,,,μL/L,μL/L,高能放电,高能放电
alan456/data.xlsx,39.184,24.49,18.367,11.429,6.5306,,,μL/L,μL/L,正常,正常
alan456/data.xlsx,46.809,36.879,8.5106,7.5177,0.2837,,,μL/L,μL/L,正常,正常
alan456/data.xlsx,42.017,33.613,14.846,8.9636,0.5602,,,μL/L,μL/L,正常,正常
alan456/data.xlsx,46.132,11.572,33.145,8.522,0.6289,,,μL/L,μL/L,正常,正常
alan456/data.xlsx,93.5,36.7,111.2,69.4,1.1,,,μL/L,μL/L,正常,正常
alan456/data.xlsx,112,93.3,132,123.6,0.5,,,μL/L,μL/L,正常,正常
alan456/data.xlsx,14.2,4.4,13.96,2.48,0.17,,,μL/L,μL/L,正常,正常
alan456/data.xlsx,80.6,8.9,5.3,4.7,0.3,,,μL/L,μL/L,正常,正常
alan456/data.xlsx,15,12,5.3,3.2,0.2,,,μL/L,μL/L,正常,正常
alan456/data.xlsx,34.1,14,2.5,1.1,0,,,μL/L,μL/L,正常,正常
alan456/data.xlsx,10.4,7.7,1.6,0.8,0,,,μL/L,μL/L,正常,正常
alan456/data.xlsx,15.6,2.9,5,41.4,3.9,,,μL/L,μL/L,正常,正常
alan456/data.xlsx,33.663,2.9703,33.168,27.723,2.4752,,,μL/L,μL/L,正常,正常
alan456/data.xlsx,5.07,26.26,3.17,2.77,0.21,,,μL/L,μL/L,低温过热,低温过热
alan456/data.xlsx,59.26,120.18,185.6,36.84,0.05,,,μL/L,μL/L,低温过热,低温过热
alan456/data.xlsx,137,251,32,14,0,,,μL/L,μL/L,低温过热,低温过热
alan456/data.xlsx,61.88,88.76,83.81,76.14,0.14,,,μL/L,μL/L,低温过热,低温过热
alan456/data.xlsx,181.7,262.5,41.6,28.6,1,,,μL/L,μL/L,低温过热,低温过热
alan456/data.xlsx,181,262,41,28,0,,,μL/L,μL/L,低温过热,低温过热
alan456/data.xlsx,86,110,118,92,7.4,,,μL/L,μL/L,低温过热,低温过热
alan456/data.xlsx,11.03,22.51,111.3,7.967,3.314,,,μL/L,μL/L,低温过热,低温过热
alan456/data.xlsx,20,207,2.5,2.4,0.4,,,μL/L,μL/L,低温过热,低温过热
alan456/data.xlsx,87.2,91.3,72.3,120.1,1,,,μL/L,μL/L,低温过热,低温过热
alan456/data.xlsx,72,2442,221,461,0.7,,,μL/L,μL/L,中温过热,中温过热
alan456/data.xlsx,139,714,351,634,0,,,μL/L,μL/L,中温过热,中温过热
alan456/data.xlsx,19,136,55,164,0.29,,,μL/L,μL/L,中温过热,中温过热
alan456/data.xlsx,23.6,170.6,180.4,450.9,0,,,μL/L,μL/L,中温过热,中温过热
alan456/data.xlsx,18.4,29.1,9.7,26.9,0.4,,,μL/L,μL/L,中温过热,中温过热
alan456/data.xlsx,22.7,150.3,160.8,400.8,0,,,μL/L,μL/L,中温过热,中温过热
alan456/data.xlsx,972,3411,1436,1639,0,,,μL/L,μL/L,中温过热,中温过热
alan456/data.xlsx,194.8,917.7,565.89,1460.9,0,,,μL/L,μL/L,中温过热,中温过热
alan456/data.xlsx,139,345,184,533,0,,,μL/L,μL/L,中温过热,中温过热
alan456/data.xlsx,70.2,246.6,171.5,371,0,,,μL/L,μL/L,中温过热,中温过热
alan456/data.xlsx,211,769.2,465,1210.4,0,,,μL/L,μL/L,中温过热,中温过热
alan456/data.xlsx,13.6,46.5,45,116.1,0,,,μL/L,μL/L,中温过热,中温过热
alan456/data.xlsx,118,434,228,638,0,,,μL/L,μL/L,中温过热,中温过热
alan456/data.xlsx,159.8,438.9,3112.4,644.6,0.38,,,μL/L,μL/L,中温过热,中温过热
alan456/data.xlsx,300,490,180,360,95,,,μL/L,μL/L,中温过热,中温过热
alan456/data.xlsx,230,5723,243,768.9,0.51,,,μL/L,μL/L,中温过热,中温过热
alan456/data.xlsx,3.76,26.88,7.22,61.8,0.31,,,μL/L,μL/L,高温过热,高温过热
alan456/data.xlsx,16,237,92,470,0,,,μL/L,μL/L,高温过热,高温过热
alan456/data.xlsx,171.19,628.34,354.87,1619.9,46.26,,,μL/L,μL/L,高温过热,高温过热
alan456/data.xlsx,27.4,63.2,32.7,137.8,0.52,,,μL/L,μL/L,高温过热,高温过热
alan456/data.xlsx,157.2,718.13,727.56,2434.3,153.36,,,μL/L,μL/L,高温过热,高温过热
alan456/data.xlsx,73.38,157.49,35.68,244.65,0,,,μL/L,μL/L,高温过热,高温过热
alan456/data.xlsx,58.54,116.04,34.12,175.74,0.72,,,μL/L,μL/L,高温过热,高温过热
alan456/data.xlsx,159,212.4,82.4,260,0.35,,,μL/L,μL/L,高温过热,高温过热
alan456/data.xlsx,14.42,44.83,3.26,72.63,0,,,μL/L,μL/L,高温过热,高温过热
alan456/data.xlsx,152,247.3,101.2,3132,0.35,,,μL/L,μL/L,高温过热,高温过热
alan456/data.xlsx,100,106.3,19.3,216.6,14.2,,,μL/L,μL/L,高温过热,高温过热
alan456/data.xlsx,807.55,955.76,518.53,2286.7,65.86,,,μL/L,μL/L,高温过热,高温过热
alan456/data.xlsx,32.61,294.63,141.74,910.82,10.39,,,μL/L,μL/L,高温过热,高温过热
alan456/data.xlsx,28.34,71.41,4.78,131,0,,,μL/L,μL/L,高温过热,高温过热
alan456/data.xlsx,1400,7500,5120,19370,124,,,μL/L,μL/L,高温过热,高温过热
alan456/data.xlsx,115,332,104,604,2.85,,,μL/L,μL/L,高温过热,高温过热
alan456/data.xlsx,40,112.9,54,185.3,0.3,,,μL/L,μL/L,高温过热,高温过热
alan456/data.xlsx,41,58.2,25.9,129.8,1,,,μL/L,μL/L,高温过热,高温过热
alan456/data.xlsx,94.3,94.7,36.2,163.2,0,,,μL/L,μL/L,高温过热,高温过热
alan456/data.xlsx,8.5,14.1,31.7,175.9,0,,,μL/L,μL/L,高温过热,高温过热
alan456/data.xlsx,143,305,721,78,2,,,μL/L,μL/L,高温过热,高温过热
alan456/data.xlsx,30,25.5,31.5,93,1.81,,,μL/L,μL/L,高温过热,高温过热
alan456/data.xlsx,740,1856,78.2,3528,706,,,μL/L,μL/L,高温过热,高温过热
alan456/data.xlsx,26.5,298,0,69.3,8.6,,,μL/L,μL/L,高温过热,高温过热
alan456/data.xlsx,2073,85.6,17.4,2.6,0,,,μL/L,μL/L,局部放电,局部放电
alan456/data.xlsx,568,26.5,6.9,2.1,0,,,μL/L,μL/L,局部放电,局部放电
alan456/data.xlsx,3433,180,34.3,3.4,0.3,,,μL/L,μL/L,局部放电,局部放电
alan456/data.xlsx,150,11.6,50.6,29,1.1,,,μL/L,μL/L,局部放电,局部放电
alan456/data.xlsx,1308,125,112,6,0,,,μL/L,μL/L,局部放电,局部放电
alan456/data.xlsx,177.21,13.83,6.6,2.36,0,,,μL/L,μL/L,局部放电,局部放电
alan456/data.xlsx,538.3,12.6,8.67,14.07,0.33,,,μL/L,μL/L,局部放电,局部放电
alan456/data.xlsx,3433,180,34.4,3.6,0.4,,,μL/L,μL/L,局部放电,局部放电
alan456/data.xlsx,181,0.6,0.2,0.2,0,,,μL/L,μL/L,局部放电,局部放电
alan456/data.xlsx,189.93,8.74,1.25,0.04,0.04,,,μL/L,μL/L,局部放电,局部放电
alan456/data.xlsx,242,6,1,4,0,,,μL/L,μL/L,局部放电,局部放电
alan456/data.xlsx,8300,1590.1,90.4,110,370.1,,,μL/L,μL/L,低能放电,低能放电
alan456/data.xlsx,14.2,4,1.4,1.5,9.51,,,μL/L,μL/L,低能放电,低能放电
alan456/data.xlsx,3.09,0.55,2.96,4.56,42.75,,,μL/L,μL/L,低能放电,低能放电
alan456/data.xlsx,31,6.6,19,4.7,67,,,μL/L,μL/L,低能放电,低能放电
alan456/data.xlsx,3.3,1.1,3.1,0.9,3.3,,,μL/L,μL/L,低能放电,低能放电
alan456/data.xlsx,361,29,2.74,25.67,197.2,,,μL/L,μL/L,低能放电,低能放电
alan456/data.xlsx,30.1,17.1,2.2,5.5,5.2,,,μL/L,μL/L,低能放电,低能放电
alan456/data.xlsx,54,7,7.4,8.6,5.4,,,μL/L,μL/L,低能放电,低能放电
alan456/data.xlsx,49.9,23.6,2.8,6.2,10.2,,,μL/L,μL/L,低能放电,低能放电
alan456/data.xlsx,43.6,20.1,32,7.2,10.9,,,μL/L,μL/L,低能放电,低能放电
alan456/data.xlsx,388.61,25.39,9.98,43.92,41.55,,,μL/L,μL/L,高能放电,高能放电
alan456/data.xlsx,647.9,189.9,5.9,164.2,201.4,,,μL/L,μL/L,高能放电,高能放电
alan456/data.xlsx,512,87,11.5,163.9,185.21,,,μL/L,μL/L,高能放电,高能放电
alan456/data.xlsx,698,457,107.1,860,988.6,,,μL/L,μL/L,高能放电,高能放电
alan456/data.xlsx,23,5.9,1,11,3.62,,,μL/L,μL/L,高能放电,高能放电
alan456/data.xlsx,207.1,107.16,1939,136.59,159.65,,,μL/L,μL/L,高能放电,高能放电
alan456/data.xlsx,1350.3,602.76,46.1,705.61,896.69,,,μL/L,μL/L,高能放电,高能放电
alan456/data.xlsx,531,111.9,22.7,122.5,169,,,μL/L,μL/L,高能放电,高能放电
alan456/data.xlsx,447.6,196,33.3,188.6,22.65,,,μL/L,μL/L,高能放电,高能放电
alan456/data.xlsx,344.1,213,18.6,199.9,257.6,,,μL/L,μL/L,高能放电,高能放电
alan456/data.xlsx,3312,38,6.5,42,54,,,μL/L,μL/L,高能放电,高能放电
alan456/data.xlsx,642.9,195.5,17.9,172.9,197.4,,,μL/L,μL/L,高能放电,高能放电
alan456/data.xlsx,6785,1149,251,2525,3574.4,,,μL/L,μL/L,高能放电,高能放电
alan456/data.xlsx,602.6,186,13.7,190.5,260.7,,,μL/L,μL/L,高能放电,高能放电
alan456/data.xlsx,256.61,82.87,6.41,82.65,167.5,,,μL/L,μL/L,高能放电,高能放电
alan456/data.xlsx,176,40,11,71,79,,,μL/L,μL/L,高能放电,高能放电
alan456/data.xlsx,2307,6233,26.87,339.32,550,,,μL/L,μL/L,高能放电,高能放电
alan456/data.xlsx,499.58,26.61,14.5,619.2,2415.6,,,μL/L,μL/L,高能放电,高能放电
alan456/data.xlsx,410,120,18,71,250,,,μL/L,μL/L,高能放电,高能放电
alan456/data.xlsx,46.63,6.22,1.55,7.25,27.98,,,μL/L,μL/L,高能放电,高能放电
alan456/data.xlsx,31,6.6,19,4.7,67,,,μL/L,μL/L,高能放电,高能放电
alan456/data.xlsx,7.6,96.3,26.7,4.7,135,,,μL/L,μL/L,高能放电,高能放电
alan456/data.xlsx,46.1,21.5,61.5,15.8,1.2,,,μL/L,μL/L,正常,正常
alan456/data.xlsx,14.67,3.68,10.54,2.71,0.2,,,μL/L,μL/L,正常,正常
alan456/data.xlsx,31,23,10.6,7.1,0.4,,,μL/L,μL/L,正常,正常
alan456/data.xlsx,33,26,6,5.3,0.2,,,μL/L,μL/L,正常,正常
alan456/data.xlsx,14.5,3.8,10.5,2.8,0.2,,,μL/L,μL/L,正常,正常
alan456/data.xlsx,0.33,0.26,0.04,0.27,0,,,μL/L,μL/L,正常,正常
alan456/data.xlsx,100,200,200,200,20,,,μL/L,μL/L,正常,正常
alan456/data.xlsx,0,225,225,110,3,,,μL/L,μL/L,正常,正常
alan456/data.xlsx,105,125,71,166,10,,,μL/L,μL/L,正常,正常
alan456/data.xlsx,100,50,65,50,15,,,μL/L,μL/L,正常,正常
alan456/data.xlsx,100,70,70,170,10,,,μL/L,μL/L,正常,正常
alan456/data.xlsx,0,224,224,112,5,,,μL/L,μL/L,正常,正常
alan456/data.xlsx,200,50,50,200,3,,,μL/L,μL/L,正常,正常
alan456/data.xlsx,85,0,80,35,70,,,μL/L,μL/L,正常,正常
alan456/data.xlsx,33.6,3.04,33.17,28.5,2.47,,,μL/L,μL/L,正常,正常
alan456/data.xlsx,41.9,33.61,14.3,8.94,0.6,,,μL/L,μL/L,正常,正常
alan456/data.xlsx,98,155,54,300,1.5,,,μL/L,μL/L,高温过热,高温过热
alan456/data.xlsx,8800,64064,72128,95650,0,,,μL/L,μL/L,高温过热,高温过热
alan456/data.xlsx,6709,10500,1400,17700,750,,,μL/L,μL/L,高温过热,高温过热
alan456/data.xlsx,1100,1600,221,2010,26,,,μL/L,μL/L,高温过热,高温过热
alan456/data.xlsx,290,966,299,1810,57,,,μL/L,μL/L,高温过热,高温过热
alan456/data.xlsx,2500,10500,4790,13500,6,,,μL/L,μL/L,高温过热,高温过热
alan456/data.xlsx,860,1670,30,2050,40,,,μL/L,μL/L,高温过热,高温过热
alan456/data.xlsx,150,22,9,60,11,,,μL/L,μL/L,高温过热,高温过热
alan456/data.xlsx,400,940,210,820,24,,,μL/L,μL/L,高温过热,高温过热
alan456/data.xlsx,6,2990,29990,26076,67,,,μL/L,μL/L,高温过热,高温过热
alan456/data.xlsx,100,200,110,670,11,,,μL/L,μL/L,高温过热,高温过热
alan456/data.xlsx,290,1260,231,820,8,,,μL/L,μL/L,高温过热,高温过热
alan456/data.xlsx,1550,2740,816,5450,184,,,μL/L,μL/L,高温过热,高温过热
alan456/data.xlsx,3910,4290,626,6040,1230,,,μL/L,μL/L,高温过热,高温过热
alan456/data.xlsx,12705,23498,6047,34257,5188,,,μL/L,μL/L,高温过热,高温过热
alan456/data.xlsx,78,20,11,13,28,,,μL/L,μL/L,低能放电,低能放电
alan456/data.xlsx,305,100,33,161,541,,,μL/L,μL/L,低能放电,低能放电
alan456/data.xlsx,35,6,3,26,482,,,μL/L,μL/L,低能放电,低能放电
alan456/data.xlsx,543,120,41,411,1880,,,μL/L,μL/L,低能放电,低能放电
alan456/data.xlsx,1230,163,27,233,692,,,μL/L,μL/L,低能放电,低能放电
alan456/data.xlsx,60,10,4,4,4,,,μL/L,μL/L,低能放电,低能放电
alan456/data.xlsx,95,10,0,11,39,,,μL/L,μL/L,低能放电,低能放电
alan456/data.xlsx,650,81,170,51,270,,,μL/L,μL/L,低能放电,低能放电
alan456/data.xlsx,210,22,6,6,7,,,μL/L,μL/L,低能放电,低能放电
alan456/data.xlsx,385,60,8,53,159,,,μL/L,μL/L,低能放电,低能放电
alan456/data.xlsx,4230,690,5,196,1180,,,μL/L,μL/L,低能放电,低能放电
alan456/data.xlsx,7600,1230,318,836,1560,,,μL/L,μL/L,低能放电,低能放电
alan456/data.xlsx,595,80,9,89,244,,,μL/L,μL/L,低能放电,低能放电
alan456/data.xlsx,120,25,1,8,40,,,μL/L,μL/L,低能放电,低能放电
alan456/data.xlsx,8,0,0,43,101,,,μL/L,μL/L,低能放电,低能放电
alan456/data.xlsx,6454,2313,121,2159,6432,,,μL/L,μL/L,低能放电,低能放电
alan456/data.xlsx,2177,1049,207,440,705,,,μL/L,μL/L,低能放电,低能放电
alan456/data.xlsx,1790,580,321,336,619,,,μL/L,μL/L,低能放电,低能放电
alan456/data.xlsx,4,1,2,7,52,,,μL/L,μL/L,低能放电,低能放电
alan456/data.xlsx,1900,285,31,957,7730,,,μL/L,μL/L,低能放电,低能放电
alan456/data.xlsx,141,131,13,139,19,,,μL/L,μL/L,低能放电,低能放电
alan456/data.xlsx,673.6,423.5,77.5,988.9,344.4,,,μL/L,μL/L,高能放电,高能放电
alan456/data.xlsx,1678,652.9,80.7,1005.9,419.1,,,μL/L,μL/L,高能放电,高能放电
alan456/data.xlsx,440,89,19,304,757,,,μL/L,μL/L,高能放电,高能放电
alan456/data.xlsx,210,43,12,102,187,,,μL/L,μL/L,高能放电,高能放电
alan456/data.xlsx,2850,1115,138,1987,3675,,,μL/L,μL/L,高能放电,高能放电
alan456/data.xlsx,7020,1850,0,2960,4410,,,μL/L,μL/L,高能放电,高能放电
alan456/data.xlsx,545,130,16,153,239,,,μL/L,μL/L,高能放电,高能放电
alan456/data.xlsx,7150,1440,97,1210,1760,,,μL/L,μL/L,高能放电,高能放电
alan456/data.xlsx,620,325,38,181,244,,,μL/L,μL/L,高能放电,高能放电
alan456/data.xlsx,120,31,0,66,94,,,μL/L,μL/L,高能放电,高能放电
alan456/data.xlsx,755,229,32,404,460,,,μL/L,μL/L,高能放电,高能放电
alan456/data.xlsx,5100,1430,0,1140,1010,,,μL/L,μL/L,高能放电,高能放电
alan456/data.xlsx,13500,6110,212,4510,4040,,,μL/L,μL/L,高能放电,高能放电
alan456/data.xlsx,1570,1110,175,1780,1830,,,μL/L,μL/L,高能放电,高能放电
alan456/data.xlsx,3090,5020,323,3800,2540,,,μL/L,μL/L,高能放电,高能放电
alan456/data.xlsx,32930,2397,157,0,0,,,μL/L,μL/L,局部放电,局部放电
alan456/data.xlsx,92600,10200,0,0,0,,,μL/L,μL/L,局部放电,局部放电
alan456/data.xlsx,8266,1061,22,0,0,,,μL/L,μL/L,局部放电,局部放电
alan456/data.xlsx,9340,995,60,6,7,,,μL/L,μL/L,局部放电,局部放电
alan456/data.xlsx,36036,4704,554,5,10,,,μL/L,μL/L,局部放电,局部放电
alan456/data.xlsx,33046,619,58,2,0,,,μL/L,μL/L,局部放电,局部放电
alan456/data.xlsx,40280,1069,1060,1,1,,,μL/L,μL/L,局部放电,局部放电
alan456/data.xlsx,26788,18342,2111,27,0,,,μL/L,μL/L,局部放电,局部放电
alan456/data.xlsx,8266,1061,22,0.1,0.1,,,μL/L,μL/L,局部放电,局部放电
alan456/data.xlsx,3.6,7.3,2.8,1,0.4,,,μL/L,μL/L,正常,正常
alan456/data.xlsx,15.1,5.7,1.1,1.8,0,,,μL/L,μL/L,正常,正常
alan456/data.xlsx,29.2,12,2.8,4,0,,,μL/L,μL/L,正常,正常
alan456/data.xlsx,10,12.9,5.7,2,1,,,μL/L,μL/L,正常,正常
alan456/data.xlsx,5.3,19.8,4.3,5,0,,,μL/L,μL/L,正常,正常
alan456/data.xlsx,26,18.5,9.8,6.9,0,,,μL/L,μL/L,正常,正常
alan456/data.xlsx,35.4,39.6,6.8,71.5,1.5,,,μL/L,μL/L,低温过热,低温过热
alan456/data.xlsx,49.7,106.4,42.9,26.5,0,,,μL/L,μL/L,低温过热,低温过热
alan456/data.xlsx,46.3,160.2,17.7,102.3,0,,,μL/L,μL/L,低温过热,低温过热
alan456/data.xlsx,11,57.2,44,308,2.4,,,μL/L,μL/L,高温过热,高温过热
alan456/data.xlsx,29.7,101.4,22.1,242.3,1,,,μL/L,μL/L,高温过热,高温过热
alan456/data.xlsx,30.8,160.3,124.3,479.6,0,,,μL/L,μL/L,高温过热,高温过热
alan456/data.xlsx,43.7,137.5,123.2,418,0,,,μL/L,μL/L,高温过热,高温过热
alan456/data.xlsx,49.5,63.8,70.4,310.2,3.4,,,μL/L,μL/L,高温过热,高温过热
alan456/data.xlsx,59.3,9.1,1.2,6.6,7.8,,,μL/L,μL/L,局部放电,局部放电
alan456/data.xlsx,90.2,98.2,13.2,30.8,8.8,,,μL/L,μL/L,局部放电,局部放电
alan456/data.xlsx,104,520,167.7,1247.9,2.5,,,μL/L,μL/L,高温过热,高温过热
alan456/data.xlsx,126.6,134.6,60.1,308.2,0.1,,,μL/L,μL/L,高温过热,高温过热
alan456/data.xlsx,36.4,189.3,147,567.1,0,,,μL/L,μL/L,高温过热,高温过热
alan456/data.xlsx,77.1,11.8,1.6,8.6,10.1,,,μL/L,μL/L,局部放电,局部放电
alan456/data.xlsx,46,7.9,2,18.1,18.9,,,μL/L,μL/L,局部放电,局部放电
alan456/data.xlsx,58.5,19.5,1.3,11.7,10.4,,,μL/L,μL/L,局部放电,局部放电
alan456/data.xlsx,426.4,95,12.1,90.6,80.6,,,μL/L,μL/L,高能放电,高能放电
alan456/data.xlsx,157.2,58.5,2,33.9,81.1,,,μL/L,μL/L,高能放电,高能放电
alan456/data.xlsx,585,62.7,15.2,63.8,33.8,,,μL/L,μL/L,高能放电,高能放电
alan456/data.xlsx,195,49.4,5.2,26.3,38.1,,,μL/L,μL/L,高能放电,高能放电
alan456/data.xlsx,181.7,262.5,41.6,28.6,1,,,μL/L,μL/L,低温过热,低温过热
alan456/data.xlsx,95,110,160,50,0,,,μL/L,μL/L,低温过热,低温过热
alan456/data.xlsx,18.6,110.2,162.3,50.7,0.7,,,μL/L,μL/L,低温过热,低温过热
alan456/data.xlsx,16,38.4,70,28,0,,,μL/L,μL/L,低温过热,低温过热
alan456/data.xlsx,101,169,595,34,0,,,μL/L,μL/L,低温过热,低温过热
alan456/data.xlsx,102,168,597,35,0,,,μL/L,μL/L,低温过热,低温过热
alan456/data.xlsx,20.88,212.29,324.05,73.06,0.92,,,μL/L,μL/L,低温过热,低温过热
alan456/data.xlsx,72.22,159.01,235.33,32.95,0,,,μL/L,μL/L,低温过热,低温过热
alan456/data.xlsx,64.38,77.53,20.6,11.56,0,,,μL/L,μL/L,低温过热,低温过热
alan456/data.xlsx,20,207,2.5,2.4,0.4,,,μL/L,μL/L,低温过热,低温过热
alan456/data.xlsx,82.4,1548.2,403.8,320.9,0,,,μL/L,μL/L,低温过热,低温过热
alan456/data.xlsx,73.38,157.49,244.65,35.68,0,,,μL/L,μL/L,低温过热,低温过热
alan456/data.xlsx,70.84,148.56,238.36,35.24,0,,,μL/L,μL/L,低温过热,低温过热
alan456/data.xlsx,19.19,187.55,329.49,74.43,1,,,μL/L,μL/L,低温过热,低温过热
alan456/data.xlsx,58.54,116.04,175.74,34.12,0.72,,,μL/L,μL/L,低温过热,低温过热
alan456/data.xlsx,207,416,347,134.5,20,,,μL/L,μL/L,低温过热,低温过热
alan456/data.xlsx,46.9,161.6,94.1,193.3,0.56,,,μL/L,μL/L,中温过热,中温过热
alan456/data.xlsx,72,442,221,461,0.7,,,μL/L,μL/L,中温过热,中温过热
alan456/data.xlsx,128,419,269.4,614.1,0.35,,,μL/L,μL/L,中温过热,中温过热
alan456/data.xlsx,0,31.33,17.59,51.08,0,,,μL/L,μL/L,中温过热,中温过热
alan456/data.xlsx,15.3,26.2,21,52.8,0,,,μL/L,μL/L,中温过热,中温过热
alan456/data.xlsx,58,290,149,373,0,,,μL/L,μL/L,中温过热,中温过热
alan456/data.xlsx,13.1,44.7,91.5,213.3,4.2,,,μL/L,μL/L,中温过热,中温过热
alan456/data.xlsx,679,4992,1823,3671,0,,,μL/L,μL/L,中温过热,中温过热
alan456/data.xlsx,24,27.8,24.4,30,0,,,μL/L,μL/L,中温过热,中温过热
alan456/data.xlsx,33.9,36.5,31.5,39.3,0,,,μL/L,μL/L,中温过热,中温过热
alan456/data.xlsx,230,572.4,343,768.9,0.51,,,μL/L,μL/L,中温过热,中温过热
alan456/data.xlsx,215.6,255.1,160.2,350.4,0,,,μL/L,μL/L,中温过热,中温过热
alan456/data.xlsx,0,37,63,58,93,,,μL/L,μL/L,中温过热,中温过热
alan456/data.xlsx,78,70.1,294.8,635.8,12.2,,,μL/L,μL/L,中温过热,中温过热
alan456/data.xlsx,139,714,351,634,0,,,μL/L,μL/L,中温过热,中温过热
alan456/data.xlsx,40,112.9,54,185.3,0.3,,,μL/L,μL/L,中温过热,中温过热
alan456/data.xlsx,19,136,55,164,0.29,,,μL/L,μL/L,中温过热,中温过热
alan456/data.xlsx,23.6,170.6,180.4,450.9,0,,,μL/L,μL/L,中温过热,中温过热
alan456/data.xlsx,22.7,150.3,160.8,400.8,0,,,μL/L,μL/L,中温过热,中温过热
alan456/data.xlsx,972,3411,1436,1639,0,,,μL/L,μL/L,中温过热,中温过热
alan456/data.xlsx,139,345,184,533,0,,,μL/L,μL/L,中温过热,中温过热
alan456/data.xlsx,70.2,246.6,171.5,371,0,,,μL/L,μL/L,中温过热,中温过热
alan456/data.xlsx,118,434,228,638,0,,,μL/L,μL/L,中温过热,中温过热
alan456/data.xlsx,159.8,438.9,3112.4,644.6,0.38,,,μL/L,μL/L,中温过热,中温过热
alan456/data.xlsx,164,244,103,497,8.3,,,μL/L,μL/L,高温过热,高温过热
alan456/data.xlsx,172.6,306.6,75.8,367.4,1.9,,,μL/L,μL/L,高温过热,高温过热
alan456/data.xlsx,274,376,55,1002,17,,,μL/L,μL/L,高温过热,高温过热
alan456/data.xlsx,109,431,116,446,0.64,,,μL/L,μL/L,高温过热,高温过热
alan456/data.xlsx,172.9,334.1,172.9,812.5,37.7,,,μL/L,μL/L,高温过热,高温过热
alan456/data.xlsx,25.1,411.91,320.9,1832.8,18.4,,,μL/L,μL/L,高温过热,高温过热
alan456/data.xlsx,56,286,96,928,7,,,μL/L,μL/L,高温过热,高温过热
alan456/data.xlsx,336,419,105,1074,21,,,μL/L,μL/L,高温过热,高温过热
alan456/data.xlsx,11.3,24.6,12.7,59.9,2.8,,,μL/L,μL/L,高温过热,高温过热
alan456/data.xlsx,10.86,35.9,17.58,92.53,0,,,μL/L,μL/L,高温过热,高温过热
alan456/data.xlsx,73,520,140,1200,6,,,μL/L,μL/L,高温过热,高温过热
alan456/data.xlsx,86,110,18,92,7.4,,,μL/L,μL/L,高温过热,高温过热
alan456/data.xlsx,220,340,42,480,14,,,μL/L,μL/L,高温过热,高温过热
alan456/data.xlsx,170,320,53,520,3.2,,,μL/L,μL/L,高温过热,高温过热
alan456/data.xlsx,116,258,94,466,5,,,μL/L,μL/L,高温过热,高温过热
alan456/data.xlsx,98,252,95,645,23,,,μL/L,μL/L,高温过热,高温过热
alan456/data.xlsx,27.4,63.2,32.7,137.8,0.52,,,μL/L,μL/L,高温过热,高温过热
alan456/data.xlsx,2.02,16.82,3.9,77.25,0,,,μL/L,μL/L,高温过热,高温过热
alan456/data.xlsx,17.31,21.73,5.83,52.3,2.83,,,μL/L,μL/L,高温过热,高温过热
alan456/data.xlsx,64,250,145,846,3.2,,,μL/L,μL/L,高温过热,高温过热
alan456/data.xlsx,12.51,31.68,8.91,45.18,0.27,,,μL/L,μL/L,高温过热,高温过热
alan456/data.xlsx,15.64,35.35,9.74,38.48,0.12,,,μL/L,μL/L,高温过热,高温过热
alan456/data.xlsx,13,33.5,9.2,36.7,0.12,,,μL/L,μL/L,高温过热,高温过热
alan456/data.xlsx,2.17,45.59,7.97,43.9,0.04,,,μL/L,μL/L,高温过热,高温过热
alan456/data.xlsx,2.7,41.03,7.82,48.36,0,,,μL/L,μL/L,高温过热,高温过热
alan456/data.xlsx,14.08,30.14,7.32,39.15,0,,,μL/L,μL/L,高温过热,高温过热
alan456/data.xlsx,14.23,32.05,8.16,42.62,0.07,,,μL/L,μL/L,高温过热,高温过热
alan456/data.xlsx,18,23.7,27.1,164,6.5,,,μL/L,μL/L,高温过热,高温过热
alan456/data.xlsx,190,920,410,3180,15,,,μL/L,μL/L,高温过热,高温过热
alan456/data.xlsx,160,223,45,495,11,,,μL/L,μL/L,高温过热,高温过热
alan456/data.xlsx,130,270,67,500,3,,,μL/L,μL/L,高温过热,高温过热
alan456/data.xlsx,73,520,140,1230,7,,,μL/L,μL/L,高温过热,高温过热
alan456/data.xlsx,135,466,70,502,9,,,μL/L,μL/L,高温过热,高温过热
alan456/data.xlsx,610,1200,300,1800,6,,,μL/L,μL/L,高温过热,高温过热
alan456/data.xlsx,147,766,506,2078,3.1,,,μL/L,μL/L,高温过热,高温过热
alan456/data.xlsx,26,88.3,46,196,0,,,μL/L,μL/L,高温过热,高温过热
alan456/data.xlsx,5.49,35.9,28.1,156,0,,,μL/L,μL/L,高温过热,高温过热
alan456/data.xlsx,12,23,9,98,0,,,μL/L,μL/L,高温过热,高温过热
alan456/data.xlsx,14,29,18,174,0,,,μL/L,μL/L,高温过热,高温过热
alan456/data.xlsx,117,357,92,486,4,,,μL/L,μL/L,高温过热,高温过热
alan456/data.xlsx,18.95,46.97,6.94,61.54,0,,,μL/L,μL/L,高温过热,高温过热
alan456/data.xlsx,305,904,52,411,0,,,μL/L,μL/L,高温过热,高温过热
alan456/data.xlsx,16,26.1,7.1,24.4,0.1,,,μL/L,μL/L,高温过热,高温过热
alan456/data.xlsx,32,41.6,10.1,120.5,2.61,,,μL/L,μL/L,高温过热,高温过热
alan456/data.xlsx,34,48.5,12.9,141,3.31,,,μL/L,μL/L,高温过热,高温过热
alan456/data.xlsx,11,102.4,57.9,277.6,0,,,μL/L,μL/L,高温过热,高温过热
alan456/data.xlsx,24,137,62,329.5,0,,,μL/L,μL/L,高温过热,高温过热
alan456/data.xlsx,43,50.9,11.6,127.9,2.9,,,μL/L,μL/L,高温过热,高温过热
alan456/data.xlsx,3.76,26.88,7.22,61.8,0.31,,,μL/L,μL/L,高温过热,高温过热
alan456/data.xlsx,16,237,92,470,0,,,μL/L,μL/L,高温过热,高温过热
alan456/data.xlsx,171.19,628.34,354.87,1619.9,46.26,,,μL/L,μL/L,高温过热,高温过热
alan456/data.xlsx,27.4,63.2,32.7,137.8,0.52,,,μL/L,μL/L,高温过热,高温过热
alan456/data.xlsx,73.38,157.49,35.68,244.65,0,,,μL/L,μL/L,高温过热,高温过热
alan456/data.xlsx,58.54,116.04,34.12,175.74,0.72,,,μL/L,μL/L,高温过热,高温过热
alan456/data.xlsx,159,212.4,82.4,260,0.35,,,μL/L,μL/L,高温过热,高温过热
alan456/data.xlsx,14.42,44.83,3.26,72.63,0,,,μL/L,μL/L,高温过热,高温过热
alan456/data.xlsx,152,247.3,101.2,313.2,0.35,,,μL/L,μL/L,高温过热,高温过热
alan456/data.xlsx,100,106.3,19.3,216.6,14.2,,,μL/L,μL/L,高温过热,高温过热
alan456/data.xlsx,807.55,955.76,518.53,2286.7,65.86,,,μL/L,μL/L,高温过热,高温过热
alan456/data.xlsx,32.61,294.63,141.74,910.82,10.39,,,μL/L,μL/L,高温过热,高温过热
alan456/data.xlsx,28.34,71.41,4.78,131,0,,,μL/L,μL/L,高温过热,高温过热
alan456/data.xlsx,115,332,104,604,2.85,,,μL/L,μL/L,高温过热,高温过热
alan456/data.xlsx,41,58.2,25.9,129.8,1,,,μL/L,μL/L,高温过热,高温过热
alan456/data.xlsx,94.3,94.7,36.2,163.2,0,,,μL/L,μL/L,高温过热,高温过热
alan456/data.xlsx,8.5,14.1,31.7,175.9,0,,,μL/L,μL/L,高温过热,高温过热
alan456/data.xlsx,143,305,721,78,2,,,μL/L,μL/L,高温过热,高温过热
alan456/data.xlsx,26.5,298,0,69.3,8.6,,,μL/L,μL/L,高温过热,高温过热
alan456/data.xlsx,26,21,15,12,1,,,μL/L,μL/L,局部放电,局部放电
alan456/data.xlsx,25.2,1.2,6.5,1.3,0.2,,,μL/L,μL/L,局部放电,局部放电
alan456/data.xlsx,980,73,58,12,0,,,μL/L,μL/L,局部放电,局部放电
alan456/data.xlsx,420,37.3,14.9,30,0.2,,,μL/L,μL/L,局部放电,局部放电
alan456/data.xlsx,1198,3.2,1.4,3.2,0.5,,,μL/L,μL/L,局部放电,局部放电
alan456/data.xlsx,83.26,45.32,18.1,36.45,0.26,,,μL/L,μL/L,局部放电,局部放电
alan456/data.xlsx,195.8,14.5,11.6,2.4,0.7,,,μL/L,μL/L,局部放电,局部放电
alan456/data.xlsx,565,26.5,6.9,2.1,0,,,μL/L,μL/L,局部放电,局部放电
alan456/data.xlsx,625,49,9,7,0.6,,,μL/L,μL/L,局部放电,局部放电
alan456/data.xlsx,2587.2,7.88,4.7,1.4,0,,,μL/L,μL/L,局部放电,局部放电
alan456/data.xlsx,87.27,6.5,5.16,1.07,0,,,μL/L,μL/L,局部放电,局部放电
alan456/data.xlsx,560,0,0.6,0.7,0,,,μL/L,μL/L,局部放电,局部放电
alan456/data.xlsx,89.99,5.35,1.96,2.7,0,,,μL/L,μL/L,局部放电,局部放电
alan456/data.xlsx,1300,110,137,52,22.2,,,μL/L,μL/L,局部放电,局部放电
alan456/data.xlsx,650,53,34,20,0,,,μL/L,μL/L,局部放电,局部放电
alan456/data.xlsx,1565,93,34,47,0,,,μL/L,μL/L,局部放电,局部放电
alan456/data.xlsx,1308,125,112,6,0,,,μL/L,μL/L,局部放电,局部放电
alan456/data.xlsx,654,55,34,20,0,,,μL/L,μL/L,局部放电,局部放电
alan456/data.xlsx,2437,115.5,22.6,3.5,0.2,,,μL/L,μL/L,局部放电,局部放电
alan456/data.xlsx,565,93,34,47,0,,,μL/L,μL/L,局部放电,局部放电
alan456/data.xlsx,84.3,8,7.2,0.4,0,,,μL/L,μL/L,局部放电,局部放电
alan456/data.xlsx,980,73,58,12,0,,,μL/L,μL/L,局部放电,局部放电
alan456/data.xlsx,565,93,34,47,2.7,,,μL/L,μL/L,局部放电,局部放电
alan456/data.xlsx,180.85,0.574,0.234,0.188,0,,,μL/L,μL/L,局部放电,局部放电
alan456/data.xlsx,2073,85.6,17.4,2.6,0,,,μL/L,μL/L,局部放电,局部放电
alan456/data.xlsx,568,26.5,6.9,2.1,0,,,μL/L,μL/L,局部放电,局部放电
alan456/data.xlsx,279,41,9.7,42,34,,,μL/L,μL/L,局部放电,局部放电
alan456/data.xlsx,3433,180,34.3,3.4,0.3,,,μL/L,μL/L,局部放电,局部放电
alan456/data.xlsx,150,11.6,50.6,29,1.1,,,μL/L,μL/L,局部放电,局部放电
alan456/data.xlsx,1308,125,112,6,0,,,μL/L,μL/L,局部放电,局部放电
alan456/data.xlsx,177.21,13.83,6.6,2.36,0,,,μL/L,μL/L,局部放电,局部放电
alan456/data.xlsx,538.3,12.6,8.67,14.07,0.33,,,μL/L,μL/L,局部放电,局部放电
alan456/data.xlsx,3433,180,34.4,3.6,0.4,,,μL/L,μL/L,局部放电,局部放电
alan456/data.xlsx,181,0.6,0.2,0.2,0,,,μL/L,μL/L,局部放电,局部放电
alan456/data.xlsx,189.93,8.74,1.25,0.04,0.04,,,μL/L,μL/L,局部放电,局部放电
alan456/data.xlsx,242,6,1,4,0,,,μL/L,μL/L,局部放电,局部放电
alan456/data.xlsx,30,7.4,8.5,1.8,19,,,μL/L,μL/L,低能放电,低能放电
alan456/data.xlsx,14.1,4,1.3,1.5,9.5,,,μL/L,μL/L,低能放电,低能放电
alan456/data.xlsx,29.5,4.5,0.5,3.5,29.1,,,μL/L,μL/L,低能放电,低能放电
alan456/data.xlsx,78,28,13,29,110,,,μL/L,μL/L,低能放电,低能放电
alan456/data.xlsx,30.64,29.84,6.82,16.071,99,,,μL/L,μL/L,低能放电,低能放电
alan456/data.xlsx,68.72,9.05,11.38,1.71,34.88,,,μL/L,μL/L,低能放电,低能放电
alan456/data.xlsx,225.1,215.9,605.5,88.7,1849,,,μL/L,μL/L,低能放电,低能放电
alan456/data.xlsx,80,20,6,20,62,,,μL/L,μL/L,低能放电,低能放电
alan456/data.xlsx,75,2.98,0.6,3.57,14.29,,,μL/L,μL/L,低能放电,低能放电
alan456/data.xlsx,410,32.88,2.59,24.76,191,,,μL/L,μL/L,低能放电,低能放电
alan456/data.xlsx,330.2,28.3,2.55,25.98,203.87,,,μL/L,μL/L,低能放电,低能放电
alan456/data.xlsx,584.67,104.44,9.04,193,530.89,,,μL/L,μL/L,低能放电,低能放电
alan456/data.xlsx,34.45,21.92,3.19,44.96,19.62,,,μL/L,μL/L,高能放电,高能放电
alan456/data.xlsx,5.12,3.76,0.51,5.28,5.16,,,μL/L,μL/L,高能放电,高能放电
alan456/data.xlsx,1675,650,82,1006,420,,,μL/L,μL/L,高能放电,高能放电
alan456/data.xlsx,121,14,3,29,74,,,μL/L,μL/L,高能放电,高能放电
alan456/data.xlsx,181.5,65,9.97,107.6,140.83,,,μL/L,μL/L,高能放电,高能放电
alan456/data.xlsx,200,48,14,117,131,,,μL/L,μL/L,高能放电,高能放电
alan456/data.xlsx,43.74,17.02,2.1,26.22,10.92,,,μL/L,μL/L,高能放电,高能放电
alan456/data.xlsx,217.5,40,4.9,51.8,67.5,,,μL/L,μL/L,高能放电,高能放电
alan456/data.xlsx,40.9,11.9,4.5,69.3,29,,,μL/L,μL/L,高能放电,高能放电
alan456/data.xlsx,56,25,6,85,10,,,μL/L,μL/L,高能放电,高能放电
alan456/data.xlsx,143,92,12,133,79,,,μL/L,μL/L,高能放电,高能放电
alan456/data.xlsx,162,109,11.1,201,183,,,μL/L,μL/L,高能放电,高能放电
alan456/data.xlsx,35.88,9.3,1.59,15.4,17.66,,,μL/L,μL/L,高能放电,高能放电
alan456/data.xlsx,56.82,9.86,2.16,11.59,17.97,,,μL/L,μL/L,高能放电,高能放电
alan456/data.xlsx,940,440,3,530,460,,,μL/L,μL/L,高能放电,高能放电
alan456/data.xlsx,980,570,37,480,54,,,μL/L,μL/L,高能放电,高能放电
alan456/data.xlsx,420,200,14,230,180,,,μL/L,μL/L,高能放电,高能放电
alan456/data.xlsx,328,73,3,73,65,,,μL/L,μL/L,高能放电,高能放电
alan456/data.xlsx,60,40,10,110,70,,,μL/L,μL/L,高能放电,高能放电
alan456/data.xlsx,57,13,0.1,11,12,,,μL/L,μL/L,高能放电,高能放电
alan456/data.xlsx,44.09,13.64,2.42,20.08,20.21,,,μL/L,μL/L,高能放电,高能放电
alan456/data.xlsx,150,27,5.6,65,90,,,μL/L,μL/L,高能放电,高能放电
alan456/data.xlsx,335,67,18,143,170,,,μL/L,μL/L,高能放电,高能放电
alan456/data.xlsx,250,63,3.8,66,120,,,μL/L,μL/L,高能放电,高能放电
alan456/data.xlsx,293,50,13,115,120,,,μL/L,μL/L,高能放电,高能放电
alan456/data.xlsx,443,85,9.5,103,174,,,μL/L,μL/L,高能放电,高能放电
alan456/data.xlsx,379.15,18.1,3.93,25.44,33.13,,,μL/L,μL/L,高能放电,高能放电
alan456/data.xlsx,20,3.9,0.6,4.4,6.3,,,μL/L,μL/L,高能放电,高能放电
alan456/data.xlsx,138.7,50.8,7.7,55.2,96,,,μL/L,μL/L,高能放电,高能放电
alan456/data.xlsx,248.47,22.84,11.52,63.54,32.17,,,μL/L,μL/L,高能放电,高能放电
alan456/data.xlsx,647.9,189.9,5.9,164.2,201.4,,,μL/L,μL/L,高能放电,高能放电
alan456/data.xlsx,512,87,11.5,163.9,185.21,,,μL/L,μL/L,高能放电,高能放电
alan456/data.xlsx,23,5.9,1,3.1,3.62,,,μL/L,μL/L,高能放电,高能放电
alan456/data.xlsx,207.1,107.16,19.39,136.59,159.65,,,μL/L,μL/L,高能放电,高能放电
alan456/data.xlsx,1350.3,602.76,46.1,705.61,896.69,,,μL/L,μL/L,高能放电,高能放电
alan456/data.xlsx,531,111.9,22.7,122.5,169,,,μL/L,μL/L,高能放电,高能放电
alan456/data.xlsx,447.6,196,33.3,188.6,22.65,,,μL/L,μL/L,高能放电,高能放电
alan456/data.xlsx,344.1,213,18.6,199.9,257.6,,,μL/L,μL/L,高能放电,高能放电
alan456/data.xlsx,3312,38,6.5,42,54,,,μL/L,μL/L,高能放电,高能放电
alan456/data.xlsx,642.9,195.5,17.9,172.9,197.4,,,μL/L,μL/L,高能放电,高能放电
alan456/data.xlsx,6785,1149,251,2525,3574.4,,,μL/L,μL/L,高能放电,高能放电
alan456/data.xlsx,602.6,186,13.7,190.5,260.7,,,μL/L,μL/L,高能放电,高能放电
alan456/data.xlsx,256.61,82.87,6.41,82.65,167.5,,,μL/L,μL/L,高能放电,高能放电
alan456/data.xlsx,176,40,11,71,79,,,μL/L,μL/L,高能放电,高能放电
alan456/data.xlsx,2307,623.3,26.87,339.32,550,,,μL/L,μL/L,高能放电,高能放电
alan456/data.xlsx,9.71,3.44,0.47,0.48,0,,,μL/L,μL/L,正常,正常
alan456/data.xlsx,9.76,3.48,0.45,0.51,0,,,μL/L,μL/L,正常,正常
alan456/data.xlsx,9.73,3.41,0.46,0.46,0,,,μL/L,μL/L,正常,正常
alan456/data.xlsx,9.52,3.27,0.47,0.52,0,,,μL/L,μL/L,正常,正常
alan456/data.xlsx,9.57,3.36,0.46,0.47,0,,,μL/L,μL/L,正常,正常
alan456/data.xlsx,9.53,3.32,0.47,0.48,0,,,μL/L,μL/L,正常,正常
alan456/data.xlsx,9.57,3.28,0.47,0.52,0,,,μL/L,μL/L,正常,正常
alan456/data.xlsx,9.61,3.26,0.46,0.52,0,,,μL/L,μL/L,正常,正常
alan456/data.xlsx,7.35,3.1,0.16,0.53,0,,,μL/L,μL/L,正常,正常
alan456/data.xlsx,7.39,3.03,0.13,0.58,0,,,μL/L,μL/L,正常,正常
alan456/data.xlsx,10,73.7,18.8,48.6,0.1,,,μL/L,μL/L,正常,正常
alan456/data.xlsx,12,23.6,7.7,21.4,0.1,,,μL/L,μL/L,正常,正常
alan456/data.xlsx,14.16,0.57,0,0.27,0,,,μL/L,μL/L,正常,正常
alan456/data.xlsx,19.19,9.65,3.41,3.89,0,,,μL/L,μL/L,正常,正常
alan456/data.xlsx,19.18,15.17,3.06,9.9,0,,,μL/L,μL/L,正常,正常
alan456/data.xlsx,1.04,1.06,0,0.77,0,,,μL/L,μL/L,正常,正常
alan456/data.xlsx,9.8,6.5,0,0.8,0,,,μL/L,μL/L,正常,正常
alan456/data.xlsx,0.024,9.228,1.315,0.271,0,,,μL/L,μL/L,正常,正常
alan456/data.xlsx,0,15.836,1.022,0.33,0,,,μL/L,μL/L,正常,正常
alan456/data.xlsx,7.3,3.1,0.2,0.4,0.1,,,μL/L,μL/L,正常,正常
alan456/data.xlsx,9.5,3.5,0.5,0.5,0,,,μL/L,μL/L,正常,正常
alan456/data.xlsx,13.216,2.207,0.133,0.35,0,,,μL/L,μL/L,正常,正常
alan456/data.xlsx,5.272,1.303,0,0.07,0,,,μL/L,μL/L,正常,正常
alan456/data.xlsx,22.685,3.676,0.54,0.55,0,,,μL/L,μL/L,正常,正常
alan456/data.xlsx,4.8,5.79,0.91,1.23,0,,,μL/L,μL/L,正常,正常
alan456/data.xlsx,35.6,6.14,0.53,1.43,0,,,μL/L,μL/L,正常,正常
alan456/data.xlsx,2,5.5,0.52,0.81,0,,,μL/L,μL/L,正常,正常
alan456/data.xlsx,10.87,7.35,0.1,0.78,0,,,μL/L,μL/L,正常,正常
alan456/data.xlsx,11.55,5.66,0.58,1.02,0,,,μL/L,μL/L,正常,正常
alan456/data.xlsx,21.45,7.45,0.46,0.86,0,,,μL/L,μL/L,正常,正常
alan456/data.xlsx,8.7,13.7,6.1,11.9,0.5,,,μL/L,μL/L,正常,正常
alan456/data.xlsx,13.7,32.6,18.3,10.3,1.2,,,μL/L,μL/L,正常,正常
alan456/data.xlsx,21.2,2,0.1,0.3,0,,,μL/L,μL/L,正常,正常
alan456/data.xlsx,538.9,9.6,0,0,0,,,μL/L,μL/L,正常,正常
alan456/data.xlsx,1023.8,0,0,0,0,,,μL/L,μL/L,正常,正常
alan456/data.xlsx,103.9,0,0,0,0,,,μL/L,μL/L,正常,正常
alan456/data.xlsx,504.5,51,0,0.4,0,,,μL/L,μL/L,正常,正常
alan456/data.xlsx,62.9,26.2,0,0.1,0,,,μL/L,μL/L,正常,正常
alan456/data.xlsx,5.6,3.3,0.4,0.3,0,,,μL/L,μL/L,正常,正常
alan456/data.xlsx,4,4.4,0,0,0,,,μL/L,μL/L,正常,正常
alan456/data.xlsx,1.8,2.9,0,0,0.1,,,μL/L,μL/L,正常,正常
alan456/data.xlsx,0.2,13.7,3.7,1.9,0,,,μL/L,μL/L,正常,正常
alan456/data.xlsx,0.7,9.7,3.4,0.5,0,,,μL/L,μL/L,正常,正常
alan456/data.xlsx,7.7,1.2,0.1,0.3,0,,,μL/L,μL/L,正常,正常
alan456/data.xlsx,7.39,1.937,0.171,0.306,0,,,μL/L,μL/L,正常,正常
alan456/data.xlsx,7.152,2.145,0.037,0.168,0,,,μL/L,μL/L,正常,正常
alan456/data.xlsx,8.248,2.73,0.199,0.361,0,,,μL/L,μL/L,正常,正常
alan456/data.xlsx,16.365,32.511,14.32,21.019,0,,,μL/L,μL/L,正常,正常
alan456/data.xlsx,11.816,50.916,24.568,47.667,0,,,μL/L,μL/L,正常,正常
alan456/data.xlsx,2.557,8.581,2.843,0.375,0,,,μL/L,μL/L,正常,正常
alan456/data.xlsx,2.52,7.095,2.579,0.45,0,,,μL/L,μL/L,正常,正常
alan456/data.xlsx,5.92,2.615,0.388,0.322,0,,,μL/L,μL/L,正常,正常
alan456/data.xlsx,5.518,5.881,0.805,0.941,0,,,μL/L,μL/L,正常,正常
alan456/data.xlsx,10.5,4.9,0.3,5.2,0,,,μL/L,μL/L,正常,正常
alan456/data.xlsx,0.1,4.2,0,1.3,0,,,μL/L,μL/L,正常,正常
alan456/data.xlsx,11.204,3.612,0.388,0.911,0,,,μL/L,μL/L,正常,正常
alan456/data.xlsx,7.123,3.714,0.266,2.454,0,,,μL/L,μL/L,正常,正常
alan456/data.xlsx,9.72,3.73,0.713,0.811,0,,,μL/L,μL/L,正常,正常
alan456/data.xlsx,42.167,12.42,0.832,0.328,0,,,μL/L,μL/L,正常,正常
alan456/data.xlsx,5.67,2.4,0,0,0,,,μL/L,μL/L,正常,正常
alan456/data.xlsx,17.029,12.1,1.158,0.365,0,,,μL/L,μL/L,正常,正常
alan456/data.xlsx,17.12,9.83,0.91,0.64,0,,,μL/L,μL/L,正常,正常
alan456/data.xlsx,6.55,8.81,0.99,0.4,0,,,μL/L,μL/L,正常,正常
alan456/data.xlsx,13.316,19.641,6.892,0.848,0,,,μL/L,μL/L,正常,正常
alan456/data.xlsx,4.2,4.1,0.4,0.1,0,,,μL/L,μL/L,正常,正常
alan456/data.xlsx,10.36,18.01,4.6,0,1.28,,,μL/L,μL/L,正常,正常
alan456/data.xlsx,82.99,6.87,0.46,1.24,0.15,,,μL/L,μL/L,正常,正常
alan456/data.xlsx,9.45,9.88,1.87,1.65,0,,,μL/L,μL/L,正常,正常
alan456/data.xlsx,9.68,75.17,21.5,57.48,0.16,,,μL/L,μL/L,中温过热,中温过热
alan456/data.xlsx,18,94.2,24.9,70,0.1,,,μL/L,μL/L,中温过热,中温过热
alan456/data.xlsx,18.7,101.3,28.8,76.02,0.03,,,μL/L,μL/L,中温过热,中温过热
alan456/data.xlsx,21,98.7,25.7,40.6,0.2,,,μL/L,μL/L,中温过热,中温过热
alan456/data.xlsx,184,246,36,24,0,,,μL/L,μL/L,中温过热,中温过热
alan456/data.xlsx,99,165,576,36,0,,,μL/L,μL/L,中温过热,中温过热
alan456/data.xlsx,75,432,215,437,0.7,,,μL/L,μL/L,中温过热,中温过热
alan456/data.xlsx,232.3,568.3,320.1,689.3,0.54,,,μL/L,μL/L,中温过热,中温过热
alan456/data.xlsx,159.3,27.4,6.6,12.3,0.22,,,μL/L,μL/L,中温过热,中温过热
alan456/data.xlsx,4.15,187.4,108.3,136.1,0,,,μL/L,μL/L,中温过热,中温过热
alan456/data.xlsx,145.3,178.3,50.3,23.1,0,,,μL/L,μL/L,中温过热,中温过热
alan456/data.xlsx,135.1,398.1,258.4,630.2,0.35,,,μL/L,μL/L,中温过热,中温过热
alan456/data.xlsx,155.1,132.6,29.5,98.1,0,,,μL/L,μL/L,中温过热,中温过热
alan456/data.xlsx,134,715.3,321.6,633.2,0,,,μL/L,μL/L,中温过热,中温过热
alan456/data.xlsx,38.3,99.1,41.6,26.9,0,,,μL/L,μL/L,中温过热,中温过热
alan456/data.xlsx,78.3,256.3,173.4,378.2,0,,,μL/L,μL/L,中温过热,中温过热
alan456/data.xlsx,15.23,61.32,53.98,81.76,0,,,μL/L,μL/L,中温过热,中温过热
alan456/data.xlsx,26.8,92.3,48.1,93.4,0.5,,,μL/L,μL/L,中温过热,中温过热
alan456/data.xlsx,139.3,715.3,362.3,671.9,0.1,,,μL/L,μL/L,中温过热,中温过热
alan456/data.xlsx,69,188.5,49,175.4,4.5,,,μL/L,μL/L,高温过热,高温过热
alan456/data.xlsx,65,181.1,47.4,170.1,4.2,,,μL/L,μL/L,高温过热,高温过热
alan456/data.xlsx,64,185.2,47.9,172.7,4.2,,,μL/L,μL/L,高温过热,高温过热
alan456/data.xlsx,69,187.2,48.3,172.7,4.8,,,μL/L,μL/L,高温过热,高温过热
alan456/data.xlsx,72,194.5,53.2,178.1,5,,,μL/L,μL/L,高温过热,高温过热
alan456/data.xlsx,70,190.1,52.1,174.6,5,,,μL/L,μL/L,高温过热,高温过热
alan456/data.xlsx,64,180.1,51.9,172.7,4.8,,,μL/L,μL/L,高温过热,高温过热
alan456/data.xlsx,66,178.4,50.1,167.5,4.7,,,μL/L,μL/L,高温过热,高温过热
alan456/data.xlsx,72,190.8,51.2,171,4.7,,,μL/L,μL/L,高温过热,高温过热
alan456/data.xlsx,62,174.2,50.8,167,4.6,,,μL/L,μL/L,高温过热,高温过热
alan456/data.xlsx,117,193.2,44.3,219.2,1.7,,,μL/L,μL/L,高温过热,高温过热
alan456/data.xlsx,108,202.4,56.4,269.3,2.2,,,μL/L,μL/L,高温过热,高温过热
alan456/data.xlsx,121,241.8,69.5,326.5,2.4,,,μL/L,μL/L,高温过热,高温过热
alan456/data.xlsx,125,241,61.9,294.8,2.5,,,μL/L,μL/L,高温过热,高温过热
alan456/data.xlsx,55.4,246.3,95.4,932.1,7.4,,,μL/L,μL/L,高温过热,高温过热
alan456/data.xlsx,223.4,354.2,41.3,466.7,15.3,,,μL/L,μL/L,高温过热,高温过热
alan456/data.xlsx,115.3,137.5,111,425.3,28.7,,,μL/L,μL/L,高温过热,高温过热
alan456/data.xlsx,77.5,523,142,1233,5.3,,,μL/L,μL/L,高温过热,高温过热
alan456/data.xlsx,132.3,245.6,96.6,356.4,2.3,,,μL/L,μL/L,高温过热,高温过热
alan456/data.xlsx,7.6,112,125.5,702.3,2.6,,,μL/L,μL/L,高温过热,高温过热
alan456/data.xlsx,171.3,298,41.3,556.8,8.7,,,μL/L,μL/L,高温过热,高温过热
alan456/data.xlsx,90.99,5.45,2.15,2.7,0,,,μL/L,μL/L,低能放电,低能放电
alan456/data.xlsx,64.1,0.45,0.99,3.14,15.3,,,μL/L,μL/L,低能放电,低能放电
alan456/data.xlsx,31.3,15.9,2.4,4.21,31.2,,,μL/L,μL/L,低能放电,低能放电
alan456/data.xlsx,55.32,7.66,4.8,1.33,6.5,,,μL/L,μL/L,低能放电,低能放电
alan456/data.xlsx,321,33.4,35.4,105.2,416,,,μL/L,μL/L,低能放电,低能放电
alan456/data.xlsx,915.3,129.97,6.87,33.1,307.7,,,μL/L,μL/L,低能放电,低能放电
alan456/data.xlsx,351.4,112.35,28.3,52.5,346,,,μL/L,μL/L,低能放电,低能放电
alan456/data.xlsx,171.2,25.3,7.3,17,55.2,,,μL/L,μL/L,低能放电,低能放电
alan456/data.xlsx,49.5,12.2,3.7,0.3,4.8,,,μL/L,μL/L,低能放电,低能放电
alan456/data.xlsx,536.1,119,28.1,33.6,202.3,,,μL/L,μL/L,低能放电,低能放电
alan456/data.xlsx,360.5,28.5,2.75,25.66,198.3,,,μL/L,μL/L,低能放电,低能放电
alan456/data.xlsx,330.1,28.4,2.56,25.34,213.33,,,μL/L,μL/L,低能放电,低能放电
alan456/data.xlsx,411.3,33.12,2.44,23.77,25.66,,,μL/L,μL/L,低能放电,低能放电
alan456/data.xlsx,33.1,5.6,13.1,1.5,13.3,,,μL/L,μL/L,低能放电,低能放电
alan456/data.xlsx,22.5,7.8,6.9,1.5,7.8,,,μL/L,μL/L,低能放电,低能放电
alan456/data.xlsx,28.8,4.3,0.6,3.45,29.3,,,μL/L,μL/L,低能放电,低能放电
alan456/data.xlsx,21.4,3.5,1.4,0.88,9.14,,,μL/L,μL/L,低能放电,低能放电
alan456/data.xlsx,13.9,3.5,1.3,1.5,0.44,,,μL/L,μL/L,低能放电,低能放电
alan456/data.xlsx,31.2,20.3,3.1,5,30.9,,,μL/L,μL/L,低能放电,低能放电
alan456/data.xlsx,332,28.7,2.35,25.66,196.8,,,μL/L,μL/L,低能放电,低能放电
alan456/data.xlsx,625.1,49.3,9.2,7,0.6,,,μL/L,μL/L,高能放电,高能放电
alan456/data.xlsx,707.3,105.1,11.9,55,81.3,,,μL/L,μL/L,高能放电,高能放电
alan456/data.xlsx,151,21.6,1.7,23,32,,,μL/L,μL/L,高能放电,高能放电
alan456/data.xlsx,133,42.4,21,77.8,52.2,,,μL/L,μL/L,高能放电,高能放电
alan456/data.xlsx,501.3,70.2,9.7,137.8,162,,,μL/L,μL/L,高能放电,高能放电
alan456/data.xlsx,156.1,45.6,19.2,88,62,,,μL/L,μL/L,高能放电,高能放电
alan456/data.xlsx,202,108.3,19,136,159.8,,,μL/L,μL/L,高能放电,高能放电
alan456/data.xlsx,119,26.7,11.4,54.6,84.7,,,μL/L,μL/L,高能放电,高能放电
alan456/data.xlsx,466.5,149.9,13.2,265,521,,,μL/L,μL/L,高能放电,高能放电
alan456/data.xlsx,302.3,241,15,163.2,139.7,,,μL/L,μL/L,高能放电,高能放电
alan456/data.xlsx,332,66,17.8,151.1,167.1,,,μL/L,μL/L,高能放电,高能放电
alan456/data.xlsx,152.1,26.9,37,45.7,60.8,,,μL/L,μL/L,高能放电,高能放电
alan456/data.xlsx,439.7,27.1,22.4,34.9,31.2,,,μL/L,μL/L,高能放电,高能放电
alan456/data.xlsx,346.3,112.1,28.1,52.6,59,,,μL/L,μL/L,高能放电,高能放电
alan456/data.xlsx,100,95.3,21,312,117.1,,,μL/L,μL/L,高能放电,高能放电
alan456/data.xlsx,2053.1,372,27,544.1,765.2,,,μL/L,μL/L,高能放电,高能放电
alan456/data.xlsx,151,86,231.3,132,36.2,,,μL/L,μL/L,高能放电,高能放电
alan456/data.xlsx,66.1,21.1,20,51.8,95.3,,,μL/L,μL/L,高能放电,高能放电
alan456/data.xlsx,101,62,5,63.1,77.6,,,μL/L,μL/L,高能放电,高能放电
alan456/data.xlsx,199.3,47.1,13.3,117,133,,,μL/L,μL/L,高能放电,高能放电
alan456/data.xlsx,181.5,0.55,0.32,0.278,0,,,μL/L,μL/L,局部放电,局部放电
alan456/data.xlsx,225.4,18.3,7.8,2.7,0,,,μL/L,μL/L,局部放电,局部放电
alan456/data.xlsx,2087,85.3,18.5,2.8,0,,,μL/L,μL/L,局部放电,局部放电
alan456/data.xlsx,2433,117,23,3.2,0.1,,,μL/L,μL/L,局部放电,局部放电
alan456/data.xlsx,626.1,47,8.9,6.1,0.6,,,μL/L,μL/L,局部放电,局部放电
alan456/data.xlsx,481.5,38.1,31,6.7,0,,,μL/L,μL/L,局部放电,局部放电
alan456/data.xlsx,2077,86.2,17.8,2.3,0,,,μL/L,μL/L,局部放电,局部放电
alan456/data.xlsx,23,9,6.4,6.2,0.4,,,μL/L,μL/L,低温过热,低温过热
alan456/data.xlsx,22,3.3,2.1,1.2,0.2,,,μL/L,μL/L,低温过热,低温过热
alan456/data.xlsx,397.7,901,2798.2,1171.9,66.51,,,μL/L,μL/L,低温过热,低温过热
alan456/data.xlsx,4.32,193,125,118,0,,,μL/L,μL/L,低温过热,低温过热
alan456/data.xlsx,72,442,461,221,0.7,,,μL/L,μL/L,低温过热,低温过热
alan456/data.xlsx,304,4336,227,1606,13.8,,,μL/L,μL/L,低温过热,低温过热
alan456/data.xlsx,64,72,7,103,0,,,μL/L,μL/L,低温过热,低温过热
alan456/data.xlsx,125,390.3,497.2,201.9,0.69,,,μL/L,μL/L,低温过热,低温过热
alan456/data.xlsx,16.4,25,21,11,0,,,μL/L,μL/L,低温过热,低温过热
alan456/data.xlsx,39,17,33,138,0,,,μL/L,μL/L,低温过热,低温过热
alan456/data.xlsx,14,45,72,34,0,,,μL/L,μL/L,低温过热,低温过热
alan456/data.xlsx,350,1100,270,180,20,,,μL/L,μL/L,低温过热,低温过热
alan456/data.xlsx,280,10,25,13,0,,,μL/L,μL/L,低温过热,低温过热
alan456/data.xlsx,28,409,692,354,0.5,,,μL/L,μL/L,低温过热,低温过热
alan456/data.xlsx,12,12.6,96.8,56.6,0,,,μL/L,μL/L,低温过热,低温过热
alan456/data.xlsx,95.32,65.4,255.65,199.06,4.48,,,μL/L,μL/L,低温过热,低温过热
alan456/data.xlsx,417,911,1602,554,1,,,μL/L,μL/L,低温过热,低温过热
alan456/data.xlsx,54.32,68.68,98.44,35.57,0,,,μL/L,μL/L,低温过热,低温过热
alan456/data.xlsx,71.93,289.87,379.03,133.95,0,,,μL/L,μL/L,低温过热,低温过热
alan456/data.xlsx,46,76.8,50.2,20.4,0.1,,,μL/L,μL/L,低温过热,低温过热
alan456/data.xlsx,0.5,38.4,133.4,151.4,0,,,μL/L,μL/L,低温过热,低温过热
alan456/data.xlsx,22,10,3.4,1.6,0.3,,,μL/L,μL/L,低温过热,低温过热
alan456/data.xlsx,170.12,508.27,806.03,298.72,0.93,,,μL/L,μL/L,低温过热,低温过热
alan456/data.xlsx,18,27.4,50.6,20.9,0.7,,,μL/L,μL/L,低温过热,低温过热
alan456/data.xlsx,30,71,54,44,0,,,μL/L,μL/L,低温过热,低温过热
alan456/data.xlsx,28,100,79,63,0,,,μL/L,μL/L,低温过热,低温过热
alan456/data.xlsx,34,171,114,91,0,,,μL/L,μL/L,低温过热,低温过热
alan456/data.xlsx,15.87,38.2,37.25,23.29,0.54,,,μL/L,μL/L,低温过热,低温过热
alan456/data.xlsx,139,345,533,184,0,,,μL/L,μL/L,低温过热,低温过热
alan456/data.xlsx,211.14,769.25,1210.45,465.03,0,,,μL/L,μL/L,低温过热,低温过热
alan456/data.xlsx,56,20,35,8,0.6,,,μL/L,μL/L,高温过热,高温过热
alan456/data.xlsx,106,59,58,16,1.3,,,μL/L,μL/L,高温过热,高温过热
alan456/data.xlsx,6.7,10,71,11,3.9,,,μL/L,μL/L,高温过热,高温过热
alan456/data.xlsx,134,137,154,13,11,,,μL/L,μL/L,高温过热,高温过热
alan456/data.xlsx,35.8,30.1,93.6,10.1,7.1,,,μL/L,μL/L,高温过热,高温过热
alan456/data.xlsx,124,115,190,40,2,,,μL/L,μL/L,高温过热,高温过热
alan456/data.xlsx,82,161,406,79,8.9,,,μL/L,μL/L,高温过热,高温过热
alan456/data.xlsx,7.1,76.4,97,17.1,0,,,μL/L,μL/L,高温过热,高温过热
alan456/data.xlsx,21,79,419,13,0,,,μL/L,μL/L,高温过热,高温过热
alan456/data.xlsx,79,256,562,132,0,,,μL/L,μL/L,高温过热,高温过热
alan456/data.xlsx,23,61,153,14,4.4,,,μL/L,μL/L,高温过热,高温过热
alan456/data.xlsx,31,76,137.6,34.5,0,,,μL/L,μL/L,高温过热,高温过热
alan456/data.xlsx,24,42,155,3.6,3.5,,,μL/L,μL/L,高温过热,高温过热
alan456/data.xlsx,7.1,76.4,97,17.1,0,,,μL/L,μL/L,高温过热,高温过热
alan456/data.xlsx,82,161,406,79,8.9,,,μL/L,μL/L,高温过热,高温过热
alan456/data.xlsx,34,60,123,11,6,,,μL/L,μL/L,高温过热,高温过热
alan456/data.xlsx,44,64,221,23.2,0,,,μL/L,μL/L,高温过热,高温过热
alan456/data.xlsx,74,69,133,26,0,,,μL/L,μL/L,高温过热,高温过热
alan456/data.xlsx,23,61,153,14,4.4,,,μL/L,μL/L,高温过热,高温过热
alan456/data.xlsx,79,256,562,132,0,,,μL/L,μL/L,高温过热,高温过热
alan456/data.xlsx,24,42,155,3.6,3.5,,,μL/L,μL/L,高温过热,高温过热
alan456/data.xlsx,31,76,137.6,34.5,0,,,μL/L,μL/L,高温过热,高温过热
alan456/data.xlsx,16,237,470,92,0,,,μL/L,μL/L,高温过热,高温过热
alan456/data.xlsx,180,830,1800,380,24,,,μL/L,μL/L,高温过热,高温过热
alan456/data.xlsx,45,46,99,13,0.6,,,μL/L,μL/L,高温过热,高温过热
alan456/data.xlsx,15,92,600,166,16,,,μL/L,μL/L,高温过热,高温过热
alan456/data.xlsx,360,1050,1300,200,23,,,μL/L,μL/L,高温过热,高温过热
alan456/data.xlsx,28,145.7,436,113,0,,,μL/L,μL/L,高温过热,高温过热
alan456/data.xlsx,78,201.8,3216,275,16,,,μL/L,μL/L,高温过热,高温过热
alan456/data.xlsx,53,137,523,115,6.5,,,μL/L,μL/L,高温过热,高温过热
alan456/data.xlsx,79,27,45,6.8,2.3,,,μL/L,μL/L,高温过热,高温过热
alan456/data.xlsx,112,23.66,43.66,8.36,1.18,,,μL/L,μL/L,高温过热,高温过热
alan456/data.xlsx,1430,6632,5506,1779,7,,,μL/L,μL/L,高温过热,高温过热
alan456/data.xlsx,6.7,10,71,11,3.9,,,μL/L,μL/L,高温过热,高温过热
alan456/data.xlsx,766,993,665,116,4,,,μL/L,μL/L,高温过热,高温过热
alan456/data.xlsx,124,115,190,40,2,,,μL/L,μL/L,高温过热,高温过热
alan456/data.xlsx,89,10,18,3,0,,,μL/L,μL/L,高温过热,高温过热
alan456/data.xlsx,103,146,284,31,4,,,μL/L,μL/L,高温过热,高温过热
alan456/data.xlsx,205,1270,1470,300,12.8,,,μL/L,μL/L,高温过热,高温过热
alan456/data.xlsx,15,125,574,28.7,7,,,μL/L,μL/L,高温过热,高温过热
alan456/data.xlsx,39,1660,2800,890,0,,,μL/L,μL/L,高温过热,高温过热
alan456/data.xlsx,61.8,277,263,75,6.9,,,μL/L,μL/L,高温过热,高温过热
alan456/data.xlsx,43,445.9,303.3,64.9,5.1,,,μL/L,μL/L,高温过热,高温过热
alan456/data.xlsx,56.2,381,980,193,11.9,,,μL/L,μL/L,高温过热,高温过热
alan456/data.xlsx,35.7,1600,3200,550,30.5,,,μL/L,μL/L,高温过热,高温过热
alan456/data.xlsx,570,740,890,170,9.1,,,μL/L,μL/L,高温过热,高温过热
alan456/data.xlsx,83,44,470,75,4.7,,,μL/L,μL/L,高温过热,高温过热
alan456/data.xlsx,64,19,29,3,0.5,,,μL/L,μL/L,高温过热,高温过热
alan456/data.xlsx,304,433.6,2270,160.6,13.8,,,μL/L,μL/L,高温过热,高温过热
alan456/data.xlsx,32,158,630,111,12,,,μL/L,μL/L,高温过热,高温过热
alan456/data.xlsx,71,98,84,16,3.4,,,μL/L,μL/L,高温过热,高温过热
alan456/data.xlsx,64,250,846,146,23,,,μL/L,μL/L,高温过热,高温过热
alan456/data.xlsx,430,2300,1960,470,0,,,μL/L,μL/L,高温过热,高温过热
alan456/data.xlsx,31,44,208,46,2.5,,,μL/L,μL/L,高温过热,高温过热
alan456/data.xlsx,349,4716,6805,60,0.5,,,μL/L,μL/L,高温过热,高温过热
alan456/data.xlsx,56,286,928,96,7.2,,,μL/L,μL/L,高温过热,高温过热
alan456/data.xlsx,116,833,1340,160,50.4,,,μL/L,μL/L,高温过热,高温过热
alan456/data.xlsx,1080,672,920,232,0.5,,,μL/L,μL/L,高温过热,高温过热
alan456/data.xlsx,41.8,97,600,157,0.5,,,μL/L,μL/L,高温过热,高温过热
alan456/data.xlsx,117,274,278,54,2.9,,,μL/L,μL/L,高温过热,高温过热
alan456/data.xlsx,318,114,386,52,33,,,μL/L,μL/L,高温过热,高温过热
alan456/data.xlsx,304,1487,5314,695,51,,,μL/L,μL/L,高温过热,高温过热
alan456/data.xlsx,140.33,193.62,426.52,82.13,26.98,,,μL/L,μL/L,高温过热,高温过热
alan456/data.xlsx,365,1206.4,1658.6,354.4,1.1,,,μL/L,μL/L,高温过热,高温过热
alan456/data.xlsx,14,29,178,18,0,,,μL/L,μL/L,高温过热,高温过热
alan456/data.xlsx,60.43,101.65,308.85,32.34,1.32,,,μL/L,μL/L,高温过热,高温过热
alan456/data.xlsx,97,139,501,28,3.6,,,μL/L,μL/L,高温过热,高温过热
alan456/data.xlsx,1481.6,1507.1,3971,281.9,149.5,,,μL/L,μL/L,高温过热,高温过热
alan456/data.xlsx,16,23,81,13,0.7,,,μL/L,μL/L,高温过热,高温过热
alan456/data.xlsx,156,137,360,47,2,,,μL/L,μL/L,高温过热,高温过热
alan456/data.xlsx,34.5,33.3,91.2,6.1,1.08,,,μL/L,μL/L,高温过热,高温过热
alan456/data.xlsx,105,67.7,175.5,40.6,1.5,,,μL/L,μL/L,高温过热,高温过热
alan456/data.xlsx,76.51,96.42,155.28,23.48,0,,,μL/L,μL/L,高温过热,高温过热
alan456/data.xlsx,115.9,75.8,205.5,26.8,14.7,,,μL/L,μL/L,高温过热,高温过热
alan456/data.xlsx,810,283,1057,138,14.2,,,μL/L,μL/L,高温过热,高温过热
alan456/data.xlsx,791,390,560,169,12,,,μL/L,μL/L,高温过热,高温过热
alan456/data.xlsx,56,99.9,248.8,51.4,2.3,,,μL/L,μL/L,高温过热,高温过热
alan456/data.xlsx,141.7,1317.7,2368.4,331.6,31.3,,,μL/L,μL/L,高温过热,高温过热
alan456/data.xlsx,27.4,63.2,137.8,32.7,0.52,,,μL/L,μL/L,高温过热,高温过热
alan456/data.xlsx,207,416,1345,347,20,,,μL/L,μL/L,高温过热,高温过热
alan456/data.xlsx,236,410,817,159,3.5,,,μL/L,μL/L,高温过热,高温过热
alan456/data.xlsx,213,344,1103,71,20,,,μL/L,μL/L,高温过热,高温过热
alan456/data.xlsx,720,1000,2500,310,230,,,μL/L,μL/L,高温过热,高温过热
alan456/data.xlsx,36.2,12.6,15.5,4.4,0,,,μL/L,μL/L,高温过热,高温过热
alan456/data.xlsx,140,240,410,85,1.1,,,μL/L,μL/L,高温过热,高温过热
alan456/data.xlsx,4,2,24,1,0,,,μL/L,μL/L,高温过热,高温过热
alan456/data.xlsx,32,158,630,111,12,,,μL/L,μL/L,高温过热,高温过热
alan456/data.xlsx,63,196,984,119,13,,,μL/L,μL/L,高温过热,高温过热
alan456/data.xlsx,86,10,92,18,7.4,,,μL/L,μL/L,高温过热,高温过热
alan456/data.xlsx,89,120,95,19,6.7,,,μL/L,μL/L,高温过热,高温过热
alan456/data.xlsx,10,1,2,1,0,,,μL/L,μL/L,高温过热,高温过热
alan456/data.xlsx,128,102,314,39,14,,,μL/L,μL/L,高温过热,高温过热
alan456/data.xlsx,318,114,386,52,33,,,μL/L,μL/L,高温过热,高温过热
alan456/data.xlsx,14.9,13.4,57.2,6.4,2.2,,,μL/L,μL/L,高温过热,高温过热
alan456/data.xlsx,86.3,188.1,397.6,71.4,2.6,,,μL/L,μL/L,高温过热,高温过热
alan456/data.xlsx,4,6.3,18.8,3.9,0.8,,,μL/L,μL/L,高温过热,高温过热
alan456/data.xlsx,47,72,118.8,26.5,1.4,,,μL/L,μL/L,高温过热,高温过热
alan456/data.xlsx,86.4,131.4,182.8,44.7,1.4,,,μL/L,μL/L,高温过热,高温过热
alan456/data.xlsx,91,154.3,254,54,0.9,,,μL/L,μL/L,高温过热,高温过热
alan456/data.xlsx,149,367.1,574.1,101.6,1.6,,,μL/L,μL/L,高温过热,高温过热
alan456/data.xlsx,266.6,746.5,1073,209.4,1.5,,,μL/L,μL/L,高温过热,高温过热
alan456/data.xlsx,365,1206.4,1658.6,354.4,1.1,,,μL/L,μL/L,高温过热,高温过热
alan456/data.xlsx,9880,1502,638,189,6.4,,,μL/L,μL/L,高温过热,高温过热
alan456/data.xlsx,19.13,28.61,40.51,3.49,0,,,μL/L,μL/L,高温过热,高温过热
alan456/data.xlsx,76.51,96.42,155.28,23.48,0,,,μL/L,μL/L,高温过热,高温过热
alan456/data.xlsx,95.42,108.13,193.42,29.2,0,,,μL/L,μL/L,高温过热,高温过热
alan456/data.xlsx,34.1,51.8,134.88,20.7,0,,,μL/L,μL/L,高温过热,高温过热
alan456/data.xlsx,810,283,1057,138,14.2,,,μL/L,μL/L,高温过热,高温过热
alan456/data.xlsx,275,508,1200,133,2.5,,,μL/L,μL/L,高温过热,高温过热
alan456/data.xlsx,268,562,916,129,15.6,,,μL/L,μL/L,高温过热,高温过热
alan456/data.xlsx,68,105,235,25,0.5,,,μL/L,μL/L,高温过热,高温过热
alan456/data.xlsx,48.4,17.5,42.81,6.3,0.39,,,μL/L,μL/L,高温过热,高温过热
alan456/data.xlsx,93,33,60,11,0.32,,,μL/L,μL/L,高温过热,高温过热
alan456/data.xlsx,791,390,560,169,12,,,μL/L,μL/L,高温过热,高温过热
alan456/data.xlsx,56,99.9,248.8,51.4,2.3,,,μL/L,μL/L,高温过热,高温过热
alan456/data.xlsx,50.9,122.9,696.5,105.1,1,,,μL/L,μL/L,高温过热,高温过热
alan456/data.xlsx,29.9,24.1,151.7,34.3,0.6,,,μL/L,μL/L,高温过热,高温过热
alan456/data.xlsx,34.9,60.8,418.8,68,1.4,,,μL/L,μL/L,高温过热,高温过热
alan456/data.xlsx,148,239,1234,113,4,,,μL/L,μL/L,高温过热,高温过热
alan456/data.xlsx,25.1,411.91,1832.8,320.9,18.4,,,μL/L,μL/L,高温过热,高温过热
alan456/data.xlsx,141.7,1317.7,2368.4,331.6,31.3,,,μL/L,μL/L,高温过热,高温过热
alan456/data.xlsx,95,130,220,55,1.2,,,μL/L,μL/L,高温过热,高温过热
alan456/data.xlsx,135,230,420,83,1.4,,,μL/L,μL/L,高温过热,高温过热
alan456/data.xlsx,116.33,183.46,386.88,69.67,1.47,,,μL/L,μL/L,高温过热,高温过热
alan456/data.xlsx,186.76,249.83,467.24,104.46,3.61,,,μL/L,μL/L,高温过热,高温过热
alan456/data.xlsx,73,118.55,73.29,20.91,0.22,,,μL/L,μL/L,高温过热,高温过热
alan456/data.xlsx,225.3,303.5,376.3,100.1,0.78,,,μL/L,μL/L,高温过热,高温过热
alan456/data.xlsx,416.3,514.8,670.5,189.8,0.76,,,μL/L,μL/L,高温过热,高温过热
alan456/data.xlsx,231.4,357.6,467.1,138.9,0.45,,,μL/L,μL/L,高温过热,高温过热
alan456/data.xlsx,67.9,260.5,375,30.1,35.3,,,μL/L,μL/L,高温过热,高温过热
alan456/data.xlsx,147.3,282.5,366.3,31.8,34.3,,,μL/L,μL/L,高温过热,高温过热
alan456/data.xlsx,158.4,320.7,510.9,39.7,47,,,μL/L,μL/L,高温过热,高温过热
alan456/data.xlsx,14.6,98,204.7,42.2,0,,,μL/L,μL/L,高温过热,高温过热
alan456/data.xlsx,32.98,60.11,109.07,19.11,0.65,,,μL/L,μL/L,高温过热,高温过热
alan456/data.xlsx,83.08,160.72,262.04,45,1.35,,,μL/L,μL/L,高温过热,高温过热
alan456/data.xlsx,90.41,180.99,306.66,54.54,1.61,,,μL/L,μL/L,高温过热,高温过热
alan456/data.xlsx,51,131,204,49,0,,,μL/L,μL/L,高温过热,高温过热
alan456/data.xlsx,96.7,165.5,256.3,48.6,0.42,,,μL/L,μL/L,高温过热,高温过热
alan456/data.xlsx,149.6,194,378.8,84.9,0.77,,,μL/L,μL/L,高温过热,高温过热
alan456/data.xlsx,349.6,763.8,1969.7,260.9,0,,,μL/L,μL/L,高温过热,高温过热
alan456/data.xlsx,75,28.8,80.9,7,4.8,,,μL/L,μL/L,高温过热,高温过热
alan456/data.xlsx,64,53.6,205.8,15.8,5.1,,,μL/L,μL/L,高温过热,高温过热
alan456/data.xlsx,453,59.4,32.4,2.8,0,,,μL/L,μL/L,高温过热,高温过热
alan456/data.xlsx,9.4,35.1,50.2,7.6,0.92,,,μL/L,μL/L,高温过热,高温过热
alan456/data.xlsx,27.2,32.8,36.4,8.6,2,,,μL/L,μL/L,高温过热,高温过热
alan456/data.xlsx,19.24,110.81,181.08,3.38,4.33,,,μL/L,μL/L,高温过热,高温过热
alan456/data.xlsx,24.46,199.74,320.16,72.73,0.97,,,μL/L,μL/L,高温过热,高温过热
alan456/data.xlsx,33.79,304.33,465.49,97.2,1.23,,,μL/L,μL/L,高温过热,高温过热
alan456/data.xlsx,37.48,53.33,84.75,20.17,0,,,μL/L,μL/L,高温过热,高温过热
alan456/data.xlsx,58.54,116.04,175.74,34.12,0.72,,,μL/L,μL/L,高温过热,高温过热
alan456/data.xlsx,14.42,44.83,72.63,3.26,0,,,μL/L,μL/L,高温过热,高温过热
alan456/data.xlsx,36.74,68.96,101.95,26.45,0.33,,,μL/L,μL/L,高温过热,高温过热
alan456/data.xlsx,36,60.5,75.3,16.6,0,,,μL/L,μL/L,高温过热,高温过热
alan456/data.xlsx,68.7,118.7,166.7,31,0.4,,,μL/L,μL/L,高温过热,高温过热
alan456/data.xlsx,359,378,664,92,3,,,μL/L,μL/L,高温过热,高温过热
alan456/data.xlsx,529,796,1384,247,7.3,,,μL/L,μL/L,高温过热,高温过热
alan456/data.xlsx,618,925,1588,289,7.4,,,μL/L,μL/L,高温过热,高温过热
alan456/data.xlsx,228.21,312.28,554.26,72.85,10.21,,,μL/L,μL/L,高温过热,高温过热
alan456/data.xlsx,17,67,197,40,0,,,μL/L,μL/L,高温过热,高温过热
alan456/data.xlsx,32,11.6,39.6,5,3.6,,,μL/L,μL/L,高温过热,高温过热
alan456/data.xlsx,21.8,22,67.6,5.6,6.7,,,μL/L,μL/L,高温过热,高温过热
alan456/data.xlsx,23,698.5,6684,1112.2,42.4,,,μL/L,μL/L,高温过热,高温过热
alan456/data.xlsx,27,51.6,112,21.5,1.2,,,μL/L,μL/L,高温过热,高温过热
alan456/data.xlsx,221,440,610.5,94.6,3.7,,,μL/L,μL/L,高温过热,高温过热
alan456/data.xlsx,226.9,373.4,391.7,68.3,1.8,,,μL/L,μL/L,高温过热,高温过热
alan456/data.xlsx,43.9,34.2,65.8,9.3,0.8,,,μL/L,μL/L,高温过热,高温过热
alan456/data.xlsx,28.1,53.6,102.4,13.7,0,,,μL/L,μL/L,高温过热,高温过热
alan456/data.xlsx,21,124,183,45,5,,,μL/L,μL/L,高温过热,高温过热
alan456/data.xlsx,23.7,48.2,89.2,15.2,0,,,μL/L,μL/L,高温过热,高温过热
alan456/data.xlsx,32.5,122.7,217.2,17.3,0,,,μL/L,μL/L,高温过热,高温过热
alan456/data.xlsx,40.2,100.5,253.5,26.3,3.8,,,μL/L,μL/L,高温过热,高温过热
alan456/data.xlsx,87.9,60.6,420.1,38.8,7.9,,,μL/L,μL/L,高温过热,高温过热
alan456/data.xlsx,94,190,390,42,1,,,μL/L,μL/L,高温过热,高温过热
alan456/data.xlsx,99.1,181.7,539.7,75.2,0,,,μL/L,μL/L,高温过热,高温过热
alan456/data.xlsx,248.7,145.2,343.2,50.8,0,,,μL/L,μL/L,高温过热,高温过热
alan456/data.xlsx,56.9,138.6,361.1,71.1,0,,,μL/L,μL/L,高温过热,高温过热
alan456/data.xlsx,37.8,348.9,786.2,118.3,0,,,μL/L,μL/L,高温过热,高温过热
alan456/data.xlsx,24.85,410.53,907.42,149.72,0,,,μL/L,μL/L,高温过热,高温过热
alan456/data.xlsx,52.68,494.3,1007.08,163,1.59,,,μL/L,μL/L,高温过热,高温过热
alan456/data.xlsx,69.27,192,291,96.94,0.3,,,μL/L,μL/L,高温过热,高温过热
alan456/data.xlsx,61,22,104,3.8,10.4,,,μL/L,μL/L,高温过热,高温过热
alan456/data.xlsx,26.4,49.8,78.6,13.9,1,,,μL/L,μL/L,高温过热,高温过热
alan456/data.xlsx,33,60,124,22,2.6,,,μL/L,μL/L,高温过热,高温过热
alan456/data.xlsx,83.4,37.2,112.8,11.7,0,,,μL/L,μL/L,高温过热,高温过热
alan456/data.xlsx,2213,3920,6894,782,68.7,,,μL/L,μL/L,高温过热,高温过热
alan456/data.xlsx,30,62,460,60,3.4,,,μL/L,μL/L,高温过热,高温过热
alan456/data.xlsx,352,625,1951,112,132,,,μL/L,μL/L,高温过热,高温过热
alan456/data.xlsx,50,90,260,18,5.9,,,μL/L,μL/L,高温过热,高温过热
alan456/data.xlsx,48,230,810,160,7,,,μL/L,μL/L,高温过热,高温过热
alan456/data.xlsx,81,130,230,74,2.9,,,μL/L,μL/L,高温过热,高温过热
alan456/data.xlsx,130,440,730,180,0,,,μL/L,μL/L,高温过热,高温过热
alan456/data.xlsx,170,330,430,77,13,,,μL/L,μL/L,高温过热,高温过热
alan456/data.xlsx,90,160,330,54,29,,,μL/L,μL/L,高温过热,高温过热
alan456/data.xlsx,170,320,520,53,3.2,,,μL/L,μL/L,高温过热,高温过热
alan456/data.xlsx,171,319,1297,178,8.1,,,μL/L,μL/L,高温过热,高温过热
alan456/data.xlsx,77,406,819,59,0,,,μL/L,μL/L,高温过热,高温过热
alan456/data.xlsx,679,2779,7026,607,26,,,μL/L,μL/L,高温过热,高温过热
alan456/data.xlsx,438,2225,4649,725,24,,,μL/L,μL/L,高温过热,高温过热
alan456/data.xlsx,11,88,250,83,8.5,,,μL/L,μL/L,高温过热,高温过热
alan456/data.xlsx,220,340,480,42,14,,,μL/L,μL/L,高温过热,高温过热
alan456/data.xlsx,2406,778,1464,182,7.4,,,μL/L,μL/L,高温过热,高温过热
alan456/data.xlsx,380,190,280,30,22,,,μL/L,μL/L,高温过热,高温过热
alan456/data.xlsx,60.1,114.9,342.1,37.15,3.75,,,μL/L,μL/L,高温过热,高温过热
alan456/data.xlsx,19,49,100,9.5,0,,,μL/L,μL/L,高温过热,高温过热
alan456/data.xlsx,52,79,210,19,0,,,μL/L,μL/L,高温过热,高温过热
alan456/data.xlsx,11,29,90,19,0,,,μL/L,μL/L,高温过热,高温过热
alan456/data.xlsx,160,440,870,150,0.6,,,μL/L,μL/L,高温过热,高温过热
alan456/data.xlsx,350,1000,1800,330,3.2,,,μL/L,μL/L,高温过热,高温过热
alan456/data.xlsx,39,620,1000,240,0.7,,,μL/L,μL/L,高温过热,高温过热
alan456/data.xlsx,93,830,1300,340,0.4,,,μL/L,μL/L,高温过热,高温过热
alan456/data.xlsx,73,110,190,41,0,,,μL/L,μL/L,高温过热,高温过热
alan456/data.xlsx,140,340,580,120,1.1,,,μL/L,μL/L,高温过热,高温过热
alan456/data.xlsx,460,520,1400,350,3.8,,,μL/L,μL/L,高温过热,高温过热
alan456/data.xlsx,9.3,11.9,46.7,4.6,0,,,μL/L,μL/L,高温过热,高温过热
alan456/data.xlsx,18.3,61.6,90.2,13.2,0,,,μL/L,μL/L,高温过热,高温过热
alan456/data.xlsx,122,155.7,366.8,27.1,23.2,,,μL/L,μL/L,高温过热,高温过热
alan456/data.xlsx,30.9,38.15,54.66,11.39,0.39,,,μL/L,μL/L,高温过热,高温过热
alan456/data.xlsx,13.4,11.29,122.14,6.96,0,,,μL/L,μL/L,高温过热,高温过热
alan456/data.xlsx,64.64,54.21,99.79,14.38,0,,,μL/L,μL/L,高温过热,高温过热
alan456/data.xlsx,53.87,91.14,181.64,28.19,0,,,μL/L,μL/L,高温过热,高温过热
alan456/data.xlsx,43.6,104.2,177.6,36.9,0,,,μL/L,μL/L,高温过热,高温过热
alan456/data.xlsx,173.5,749.3,2675,345.5,0,,,μL/L,μL/L,高温过热,高温过热
alan456/data.xlsx,166.1,1050.9,2940.6,422.8,0,,,μL/L,μL/L,高温过热,高温过热
alan456/data.xlsx,0.21,0.7512,1.2735,0.1578,0,,,μL/L,μL/L,高温过热,高温过热
alan456/data.xlsx,571,2394.6,3186.9,327.1,53.89,,,μL/L,μL/L,高温过热,高温过热
alan456/data.xlsx,135.6,278.5,492.1,58.8,2.95,,,μL/L,μL/L,高温过热,高温过热
alan456/data.xlsx,0.02,0.0109,0.0559,0.0073,0,,,μL/L,μL/L,高温过热,高温过热
alan456/data.xlsx,17.8,7.4,52.3,4.8,0,,,μL/L,μL/L,高温过热,高温过热
alan456/data.xlsx,20.3,7.9,49.6,1.6,0,,,μL/L,μL/L,高温过热,高温过热
alan456/data.xlsx,16.2,220,486,50,10.6,,,μL/L,μL/L,高温过热,高温过热
alan456/data.xlsx,18.2,103.9,358.6,54.7,4.4,,,μL/L,μL/L,高温过热,高温过热
alan456/data.xlsx,122.5,260,688,114.3,17.2,,,μL/L,μL/L,高温过热,高温过热
alan456/data.xlsx,87.79,184.98,332.49,81.88,0,,,μL/L,μL/L,高温过热,高温过热
alan456/data.xlsx,128.19,383.88,627.65,191.32,0,,,μL/L,μL/L,高温过热,高温过热
alan456/data.xlsx,5.15,14.47,26.03,6.82,0,,,μL/L,μL/L,高温过热,高温过热
alan456/data.xlsx,29.27,88.88,140,46.51,0,,,μL/L,μL/L,高温过热,高温过热
alan456/data.xlsx,14,224,804,199,0,,,μL/L,μL/L,高温过热,高温过热
alan456/data.xlsx,62.81,215.85,947.2,160.9,12.3,,,μL/L,μL/L,高温过热,高温过热
alan456/data.xlsx,228.21,312.28,554.26,72.85,10.21,,,μL/L,μL/L,高温过热,高温过热
alan456/data.xlsx,15.75,124.6,312.59,37.84,16.32,,,μL/L,μL/L,高温过热,高温过热
alan456/data.xlsx,36.29,222.62,503.97,48.97,20.24,,,μL/L,μL/L,高温过热,高温过热
alan456/data.xlsx,9.44,70.74,187.42,33.56,2.53,,,μL/L,μL/L,高温过热,高温过热
alan456/data.xlsx,11.97,212.83,805.18,144.26,19.19,,,μL/L,μL/L,高温过热,高温过热
alan456/data.xlsx,46.6,23.24,20.29,4.37,54.09,,,μL/L,μL/L,低能放电,低能放电
alan456/data.xlsx,87.6,44.54,88.8,6.56,204.32,,,μL/L,μL/L,低能放电,低能放电
alan456/data.xlsx,18.78,8.33,20.19,0.93,56.77,,,μL/L,μL/L,低能放电,低能放电
alan456/data.xlsx,63.6,44.3,30.3,10.2,10.7,,,μL/L,μL/L,低能放电,低能放电
alan456/data.xlsx,100,22,26,1.6,33,,,μL/L,μL/L,低能放电,低能放电
alan456/data.xlsx,247.5,67.69,84.38,8.52,79.66,,,μL/L,μL/L,低能放电,低能放电
alan456/data.xlsx,44,18,23,4,12.4,,,μL/L,μL/L,低能放电,低能放电
alan456/data.xlsx,442,85,103,10,174,,,μL/L,μL/L,低能放电,低能放电
alan456/data.xlsx,106,24,28,4,37,,,μL/L,μL/L,低能放电,低能放电
alan456/data.xlsx,36,17,13,4,5.4,,,μL/L,μL/L,低能放电,低能放电
alan456/data.xlsx,162,35,30,5.6,44,,,μL/L,μL/L,低能放电,低能放电
alan456/data.xlsx,18,3,3.4,1,4.3,,,μL/L,μL/L,低能放电,低能放电
alan456/data.xlsx,150,27,63,3.6,90,,,μL/L,μL/L,低能放电,低能放电
alan456/data.xlsx,69,36,51,21,11.3,,,μL/L,μL/L,低能放电,低能放电
alan456/data.xlsx,9.6,4.6,2.2,1,2.2,,,μL/L,μL/L,低能放电,低能放电
alan456/data.xlsx,60.1,20,9.5,5.5,9.1,,,μL/L,μL/L,低能放电,低能放电
alan456/data.xlsx,335,67,143,18,170,,,μL/L,μL/L,低能放电,低能放电
alan456/data.xlsx,2.2,2,3.4,0.58,1.37,,,μL/L,μL/L,低能放电,低能放电
alan456/data.xlsx,42,5.4,6,0.85,6.55,,,μL/L,μL/L,低能放电,低能放电
alan456/data.xlsx,395,95,179,10,74,,,μL/L,μL/L,低能放电,低能放电
alan456/data.xlsx,75,32,23,7.5,3.4,,,μL/L,μL/L,低能放电,低能放电
alan456/data.xlsx,290,110,47,6.8,90,,,μL/L,μL/L,低能放电,低能放电
alan456/data.xlsx,55,48,71,6,13,,,μL/L,μL/L,低能放电,低能放电
alan456/data.xlsx,42.4,9.3,28.9,2.9,8.2,,,μL/L,μL/L,低能放电,低能放电
alan456/data.xlsx,48.3,6.1,9.2,1.7,20.8,,,μL/L,μL/L,低能放电,低能放电
alan456/data.xlsx,376,24,25.6,22,67.2,,,μL/L,μL/L,低能放电,低能放电
alan456/data.xlsx,24.92,22.24,12.3,7.49,26.51,,,μL/L,μL/L,低能放电,低能放电
alan456/data.xlsx,236,48.93,47.48,13.3,88.33,,,μL/L,μL/L,低能放电,低能放电
alan456/data.xlsx,435.8,70.02,51.36,23.06,57.96,,,μL/L,μL/L,低能放电,低能放电
alan456/data.xlsx,34.46,21.92,44.96,3.19,19.62,,,μL/L,μL/L,低能放电,低能放电
alan456/data.xlsx,138.8,52.2,62.8,6.77,9.55,,,μL/L,μL/L,低能放电,低能放电
alan456/data.xlsx,220,9.2,2.3,2.4,0.2,,,μL/L,μL/L,低能放电,低能放电
alan456/data.xlsx,380,9.7,2.4,3.1,0.5,,,μL/L,μL/L,低能放电,低能放电
alan456/data.xlsx,380,9.7,2.4,3.1,0.5,,,μL/L,μL/L,低能放电,低能放电
alan456/data.xlsx,9,8.4,30,3.7,5,,,μL/L,μL/L,低能放电,低能放电
alan456/data.xlsx,220,9.2,2.3,2.4,0.2,,,μL/L,μL/L,低能放电,低能放电
alan456/data.xlsx,29,8.08,3.77,1.21,4.21,,,μL/L,μL/L,低能放电,低能放电
alan456/data.xlsx,80,66,177,18,510,,,μL/L,μL/L,低能放电,低能放电
alan456/data.xlsx,4444,65.9,884.6,28.4,373.7,,,μL/L,μL/L,低能放电,低能放电
alan456/data.xlsx,46.56,23.24,20.29,4.37,54.09,,,μL/L,μL/L,低能放电,低能放电
alan456/data.xlsx,12.97,5.98,15.23,1.39,16.1,,,μL/L,μL/L,低能放电,低能放电
alan456/data.xlsx,127,107,154,11,224,,,μL/L,μL/L,低能放电,低能放电
alan456/data.xlsx,102.7,16.1,26.9,1.4,26.5,,,μL/L,μL/L,低能放电,低能放电
alan456/data.xlsx,288.3,224.4,519.4,31,888.3,,,μL/L,μL/L,低能放电,低能放电
alan456/data.xlsx,52.2,26.8,972.6,115.8,355.3,,,μL/L,μL/L,低能放电,低能放电
alan456/data.xlsx,110,51,33,4,57,,,μL/L,μL/L,低能放电,低能放电
alan456/data.xlsx,7500,6.8,8,3.3,6.9,,,μL/L,μL/L,低能放电,低能放电
alan456/data.xlsx,980,570,480,37,340,,,μL/L,μL/L,低能放电,低能放电
alan456/data.xlsx,420,200,230,14,180,,,μL/L,μL/L,低能放电,低能放电
alan456/data.xlsx,80,20,37,6,62,,,μL/L,μL/L,低能放电,低能放电
alan456/data.xlsx,190,24,17,7,47,,,μL/L,μL/L,低能放电,低能放电
alan456/data.xlsx,49567,532,97,0,285,,,μL/L,μL/L,低能放电,低能放电
alan456/data.xlsx,74,19,29,8,58,,,μL/L,μL/L,低能放电,低能放电
alan456/data.xlsx,176,133,216,14,396,,,μL/L,μL/L,低能放电,低能放电
alan456/data.xlsx,116,20,27,7,54,,,μL/L,μL/L,低能放电,低能放电
alan456/data.xlsx,156,36,69,3,26,,,μL/L,μL/L,低能放电,低能放电
alan456/data.xlsx,34.46,21.92,44.96,3.19,19.62,,,μL/L,μL/L,低能放电,低能放电
alan456/data.xlsx,138.8,52.2,62.8,6.77,9.55,,,μL/L,μL/L,低能放电,低能放电
alan456/data.xlsx,160,90,17,27,5,,,μL/L,μL/L,低能放电,低能放电
alan456/data.xlsx,470,38,51,16,39,,,μL/L,μL/L,低能放电,低能放电
alan456/data.xlsx,692,605,1437,78,2833,,,μL/L,μL/L,低能放电,低能放电
alan456/data.xlsx,470,38,51,16,51,,,μL/L,μL/L,低能放电,低能放电
alan456/data.xlsx,156,0.5,54,0.5,121,,,μL/L,μL/L,低能放电,低能放电
alan456/data.xlsx,52,12,10,13,13,,,μL/L,μL/L,低能放电,低能放电
alan456/data.xlsx,93,17,20,5,31,,,μL/L,μL/L,低能放电,低能放电
alan456/data.xlsx,171.28,25.44,96.18,28.41,21.16,,,μL/L,μL/L,低能放电,低能放电
alan456/data.xlsx,176.17,13.86,13.32,8.14,27.57,,,μL/L,μL/L,低能放电,低能放电
alan456/data.xlsx,197.61,18.66,13.45,14.03,25.56,,,μL/L,μL/L,低能放电,低能放电
alan456/data.xlsx,228.26,24.21,21.81,19.97,48.57,,,μL/L,μL/L,低能放电,低能放电
alan456/data.xlsx,356.27,49.15,188.54,48.98,52.16,,,μL/L,μL/L,低能放电,低能放电
alan456/data.xlsx,90.83,24.08,8.87,5.22,9.07,,,μL/L,μL/L,低能放电,低能放电
alan456/data.xlsx,136.81,33.18,19.3,7.55,39.56,,,μL/L,μL/L,低能放电,低能放电
alan456/data.xlsx,54.7,38.2,53,5.2,56.6,,,μL/L,μL/L,低能放电,低能放电
alan456/data.xlsx,20,3.5,14.2,0,8.8,,,μL/L,μL/L,低能放电,低能放电
alan456/data.xlsx,232,79.6,95.3,12.1,242,,,μL/L,μL/L,低能放电,低能放电
alan456/data.xlsx,20.3,4.6,7.1,0.5,1.9,,,μL/L,μL/L,低能放电,低能放电
alan456/data.xlsx,39.4,6.7,10.5,1.5,4.8,,,μL/L,μL/L,低能放电,低能放电
alan456/data.xlsx,56.9,9.5,12.2,1.6,6.5,,,μL/L,μL/L,低能放电,低能放电
alan456/data.xlsx,23,5.8,3.1,1,3.62,,,μL/L,μL/L,低能放电,低能放电
alan456/data.xlsx,441.2,57.9,86.7,9.5,204.9,,,μL/L,μL/L,低能放电,低能放电
alan456/data.xlsx,32.7,6.9,10.6,0,24.7,,,μL/L,μL/L,低能放电,低能放电
alan456/data.xlsx,349.2,42.4,62.4,4.8,177.5,,,μL/L,μL/L,低能放电,低能放电
alan456/data.xlsx,40.1,34.4,36,7.8,6.6,,,μL/L,μL/L,低能放电,低能放电
alan456/data.xlsx,322.2,123.26,221.72,10.69,316.29,,,μL/L,μL/L,低能放电,低能放电
alan456/data.xlsx,14.9,11.8,1.4,4.2,1.6,,,μL/L,μL/L,低能放电,低能放电
alan456/data.xlsx,288,79,215,0,40,,,μL/L,μL/L,低能放电,低能放电
alan456/data.xlsx,725,241,270,21,70,,,μL/L,μL/L,低能放电,低能放电
alan456/data.xlsx,802,281,385,32,86,,,μL/L,μL/L,低能放电,低能放电
alan456/data.xlsx,271,95,162,22,183,,,μL/L,μL/L,低能放电,低能放电
alan456/data.xlsx,130.4,48.8,93.4,16.3,123.4,,,μL/L,μL/L,低能放电,低能放电
alan456/data.xlsx,13,2.3,0.7,1.4,1.9,,,μL/L,μL/L,低能放电,低能放电
alan456/data.xlsx,40.9,11.9,69.3,4.5,29,,,μL/L,μL/L,低能放电,低能放电
alan456/data.xlsx,33.3,23.3,10.3,12.1,7.6,,,μL/L,μL/L,低能放电,低能放电
alan456/data.xlsx,31.8,25,12.9,8.2,5.7,,,μL/L,μL/L,低能放电,低能放电
alan456/data.xlsx,415,123,273,15,609,,,μL/L,μL/L,低能放电,低能放电
alan456/data.xlsx,67,18,73,13,83,,,μL/L,μL/L,低能放电,低能放电
alan456/data.xlsx,39,21,126,50,27,,,μL/L,μL/L,低能放电,低能放电
alan456/data.xlsx,152,13,8.7,0.4,21,,,μL/L,μL/L,低能放电,低能放电
alan456/data.xlsx,71,16,62,3.3,10,,,μL/L,μL/L,低能放电,低能放电
alan456/data.xlsx,39.3,37.1,77.4,11.6,9.3,,,μL/L,μL/L,低能放电,低能放电
alan456/data.xlsx,17,5.2,2.3,1.4,2.4,,,μL/L,μL/L,低能放电,低能放电
alan456/data.xlsx,103,12,11.1,3.2,19.6,,,μL/L,μL/L,低能放电,低能放电
alan456/data.xlsx,1613,850,1045,64.7,1204,,,μL/L,μL/L,低能放电,低能放电
alan456/data.xlsx,60,40,110,9.9,70,,,μL/L,μL/L,低能放电,低能放电
alan456/data.xlsx,440,176,394,15,350,,,μL/L,μL/L,低能放电,低能放电
alan456/data.xlsx,160,90,17,27,5.8,,,μL/L,μL/L,低能放电,低能放电
alan456/data.xlsx,611.7,247,242.9,27.7,620.6,,,μL/L,μL/L,低能放电,低能放电
alan456/data.xlsx,876,354,548,85,910,,,μL/L,μL/L,低能放电,低能放电
alan456/data.xlsx,508.7,135.3,308.2,22.4,304,,,μL/L,μL/L,低能放电,低能放电
alan456/data.xlsx,260,130,84,29,92,,,μL/L,μL/L,低能放电,低能放电
alan456/data.xlsx,117.4,12.5,11.2,3.8,20.3,,,μL/L,μL/L,低能放电,低能放电
alan456/data.xlsx,186.9,75.6,22.3,38,2.8,,,μL/L,μL/L,低能放电,低能放电
alan456/data.xlsx,42.9,9.5,25,1.8,19.1,,,μL/L,μL/L,低能放电,低能放电
alan456/data.xlsx,37,6.8,0.6,5.7,0.3,,,μL/L,μL/L,低能放电,低能放电
alan456/data.xlsx,12.5,10.3,1.9,2.8,2.7,,,μL/L,μL/L,低能放电,低能放电
alan456/data.xlsx,29.82,10.5,19.1,2.4,24.3,,,μL/L,μL/L,低能放电,低能放电
alan456/data.xlsx,192.04,28.05,38.47,2.7,62.55,,,μL/L,μL/L,低能放电,低能放电
alan456/data.xlsx,120,20,13,4.7,14,,,μL/L,μL/L,低能放电,低能放电
alan456/data.xlsx,260,170,270,35,140,,,μL/L,μL/L,低能放电,低能放电
alan456/data.xlsx,56.2,11.3,30.3,5,11.2,,,μL/L,μL/L,低能放电,低能放电
alan456/data.xlsx,123.8,37.3,76.1,9.5,18.6,,,μL/L,μL/L,低能放电,低能放电
alan456/data.xlsx,12.9,8.5,26.5,0,7.2,,,μL/L,μL/L,低能放电,低能放电
alan456/data.xlsx,626.37,371.94,251.29,11.94,415.18,,,μL/L,μL/L,低能放电,低能放电
alan456/data.xlsx,612,117.44,117.15,14.78,96.68,,,μL/L,μL/L,低能放电,低能放电
alan456/data.xlsx,110.55,66.52,165.85,25.29,71.16,,,μL/L,μL/L,低能放电,低能放电
alan456/data.xlsx,32.8,13.5,29.5,3.7,157,,,μL/L,μL/L,高能放电,高能放电
alan456/data.xlsx,112,15.4,26.3,2.8,92,,,μL/L,μL/L,高能放电,高能放电
alan456/data.xlsx,102,3.9,7.7,0.8,39.2,,,μL/L,μL/L,高能放电,高能放电
alan456/data.xlsx,81,7.3,26.4,6.3,111,,,μL/L,μL/L,高能放电,高能放电
alan456/data.xlsx,334,39.9,5.35,47.8,247.6,,,μL/L,μL/L,高能放电,高能放电
alan456/data.xlsx,5.5,2.7,0,9.6,3.8,,,μL/L,μL/L,高能放电,高能放电
alan456/data.xlsx,15.4,1.64,5.2,0.9,21.6,,,μL/L,μL/L,高能放电,高能放电
alan456/data.xlsx,29,26.3,27,1.8,82.4,,,μL/L,μL/L,高能放电,高能放电
alan456/data.xlsx,24.2,3.2,16.6,3.7,100.6,,,μL/L,μL/L,高能放电,高能放电
alan456/data.xlsx,20,12,56,1.2,274,,,μL/L,μL/L,高能放电,高能放电
alan456/data.xlsx,154.6,50.9,46.8,3.8,152.8,,,μL/L,μL/L,高能放电,高能放电
alan456/data.xlsx,161.2,38.4,35.1,4.4,125.4,,,μL/L,μL/L,高能放电,高能放电
alan456/data.xlsx,120,60,7.6,2.2,370,,,μL/L,μL/L,高能放电,高能放电
alan456/data.xlsx,120,60,7.6,2.2,370,,,μL/L,μL/L,高能放电,高能放电
alan456/data.xlsx,145.28,9.22,5.06,12.64,21.25,,,μL/L,μL/L,高能放电,高能放电
alan456/data.xlsx,292,71.4,4,10.9,209.8,,,μL/L,μL/L,高能放电,高能放电
alan456/data.xlsx,361,29.56,25.69,2.74,197.01,,,μL/L,μL/L,高能放电,高能放电
alan456/data.xlsx,4.3,1,0.3,0.4,3.2,,,μL/L,μL/L,高能放电,高能放电
alan456/data.xlsx,96,39.9,84,13.6,268.3,,,μL/L,μL/L,高能放电,高能放电
alan456/data.xlsx,304,51.4,33,15.9,138.3,,,μL/L,μL/L,高能放电,高能放电
alan456/data.xlsx,1045,147,285,14,1680,,,μL/L,μL/L,高能放电,高能放电
alan456/data.xlsx,173,74,264,10,1071,,,μL/L,μL/L,高能放电,高能放电
alan456/data.xlsx,10081,669,493.9,22.8,3977,,,μL/L,μL/L,高能放电,高能放电
alan456/data.xlsx,200.83,59.45,40.48,0,150.84,,,μL/L,μL/L,高能放电,高能放电
alan456/data.xlsx,1.54,15.74,7.02,1.56,0,,,μL/L,μL/L,正常,正常
alan456/data.xlsx,2.05,7.55,5.48,0.81,0,,,μL/L,μL/L,正常,正常
alan456/data.xlsx,1.77,14.972,12.725,1.45,0,,,μL/L,μL/L,正常,正常
alan456/data.xlsx,1.62,16.772,8.072,1.87,0,,,μL/L,μL/L,正常,正常
alan456/data.xlsx,1.08,8.939,6.788,0.908,0,,,μL/L,μL/L,正常,正常
alan456/data.xlsx,1.21,21.34,14.92,2.03,0,,,μL/L,μL/L,正常,正常
alan456/data.xlsx,1.67,15.232,6.891,1.658,0,,,μL/L,μL/L,正常,正常
alan456/data.xlsx,1.175,8.393,5.124,0.807,0,,,μL/L,μL/L,正常,正常
alan456/data.xlsx,0.937,16.294,10.436,1.275,0,,,μL/L,μL/L,正常,正常
alan456/data.xlsx,1.53,10.638,4.623,1.067,0,,,μL/L,μL/L,正常,正常
alan456/data.xlsx,1.082,9.523,5.469,0.756,0,,,μL/L,μL/L,正常,正常
alan456/data.xlsx,1.46,5.509,2.96,0.634,0,,,μL/L,μL/L,正常,正常
alan456/data.xlsx,1.062,6.981,5.016,0.757,0,,,μL/L,μL/L,正常,正常
alan456/data.xlsx,1.138,10.711,6.701,0.779,0,,,μL/L,μL/L,正常,正常
alan456/data.xlsx,1.51,6.656,3.481,0.8,0,,,μL/L,μL/L,正常,正常
alan456/data.xlsx,1.025,4.763,3.44,0.832,0,,,μL/L,μL/L,正常,正常
alan456/data.xlsx,1.643,14.281,2.188,0.515,0,,,μL/L,μL/L,正常,正常
alan456/data.xlsx,1.171,6.535,4.767,0.257,0,,,μL/L,μL/L,正常,正常
alan456/data.xlsx,1.452,18.23,12.277,1.631,0,,,μL/L,μL/L,正常,正常
alan456/data.xlsx,1.477,13.829,6.424,1.408,0,,,μL/L,μL/L,正常,正常
alan456/data.xlsx,0.704,3.379,2.688,0.366,0,,,μL/L,μL/L,正常,正常
alan456/data.xlsx,1.534,15.171,13.173,0.391,0,,,μL/L,μL/L,正常,正常
alan456/data.xlsx,2.123,7.668,5.12,1.141,0,,,μL/L,μL/L,正常,正常
alan456/data.xlsx,1.534,5.171,3.173,0.391,0,,,μL/L,μL/L,正常,正常
alan456/data.xlsx,1.831,14.605,1.913,0.439,0,,,μL/L,μL/L,正常,正常
alan456/data.xlsx,1.359,9.534,0.928,6.606,0,,,μL/L,μL/L,正常,正常
alan456/data.xlsx,3.015,13.307,2.547,2.547,0,,,μL/L,μL/L,正常,正常
alan456/data.xlsx,1.567,12.384,6.094,1.379,0,,,μL/L,μL/L,正常,正常
alan456/data.xlsx,1.703,11.834,7.37,1.146,0,,,μL/L,μL/L,正常,正常
alan456/data.xlsx,1.477,16.061,1.936,1.429,0,,,μL/L,μL/L,正常,正常
alan456/data.xlsx,1.567,9.603,5.526,1.445,0,,,μL/L,μL/L,正常,正常
alan456/data.xlsx,1.703,10.785,7.297,1.082,0,,,μL/L,μL/L,正常,正常
alan456/data.xlsx,0.654,15.308,11.281,1.336,0,,,μL/L,μL/L,正常,正常
alan456/data.xlsx,2.672,9.131,4.872,1.123,0,,,μL/L,μL/L,正常,正常
alan456/data.xlsx,1.703,9.43,6.53,0.94,0,,,μL/L,μL/L,正常,正常
alan456/data.xlsx,0.654,11.595,9.483,1.165,0,,,μL/L,μL/L,正常,正常
alan456/data.xlsx,1.71,8.092,6.519,0.928,0,,,μL/L,μL/L,正常,正常
alan456/data.xlsx,0.718,12.771,12.2,0.296,0,,,μL/L,μL/L,正常,正常
alan456/data.xlsx,0.591,15.204,10.927,1.309,0,,,μL/L,μL/L,正常,正常
alan456/data.xlsx,1.24,13.609,5.611,5.611,0,,,μL/L,μL/L,正常,正常
alan456/data.xlsx,0.823,12.29,7.26,1.03,0,,,μL/L,μL/L,正常,正常
alan456/data.xlsx,0.591,11.27,10.05,1.16,0,,,μL/L,μL/L,正常,正常
alan456/data.xlsx,1.698,13.609,5.611,5.611,0,,,μL/L,μL/L,正常,正常
alan456/data.xlsx,1.23,13.58,7.59,1.25,0,,,μL/L,μL/L,正常,正常
alan456/data.xlsx,1.6,12.431,7.802,1.323,0,,,μL/L,μL/L,正常,正常
alan456/data.xlsx,1.698,22.448,11.326,2.507,0,,,μL/L,μL/L,正常,正常
alan456/data.xlsx,1.23,11.38,7.3,1,0,,,μL/L,μL/L,正常,正常
alan456/data.xlsx,1.6,17.23,11.65,1.43,0,,,μL/L,μL/L,正常,正常
alan456/data.xlsx,1.698,13.51,6.73,1.37,0,,,μL/L,μL/L,正常,正常
alan456/data.xlsx,1.83,16.71,11.99,1.82,0,,,μL/L,μL/L,正常,正常
alan456/data.xlsx,0.645,8.453,4.734,1.162,0,,,μL/L,μL/L,正常,正常
alan456/data.xlsx,2.334,13.081,8.834,1.526,0,,,μL/L,μL/L,正常,正常
alan456/data.xlsx,2.922,13.032,9.004,4.653,0,,,μL/L,μL/L,正常,正常
alan456/data.xlsx,2.432,13.081,8.834,1.526,0,,,μL/L,μL/L,正常,正常
alan456/data.xlsx,1.72,16.8,11.58,1.49,0,,,μL/L,μL/L,正常,正常
alan456/data.xlsx,0.79,15.89,6.43,1.5,0,,,μL/L,μL/L,正常,正常
alan456/data.xlsx,8.36,12.168,7.828,1.143,0,,,μL/L,μL/L,正常,正常
alan456/data.xlsx,0.989,16.601,12.22,1.492,0,,,μL/L,μL/L,正常,正常
alan456/data.xlsx,1.676,13.533,7.242,1.498,0,,,μL/L,μL/L,正常,正常
alan456/data.xlsx,1.252,10.02,7.655,1.153,0,,,μL/L,μL/L,正常,正常
alan456/data.xlsx,0.988,13.302,8.236,0.974,0,,,μL/L,μL/L,正常,正常
alan456/data.xlsx,2.13,7.73,5.54,1.08,0,,,μL/L,μL/L,正常,正常
alan456/data.xlsx,1.23,7.2,6.08,0.86,0,,,μL/L,μL/L,正常,正常
alan456/data.xlsx,0.984,13.203,10.9,1.413,0,,,μL/L,μL/L,正常,正常
alan456/data.xlsx,1.43,9.83,5.64,1.2,0,,,μL/L,μL/L,正常,正常
alan456/data.xlsx,1.77,13.84,7.62,1.3,0,,,μL/L,μL/L,正常,正常
alan456/data.xlsx,0.976,10.385,10.006,1.172,0,,,μL/L,μL/L,正常,正常
alan456/data.xlsx,0.89,12.17,5.18,1.53,0,,,μL/L,μL/L,正常,正常
alan456/data.xlsx,0.61,12.79,8.77,1.17,0,,,μL/L,μL/L,正常,正常
alan456/data.xlsx,1.93,9.31,5.37,1.14,0,,,μL/L,μL/L,正常,正常
alan456/data.xlsx,1.98,8.29,5.87,0.99,0,,,μL/L,μL/L,正常,正常
alan456/data.xlsx,0.983,10,8.67,1.02,0,,,μL/L,μL/L,正常,正常
alan456/data.xlsx,1.39,11.17,5.19,1.19,0,,,μL/L,μL/L,正常,正常
alan456/data.xlsx,1.85,13.77,8.1,1.17,0,,,μL/L,μL/L,正常,正常
alan456/data.xlsx,1.59,12.06,9.45,1.3,0,,,μL/L,μL/L,正常,正常
alan456/data.xlsx,1.39,10.8,5.13,1.17,0,,,μL/L,μL/L,正常,正常
alan456/data.xlsx,0.99,12.57,7.29,1.42,0,,,μL/L,μL/L,正常,正常
alan456/data.xlsx,1.34,14.75,10.78,1.47,0,,,μL/L,μL/L,正常,正常
alan456/data.xlsx,1.98,12.13,6.07,1.3,0,,,μL/L,μL/L,正常,正常
alan456/data.xlsx,2.16,12.99,8.22,1.14,0,,,μL/L,μL/L,正常,正常
alan456/data.xlsx,1.9,17.93,12.36,1.55,0,,,μL/L,μL/L,正常,正常
alan456/data.xlsx,1.85,14.79,6.21,1.5,0,,,μL/L,μL/L,正常,正常
alan456/data.xlsx,2.05,13.17,9.86,1.38,0,,,μL/L,μL/L,正常,正常
alan456/data.xlsx,1.61,16.57,11.76,1.15,0,,,μL/L,μL/L,正常,正常
alan456/data.xlsx,32,10.7,1.5,1.2,0,,,μL/L,μL/L,正常,正常
alan456/data.xlsx,17,2.9,1.4,0.9,0,,,μL/L,μL/L,正常,正常
alan456/data.xlsx,23,3.2,1.7,0.6,0,,,μL/L,μL/L,正常,正常
alan456/data.xlsx,23,3.2,1.5,0.8,0,,,μL/L,μL/L,正常,正常
alan456/data.xlsx,13,4.2,0.4,0.4,0,,,μL/L,μL/L,正常,正常
alan456/data.xlsx,52,30.9,4.8,3.1,0,,,μL/L,μL/L,正常,正常
alan456/data.xlsx,15.95,14.1,5.03,5.18,0,,,μL/L,μL/L,低温过热,低温过热
alan456/data.xlsx,16.81,14.33,3.94,5.76,0,,,μL/L,μL/L,低温过热,低温过热
alan456/data.xlsx,19.45,17.68,5.15,6.63,0,,,μL/L,μL/L,低温过热,低温过热
alan456/data.xlsx,18.34,14.74,4.25,4.32,0,,,μL/L,μL/L,低温过热,低温过热
alan456/data.xlsx,29.24,28.02,8.47,13.77,0,,,μL/L,μL/L,低温过热,低温过热
alan456/data.xlsx,29.07,20.88,9.46,12.05,0.7,,,μL/L,μL/L,低温过热,低温过热
alan456/data.xlsx,30.42,21.18,9.03,13.17,0.5,,,μL/L,μL/L,低温过热,低温过热
alan456/data.xlsx,15.92,13.04,2.69,5.2,0.37,,,μL/L,μL/L,低温过热,低温过热
alan456/data.xlsx,16.58,13.56,3.24,5.66,0,,,μL/L,μL/L,低温过热,低温过热
alan456/data.xlsx,269.66,638.08,185.16,544.64,0.88,,,μL/L,μL/L,中温过热,中温过热
alan456/data.xlsx,27.73,28.43,8.91,11.21,0,,,μL/L,μL/L,中温过热,中温过热
alan456/data.xlsx,22.2,23.95,8.46,10.38,0,,,μL/L,μL/L,中温过热,中温过热
alan456/data.xlsx,16.99,25.11,9.94,10.9,0.26,,,μL/L,μL/L,中温过热,中温过热
alan456/data.xlsx,20.21,20.54,8.23,10.44,0.59,,,μL/L,μL/L,中温过热,中温过热
alan456/data.xlsx,8.72,12.47,2.12,7.85,0,,,μL/L,μL/L,高温过热,高温过热
alan456/data.xlsx,14.77,14.06,2.05,7.96,0,,,μL/L,μL/L,高温过热,高温过热
alan456/data.xlsx,16.69,30.66,3.1,14.57,0,,,μL/L,μL/L,高温过热,高温过热
alan456/data.xlsx,12.81,12.64,1.9,8.13,0,,,μL/L,μL/L,高温过热,高温过热
alan456/data.xlsx,19.8,21.37,1.8,13.14,0,,,μL/L,μL/L,高温过热,高温过热
alan456/data.xlsx,15.67,17.57,0.6,10.04,0.13,,,μL/L,μL/L,高温过热,高温过热
alan456/data.xlsx,18.27,21.36,1.77,12.09,0,,,μL/L,μL/L,高温过热,高温过热
alan456/data.xlsx,16.41,18.88,1.53,10.86,0,,,μL/L,μL/L,高温过热,高温过热
alan456/data.xlsx,791.4,40.54,3.49,0.92,0,,,μL/L,μL/L,局部放电,局部放电
alan456/data.xlsx,765.5,39.71,4.32,0.92,0,,,μL/L,μL/L,局部放电,局部放电
alan456/data.xlsx,226.37,16.85,1.24,0.55,0,,,μL/L,μL/L,局部放电,局部放电
alan456/data.xlsx,244.83,15.05,1.55,0.55,0,,,μL/L,μL/L,局部放电,局部放电
alan456/data.xlsx,230.6,12.45,0.87,0.39,0,,,μL/L,μL/L,局部放电,局部放电
alan456/data.xlsx,238.59,12.86,0.77,0.44,0,,,μL/L,μL/L,局部放电,局部放电
alan456/data.xlsx,151.02,13.05,1.89,1.44,0,,,μL/L,μL/L,局部放电,局部放电
alan456/data.xlsx,180.97,11.69,1.59,1.13,0,,,μL/L,μL/L,局部放电,局部放电
alan456/data.xlsx,62.51,3.36,0.61,0.5,0,,,μL/L,μL/L,局部放电,局部放电
alan456/data.xlsx,155.29,12.08,2.21,1.76,0,,,μL/L,μL/L,局部放电,局部放电
alan456/data.xlsx,133.41,9.97,1.5,1.31,0,,,μL/L,μL/L,局部放电,局部放电
alan456/data.xlsx,171.13,5.88,1.67,0.5,0,,,μL/L,μL/L,局部放电,局部放电
alan456/data.xlsx,177.82,7.58,1.64,0.54,0,,,μL/L,μL/L,局部放电,局部放电
alan456/data.xlsx,194.55,8.01,1.53,0.32,0,,,μL/L,μL/L,局部放电,局部放电
alan456/data.xlsx,152.46,4.98,0.74,0.29,0,,,μL/L,μL/L,局部放电,局部放电
alan456/data.xlsx,173.27,7.45,1.89,0.42,0,,,μL/L,μL/L,局部放电,局部放电
alan456/data.xlsx,41.66,3.11,1.13,0.64,0,,,μL/L,μL/L,局部放电,局部放电
alan456/data.xlsx,150.62,7.37,1.48,0.86,0,,,μL/L,μL/L,局部放电,局部放电
alan456/data.xlsx,164.85,8.04,3.91,0.98,0,,,μL/L,μL/L,局部放电,局部放电
alan456/data.xlsx,76.19,6.61,0.54,0.36,0,,,μL/L,μL/L,局部放电,局部放电
alan456/data.xlsx,537.04,59.45,6.57,4.79,0,,,μL/L,μL/L,局部放电,局部放电
alan456/data.xlsx,502.1,40.55,4.06,1.64,0,,,μL/L,μL/L,局部放电,局部放电
alan456/data.xlsx,316.65,35.28,3.65,1.71,0,,,μL/L,μL/L,局部放电,局部放电
alan456/data.xlsx,354.43,38.57,3.6,1.67,0,,,μL/L,μL/L,局部放电,局部放电
alan456/data.xlsx,423.18,30.77,3.03,1.46,0,,,μL/L,μL/L,局部放电,局部放电
alan456/data.xlsx,421.22,30.87,2.73,1.36,0,,,μL/L,μL/L,局部放电,局部放电
alan456/data.xlsx,370.93,33.46,3.28,1.61,0,,,μL/L,μL/L,局部放电,局部放电
alan456/data.xlsx,371.47,30.71,3.98,1.55,0,,,μL/L,μL/L,局部放电,局部放电
alan456/data.xlsx,342.91,30.78,2.7,1.52,0,,,μL/L,μL/L,局部放电,局部放电
alan456/data.xlsx,409.5,24.76,2.94,1.76,0,,,μL/L,μL/L,局部放电,局部放电
alan456/data.xlsx,370.22,21.22,2.46,1.52,0,,,μL/L,μL/L,局部放电,局部放电
alan456/data.xlsx,658.56,21.63,2.61,2.27,0,,,μL/L,μL/L,局部放电,局部放电
alan456/data.xlsx,171.95,17.74,2.19,1.7,0,,,μL/L,μL/L,局部放电,局部放电
alan456/data.xlsx,23346.19,4902.07,1738.49,13587.17,15258.89,,,μL/L,μL/L,低能放电,低能放电
alan456/data.xlsx,277.39,74.73,8.31,100.04,205.19,,,μL/L,μL/L,低能放电,低能放电
alan456/data.xlsx,344.27,77.35,8.06,100.45,208.49,,,μL/L,μL/L,低能放电,低能放电
alan456/data.xlsx,74810.28,7139.15,664.83,13471.28,15150.69,,,μL/L,μL/L,低能放电,低能放电
alan456/data.xlsx,467.45,135.68,16.14,203.78,441.2,,,μL/L,μL/L,低能放电,低能放电
alan456/data.xlsx,7775.1,3269.74,146.25,2148.13,5840.55,,,μL/L,μL/L,低能放电,低能放电
alan456/data.xlsx,121,14,3,29,74,,,μL/L,μL/L,高能放电,高能放电
alan456/data.xlsx,207,21.08,4.28,67.34,141.9,,,μL/L,μL/L,高能放电,高能放电
alan456/data.xlsx,300.4,42.14,3.25,43.18,64.71,,,μL/L,μL/L,高能放电,高能放电
alan456/data.xlsx,14.2,18.1,4.82,0.87,0,,,μL/L,μL/L,正常,正常
alan456/data.xlsx,12.4,16.1,4.95,0.85,0,,,μL/L,μL/L,正常,正常
alan456/data.xlsx,13.5,18,4.13,0.77,0,,,μL/L,μL/L,正常,正常
alan456/data.xlsx,13.1,15.6,4.85,0.78,0,,,μL/L,μL/L,正常,正常
alan456/data.xlsx,13.3,17.7,4.48,0.73,0,,,μL/L,μL/L,正常,正常
alan456/data.xlsx,12,15.4,4.57,0.73,0,,,μL/L,μL/L,正常,正常
alan456/data.xlsx,12,16.1,4.95,0.85,0,,,μL/L,μL/L,正常,正常
alan456/data.xlsx,12.2,16.8,4.1,0.75,0,,,μL/L,μL/L,正常,正常
alan456/data.xlsx,12.5,18.5,4.17,0.79,0,,,μL/L,μL/L,正常,正常
alan456/data.xlsx,12.7,16.4,4.12,0.72,0,,,μL/L,μL/L,正常,正常
alan456/data.xlsx,12.8,17,4.31,0.84,0,,,μL/L,μL/L,正常,正常
alan456/data.xlsx,13.8,15.5,4.34,0.81,0,,,μL/L,μL/L,正常,正常
alan456/data.xlsx,11.9,17.6,4.88,0.83,0,,,μL/L,μL/L,正常,正常
alan456/data.xlsx,12.9,16.2,4.31,0.78,0,,,μL/L,μL/L,正常,正常
alan456/data.xlsx,13.8,16.6,4.22,0.81,0,,,μL/L,μL/L,正常,正常
alan456/data.xlsx,12.5,16,4.85,0.73,0,,,μL/L,μL/L,正常,正常
alan456/data.xlsx,11.7,18.6,4.09,0.78,0,,,μL/L,μL/L,正常,正常
alan456/data.xlsx,12.5,18.1,4.95,0.76,0,,,μL/L,μL/L,正常,正常
alan456/data.xlsx,11.8,16.3,4.32,0.77,0,,,μL/L,μL/L,正常,正常
alan456/data.xlsx,12.9,15.6,4.82,0.84,0,,,μL/L,μL/L,正常,正常
alan456/data.xlsx,13,18.2,4.17,0.76,0,,,μL/L,μL/L,正常,正常
alan456/data.xlsx,12.1,16.1,4.86,0.86,0,,,μL/L,μL/L,正常,正常
alan456/data.xlsx,12,17.4,4.18,0.81,0,,,μL/L,μL/L,正常,正常
alan456/data.xlsx,13.3,17.8,4.19,0.83,0,,,μL/L,μL/L,正常,正常
alan456/data.xlsx,13.8,16.3,4.3,0.78,0,,,μL/L,μL/L,正常,正常
alan456/data.xlsx,13.1,17.2,4.53,0.87,0,,,μL/L,μL/L,正常,正常
alan456/data.xlsx,13.4,17.1,4.34,0.88,0,,,μL/L,μL/L,正常,正常
alan456/data.xlsx,12.4,16,4.67,0.87,0,,,μL/L,μL/L,正常,正常
alan456/data.xlsx,12.9,15.3,4.13,0.74,0,,,μL/L,μL/L,正常,正常
alan456/data.xlsx,12.7,15.6,4.4,0.82,0,,,μL/L,μL/L,正常,正常
alan456/data.xlsx,13.2,18.5,4.66,0.83,0,,,μL/L,μL/L,正常,正常
alan456/data.xlsx,14.2,17.3,4.06,0.82,0,,,μL/L,μL/L,正常,正常
alan456/data.xlsx,12.3,15.7,4.69,0.81,0,,,μL/L,μL/L,正常,正常
alan456/data.xlsx,12,18.2,4.73,0.74,0,,,μL/L,μL/L,正常,正常
alan456/data.xlsx,12.7,15.6,4.4,0.82,0,,,μL/L,μL/L,正常,正常
alan456/data.xlsx,12.1,16.4,4.93,0.75,0,,,μL/L,μL/L,正常,正常
alan456/data.xlsx,12.1,15.9,4.06,0.73,0,,,μL/L,μL/L,正常,正常
alan456/data.xlsx,13.8,17.3,4.45,0.83,0,,,μL/L,μL/L,正常,正常
alan456/data.xlsx,13.1,17.3,4.95,0.76,0,,,μL/L,μL/L,正常,正常
alan456/data.xlsx,12.5,16.8,4.55,0.79,0,,,μL/L,μL/L,正常,正常
alan456/data.xlsx,13.9,16.8,4.21,0.77,0,,,μL/L,μL/L,正常,正常
alan456/data.xlsx,11.9,17.1,4.38,0.8,0,,,μL/L,μL/L,正常,正常
alan456/data.xlsx,13.5,17.9,4.64,0.87,0,,,μL/L,μL/L,正常,正常
alan456/data.xlsx,12.7,18.4,4.8,0.75,0,,,μL/L,μL/L,正常,正常
alan456/data.xlsx,13.9,15.4,4.26,0.81,0,,,μL/L,μL/L,正常,正常
alan456/data.xlsx,12.5,17.8,4.37,0.8,0,,,μL/L,μL/L,正常,正常
alan456/data.xlsx,13.1,15.9,4.24,0.81,0,,,μL/L,μL/L,正常,正常
alan456/data.xlsx,13.1,15.9,4.24,0.81,0,,,μL/L,μL/L,正常,正常
alan456/data.xlsx,13.1,15.9,4.24,0.81,0,,,μL/L,μL/L,正常,正常
alan456/data.xlsx,11.7,17.4,4.08,0.76,0,,,μL/L,μL/L,正常,正常
alan456/data.xlsx,13.3,15.6,4.92,0.81,0,,,μL/L,μL/L,正常,正常
alan456/data.xlsx,13,16.3,4.31,0.8,0,,,μL/L,μL/L,正常,正常
alan456/data.xlsx,13.7,15.9,4.79,0.81,0,,,μL/L,μL/L,正常,正常
alan456/data.xlsx,13.9,17.5,4.86,0.73,0,,,μL/L,μL/L,正常,正常
alan456/data.xlsx,13.5,15.8,4.79,0.77,0,,,μL/L,μL/L,正常,正常
alan456/data.xlsx,13.3,16.1,4.39,0.79,0,,,μL/L,μL/L,正常,正常
alan456/data.xlsx,12.5,18.5,4.15,0.78,0,,,μL/L,μL/L,正常,正常
alan456/data.xlsx,12.4,15.9,4.25,0.75,0,,,μL/L,μL/L,正常,正常
alan456/data.xlsx,13.2,17.3,4.78,0.8,0,,,μL/L,μL/L,正常,正常
alan456/data.xlsx,12.2,16.6,4.71,0.83,0,,,μL/L,μL/L,正常,正常
alan456/data.xlsx,13.3,17.8,4.19,0.73,0,,,μL/L,μL/L,正常,正常
alan456/data.xlsx,14.1,15.4,4.23,0.87,0,,,μL/L,μL/L,正常,正常
alan456/data.xlsx,13.1,16.8,4.35,0.82,0,,,μL/L,μL/L,正常,正常
alan456/data.xlsx,11.8,17.4,4.37,0.86,0,,,μL/L,μL/L,正常,正常
alan456/data.xlsx,12.2,16.6,4.36,0.78,0,,,μL/L,μL/L,正常,正常
alan456/data.xlsx,12.2,16.6,4.71,0.83,0,,,μL/L,μL/L,正常,正常
alan456/data.xlsx,11.9,18.4,4.35,0.73,0,,,μL/L,μL/L,正常,正常
alan456/data.xlsx,13.4,16.9,4.55,0.78,0,,,μL/L,μL/L,正常,正常
alan456/data.xlsx,13.8,16.6,4.45,0.86,0,,,μL/L,μL/L,正常,正常
alan456/data.xlsx,13.8,18.1,4.46,0.83,0,,,μL/L,μL/L,正常,正常
alan456/data.xlsx,13.3,16.3,4.43,0.86,0,,,μL/L,μL/L,正常,正常
alan456/data.xlsx,13.6,16,4.13,0.75,0,,,μL/L,μL/L,正常,正常
alan456/data.xlsx,12.3,18.4,4.75,0.8,0,,,μL/L,μL/L,正常,正常
alan456/data.xlsx,12.8,17.2,4.93,0.8,0,,,μL/L,μL/L,正常,正常
alan456/data.xlsx,11.9,18,4.95,0.83,0,,,μL/L,μL/L,正常,正常
alan456/data.xlsx,12.3,17.3,4.31,0.87,0,,,μL/L,μL/L,正常,正常
alan456/data.xlsx,13.5,17.1,4.66,0.84,0,,,μL/L,μL/L,正常,正常
alan456/data.xlsx,11.7,16.2,4.21,0.84,0,,,μL/L,μL/L,正常,正常
alan456/data.xlsx,12.4,16.6,4.92,0.81,0,,,μL/L,μL/L,正常,正常
alan456/data.xlsx,12.7,16.8,4.92,0.78,0,,,μL/L,μL/L,正常,正常
alan456/data.xlsx,13.1,17.5,4.74,0.76,0,,,μL/L,μL/L,正常,正常
alan456/data.xlsx,13.5,17.7,4.4,0.75,0,,,μL/L,μL/L,正常,正常
alan456/data.xlsx,13.1,18.3,4.75,0.84,0,,,μL/L,μL/L,正常,正常
alan456/data.xlsx,14,18.6,4.67,0.76,0,,,μL/L,μL/L,正常,正常
alan456/data.xlsx,13.8,18.2,4.7,0.74,0,,,μL/L,μL/L,正常,正常
alan456/data.xlsx,12.7,18.4,4.94,0.74,0,,,μL/L,μL/L,正常,正常
alan456/data.xlsx,12.8,16.8,4.74,0.81,0,,,μL/L,μL/L,正常,正常
alan456/data.xlsx,12.1,17,4.93,0.79,0,,,μL/L,μL/L,正常,正常
alan456/data.xlsx,12.4,15.4,4.48,0.83,0,,,μL/L,μL/L,正常,正常
alan456/data.xlsx,14.1,17.5,4.15,0.77,0,,,μL/L,μL/L,正常,正常
alan456/data.xlsx,12,15.7,4.08,0.83,0,,,μL/L,μL/L,正常,正常
alan456/data.xlsx,12.2,17.7,4.31,0.83,0,,,μL/L,μL/L,正常,正常
alan456/data.xlsx,12.5,15.4,4.39,0.84,0,,,μL/L,μL/L,正常,正常
alan456/data.xlsx,12.5,15.6,4.13,0.75,0,,,μL/L,μL/L,正常,正常
alan456/data.xlsx,12.6,18.2,4.79,0.84,0,,,μL/L,μL/L,正常,正常
alan456/data.xlsx,13.4,18.2,4.23,0.86,0,,,μL/L,μL/L,正常,正常
alan456/data.xlsx,12.9,18.3,4.61,0.76,0,,,μL/L,μL/L,正常,正常
alan456/data.xlsx,13.4,18.1,4.9,0.79,0,,,μL/L,μL/L,正常,正常
alan456/data.xlsx,13.4,16.9,4.07,0.82,0,,,μL/L,μL/L,正常,正常
alan456/data.xlsx,12,15.3,4.72,0.81,0,,,μL/L,μL/L,正常,正常
alan456/data.xlsx,12.6,18.1,4.18,0.76,0,,,μL/L,μL/L,正常,正常
alan456/data.xlsx,13.9,18,4.84,0.86,0,,,μL/L,μL/L,正常,正常
alan456/data.xlsx,12.4,16.4,4.58,0.84,0,,,μL/L,μL/L,正常,正常
alan456/data.xlsx,11.7,17.2,4.71,0.78,0,,,μL/L,μL/L,正常,正常
alan456/data.xlsx,13.3,16,4.85,0.73,0,,,μL/L,μL/L,正常,正常
alan456/data.xlsx,14,15.6,4.45,0.74,0,,,μL/L,μL/L,正常,正常
alan456/data.xlsx,14.1,17.5,4.15,0.77,0,,,μL/L,μL/L,正常,正常
alan456/data.xlsx,12,15.7,4.08,0.83,0,,,μL/L,μL/L,正常,正常
alan456/data.xlsx,13.4,17,4.9,0.79,0,,,μL/L,μL/L,正常,正常
alan456/data.xlsx,11.7,16.1,4.44,0.79,0,,,μL/L,μL/L,正常,正常
alan456/data.xlsx,12.7,18.3,4.56,0.73,0,,,μL/L,μL/L,正常,正常
alan456/data.xlsx,13.2,16.9,4.06,0.82,0,,,μL/L,μL/L,正常,正常
alan456/data.xlsx,13.6,18.1,4.72,0.74,0,,,μL/L,μL/L,正常,正常
alan456/data.xlsx,12.6,17.1,4.3,0.78,0,,,μL/L,μL/L,正常,正常
alan456/data.xlsx,14.1,15.7,4.74,0.78,0,,,μL/L,μL/L,正常,正常
alan456/data.xlsx,12.8,15.8,4.09,0.77,0,,,μL/L,μL/L,正常,正常
alan456/data.xlsx,14,17.4,4.85,0.79,0,,,μL/L,μL/L,正常,正常
alan456/data.xlsx,13,16.6,4.65,0.77,0,,,μL/L,μL/L,正常,正常
alan456/data.xlsx,12.6,16.6,4.14,0.87,0,,,μL/L,μL/L,正常,正常
alan456/data.xlsx,13.7,16.5,4.73,0.78,0,,,μL/L,μL/L,正常,正常
alan456/data.xlsx,11.9,16.9,4.16,0.84,0,,,μL/L,μL/L,正常,正常
alan456/data.xlsx,14.1,17.6,4.38,0.79,0,,,μL/L,μL/L,正常,正常
alan456/data.xlsx,13.9,18.4,4.21,0.82,0,,,μL/L,μL/L,正常,正常
alan456/data.xlsx,14.2,15.3,4.76,0.78,0,,,μL/L,μL/L,正常,正常
alan456/data.xlsx,12.1,15.6,4.87,0.81,0,,,μL/L,μL/L,正常,正常
alan456/data.xlsx,12.8,15.8,4.09,0.77,0,,,μL/L,μL/L,正常,正常
alan456/data.xlsx,12.1,15.8,4.57,0.78,0,,,μL/L,μL/L,正常,正常
alan456/data.xlsx,13.1,15.6,4.88,0.81,0,,,μL/L,μL/L,正常,正常
alan456/data.xlsx,11.9,16.3,4.4,0.72,0,,,μL/L,μL/L,正常,正常
alan456/data.xlsx,12.5,18.7,4.49,0.87,0,,,μL/L,μL/L,正常,正常
alan456/data.xlsx,14.1,17.1,4.81,0.81,0,,,μL/L,μL/L,正常,正常
alan456/data.xlsx,13.2,15.6,4.47,0.77,0,,,μL/L,μL/L,正常,正常
alan456/data.xlsx,12.9,18.2,4.91,0.84,0,,,μL/L,μL/L,正常,正常
alan456/data.xlsx,11.9,16.9,4.25,0.81,0,,,μL/L,μL/L,正常,正常
alan456/data.xlsx,13.1,15.8,4.65,0.88,0,,,μL/L,μL/L,正常,正常
alan456/data.xlsx,12.7,17.8,4.7,0.74,0,,,μL/L,μL/L,正常,正常
alan456/data.xlsx,12.3,18.1,4.67,0.83,0,,,μL/L,μL/L,正常,正常
alan456/data.xlsx,11.9,16,4.38,0.88,0,,,μL/L,μL/L,正常,正常
alan456/data.xlsx,13.5,15.4,4.88,0.8,0,,,μL/L,μL/L,正常,正常
alan456/data.xlsx,14,16.5,4.84,0.83,0,,,μL/L,μL/L,正常,正常
alan456/data.xlsx,14.1,15.4,4.81,0.83,0,,,μL/L,μL/L,正常,正常
alan456/data.xlsx,14,18.7,4.19,0.88,0,,,μL/L,μL/L,正常,正常
alan456/data.xlsx,11.7,16.5,4.12,0.85,0,,,μL/L,μL/L,正常,正常
alan456/data.xlsx,13.4,17.5,4.12,0.86,0,,,μL/L,μL/L,正常,正常
alan456/data.xlsx,12.6,16.7,4.39,0.72,0,,,μL/L,μL/L,正常,正常
alan456/data.xlsx,12.6,16.7,4.39,0.72,0,,,μL/L,μL/L,正常,正常
alan456/data.xlsx,12.7,17.2,4.69,0.81,0,,,μL/L,μL/L,正常,正常
alan456/data.xlsx,12.7,17.2,4.69,0.81,0,,,μL/L,μL/L,正常,正常
alan456/data.xlsx,12.6,16.7,4.39,0.72,0,,,μL/L,μL/L,正常,正常
alan456/data.xlsx,12.6,16.7,4.39,0.72,0,,,μL/L,μL/L,正常,正常
alan456/data.xlsx,13.5,17.7,4.22,0.73,0,,,μL/L,μL/L,正常,正常
alan456/data.xlsx,12.7,17.9,4.14,0.83,0,,,μL/L,μL/L,正常,正常
alan456/data.xlsx,13.5,15.3,4.32,0.84,0,,,μL/L,μL/L,正常,正常
alan456/data.xlsx,12.7,15.6,4.59,0.79,0,,,μL/L,μL/L,正常,正常
alan456/data.xlsx,12.5,16.6,4.28,0.81,0,,,μL/L,μL/L,正常,正常
alan456/data.xlsx,13.4,16.7,4.15,0.73,0,,,μL/L,μL/L,正常,正常
alan456/data.xlsx,12.4,15.8,4.08,0.77,0,,,μL/L,μL/L,正常,正常
alan456/data.xlsx,12.2,17.7,4.67,0.88,0,,,μL/L,μL/L,正常,正常
alan456/data.xlsx,12.7,17.2,4.69,0.81,0,,,μL/L,μL/L,正常,正常
alan456/data.xlsx,13.1,16.3,4.32,0.72,0,,,μL/L,μL/L,正常,正常
alan456/data.xlsx,11.7,18.6,4.54,0.74,0,,,μL/L,μL/L,正常,正常
alan456/data.xlsx,12.7,17.8,4.33,0.75,0,,,μL/L,μL/L,正常,正常
alan456/data.xlsx,12,17.2,4.5,0.73,0,,,μL/L,μL/L,正常,正常
alan456/data.xlsx,12.6,17.1,4.13,0.78,0,,,μL/L,μL/L,正常,正常
alan456/data.xlsx,13.6,16.6,4.31,0.78,0,,,μL/L,μL/L,正常,正常
alan456/data.xlsx,13.3,16.9,4.59,0.73,0,,,μL/L,μL/L,正常,正常
alan456/data.xlsx,12.3,17,4.51,0.83,0,,,μL/L,μL/L,正常,正常
alan456/data.xlsx,11.7,18.4,4.09,0.82,0,,,μL/L,μL/L,正常,正常
alan456/data.xlsx,12.3,17,4.51,0.83,0,,,μL/L,μL/L,正常,正常
alan456/data.xlsx,11.9,15.7,4.28,0.82,0,,,μL/L,μL/L,正常,正常
alan456/data.xlsx,11.8,18.6,4.69,0.76,0,,,μL/L,μL/L,正常,正常
alan456/data.xlsx,12,17.8,4.3,0.78,0,,,μL/L,μL/L,正常,正常
alan456/data.xlsx,12.8,15.6,4.74,0.73,0,,,μL/L,μL/L,正常,正常
alan456/data.xlsx,12.1,17,4.85,0.87,0,,,μL/L,μL/L,正常,正常
alan456/data.xlsx,13.2,16.3,4.55,0.87,0,,,μL/L,μL/L,正常,正常
alan456/data.xlsx,12.7,18.6,4.43,0.74,0,,,μL/L,μL/L,正常,正常
alan456/data.xlsx,13.6,18.1,4.27,0.78,0,,,μL/L,μL/L,正常,正常
alan456/data.xlsx,13.6,16.7,4.47,0.83,0,,,μL/L,μL/L,正常,正常
alan456/data.xlsx,13.3,16.4,4.29,0.88,0,,,μL/L,μL/L,正常,正常
alan456/data.xlsx,12.6,17.2,4.74,0.86,0,,,μL/L,μL/L,正常,正常
alan456/data.xlsx,12.9,17.8,4.34,0.83,0,,,μL/L,μL/L,正常,正常
alan456/data.xlsx,11.8,18.6,4.86,0.87,0,,,μL/L,μL/L,正常,正常
alan456/data.xlsx,12.9,16.2,4.58,0.86,0,,,μL/L,μL/L,正常,正常
alan456/data.xlsx,12.8,17.1,4.63,0.82,0,,,μL/L,μL/L,正常,正常
alan456/data.xlsx,13.9,17.1,4.48,0.77,0,,,μL/L,μL/L,正常,正常
alan456/data.xlsx,11.7,18.4,4.09,0.82,0,,,μL/L,μL/L,正常,正常
alan456/data.xlsx,11.8,15.8,4.62,0.72,0,,,μL/L,μL/L,正常,正常
alan456/data.xlsx,12.2,16.5,4.1,0.74,0,,,μL/L,μL/L,正常,正常
alan456/data.xlsx,12.3,15.5,4.24,0.81,0,,,μL/L,μL/L,正常,正常
alan456/data.xlsx,13.3,16.6,4.34,0.81,0,,,μL/L,μL/L,正常,正常
alan456/data.xlsx,11.7,17.7,4.54,0.83,0,,,μL/L,μL/L,正常,正常
alan456/data.xlsx,12.9,17.2,4.83,0.81,0,,,μL/L,μL/L,正常,正常
alan456/data.xlsx,11.7,17.7,4.83,0.85,0,,,μL/L,μL/L,正常,正常
alan456/data.xlsx,13.8,15.7,4.15,0.74,0,,,μL/L,μL/L,正常,正常
alan456/data.xlsx,13.2,16.7,4.29,0.83,0,,,μL/L,μL/L,正常,正常
alan456/data.xlsx,12.2,17.3,4.74,0.8,0,,,μL/L,μL/L,正常,正常
alan456/data.xlsx,13.6,17.8,4.95,0.87,0,,,μL/L,μL/L,正常,正常
alan456/data.xlsx,12.2,16.1,4.2,0.85,0,,,μL/L,μL/L,正常,正常
alan456/data.xlsx,12.2,18,4.16,0.82,0,,,μL/L,μL/L,正常,正常
alan456/data.xlsx,13,18,4.18,0.87,0,,,μL/L,μL/L,正常,正常
alan456/data.xlsx,12.8,16.8,4.5,0.84,0,,,μL/L,μL/L,正常,正常
alan456/data.xlsx,12.4,16.4,4.84,0.86,0,,,μL/L,μL/L,正常,正常
alan456/data.xlsx,13,18.6,4.4,0.85,0,,,μL/L,μL/L,正常,正常
alan456/data.xlsx,12.7,15.4,4.51,0.76,0,,,μL/L,μL/L,正常,正常
alan456/data.xlsx,14,16.2,4.94,0.82,0,,,μL/L,μL/L,正常,正常
alan456/data.xlsx,12.1,15.9,4.55,0.88,0,,,μL/L,μL/L,正常,正常
alan456/data.xlsx,14,17.8,4.34,0.8,0,,,μL/L,μL/L,正常,正常
alan456/data.xlsx,12.8,17.9,4.78,0.84,0,,,μL/L,μL/L,正常,正常
alan456/data.xlsx,13.6,16,4.43,0.77,0,,,μL/L,μL/L,正常,正常
alan456/data.xlsx,11.8,16.3,4.27,0.81,0,,,μL/L,μL/L,正常,正常
alan456/data.xlsx,13.7,17.5,4.33,0.82,0,,,μL/L,μL/L,正常,正常
alan456/data.xlsx,13.9,18.3,4.88,0.81,0,,,μL/L,μL/L,正常,正常
alan456/data.xlsx,12,17,4.09,0.73,0,,,μL/L,μL/L,正常,正常
alan456/data.xlsx,13,18.6,4.42,0.88,0,,,μL/L,μL/L,正常,正常
alan456/data.xlsx,13.3,18,4.44,0.87,0,,,μL/L,μL/L,正常,正常
alan456/data.xlsx,11.8,16.2,4.15,0.79,0,,,μL/L,μL/L,正常,正常
alan456/data.xlsx,12.7,17.4,4.1,0.84,0,,,μL/L,μL/L,正常,正常
alan456/data.xlsx,12.6,18.1,4.17,0.76,0,,,μL/L,μL/L,正常,正常
alan456/data.xlsx,12.2,17.9,4.22,0.74,0,,,μL/L,μL/L,正常,正常
alan456/data.xlsx,12.4,18.1,4.25,0.73,0,,,μL/L,μL/L,正常,正常
alan456/data.xlsx,13.6,18,4.62,0.73,0,,,μL/L,μL/L,正常,正常
alan456/data.xlsx,11.7,18.3,4.3,0.85,0,,,μL/L,μL/L,正常,正常
alan456/data.xlsx,11.9,16.2,4.52,0.86,0,,,μL/L,μL/L,正常,正常
alan456/data.xlsx,12.6,15.7,4.39,0.79,0,,,μL/L,μL/L,正常,正常
alan456/data.xlsx,13.6,18,4.64,0.73,0,,,μL/L,μL/L,正常,正常
alan456/data.xlsx,13.2,17.7,4.31,0.87,0,,,μL/L,μL/L,正常,正常
alan456/data.xlsx,12.2,16.6,4.82,0.74,0,,,μL/L,μL/L,正常,正常
alan456/data.xlsx,14.2,18.4,4.86,0.82,0,,,μL/L,μL/L,正常,正常
alan456/data.xlsx,12.4,16.7,4.48,0.8,0,,,μL/L,μL/L,正常,正常
alan456/data.xlsx,13.6,15.7,4.75,0.73,0,,,μL/L,μL/L,正常,正常
alan456/data.xlsx,13.7,18.1,4.24,0.84,0,,,μL/L,μL/L,正常,正常
alan456/data.xlsx,12.6,18.4,4.71,0.86,0,,,μL/L,μL/L,正常,正常
alan456/data.xlsx,13.8,16.4,4.19,0.74,0,,,μL/L,μL/L,正常,正常
alan456/data.xlsx,13.5,15.7,4.4,0.76,0,,,μL/L,μL/L,正常,正常
alan456/data.xlsx,13.6,17.2,4.18,0.88,0,,,μL/L,μL/L,正常,正常
alan456/data.xlsx,12.3,17.2,4.32,0.77,0,,,μL/L,μL/L,正常,正常
alan456/data.xlsx,13.4,16.1,4.21,0.82,0,,,μL/L,μL/L,正常,正常
alan456/data.xlsx,12.4,16.4,4.87,0.86,0,,,μL/L,μL/L,正常,正常
alan456/data.xlsx,13.3,16,4.06,0.86,0,,,μL/L,μL/L,正常,正常
alan456/data.xlsx,14.2,18,4.5,0.73,0,,,μL/L,μL/L,正常,正常
alan456/data.xlsx,12.9,15.8,4.75,0.77,0,,,μL/L,μL/L,正常,正常
alan456/data.xlsx,13.1,17.1,4.07,0.78,0,,,μL/L,μL/L,正常,正常
alan456/data.xlsx,11.9,17.6,4.12,0.85,0,,,μL/L,μL/L,正常,正常
alan456/data.xlsx,12.6,17.7,4.72,0.83,0,,,μL/L,μL/L,正常,正常
alan456/data.xlsx,12.7,15.3,4.44,0.84,0,,,μL/L,μL/L,正常,正常
alan456/data.xlsx,13.5,18.4,4.41,0.73,0,,,μL/L,μL/L,正常,正常
alan456/data.xlsx,13.9,16.9,4.49,0.73,0,,,μL/L,μL/L,正常,正常
alan456/data.xlsx,13.9,15.6,4.45,0.82,0,,,μL/L,μL/L,正常,正常
alan456/data.xlsx,13.6,15.4,4.33,0.86,0,,,μL/L,μL/L,正常,正常
alan456/data.xlsx,13.3,16.9,4.56,0.72,0,,,μL/L,μL/L,正常,正常
alan456/data.xlsx,12.6,16.6,4.27,0.79,0,,,μL/L,μL/L,正常,正常
alan456/data.xlsx,12.3,18.3,4.34,0.85,0,,,μL/L,μL/L,正常,正常
alan456/data.xlsx,14.2,16.6,4.8,0.74,0,,,μL/L,μL/L,正常,正常
alan456/data.xlsx,13.1,15.4,4.37,0.81,0,,,μL/L,μL/L,正常,正常
alan456/data.xlsx,11.7,18.5,4.63,0.77,0,,,μL/L,μL/L,正常,正常
alan456/data.xlsx,12.8,18.1,4.47,0.86,0,,,μL/L,μL/L,正常,正常
alan456/data.xlsx,14.1,16.6,4.69,0.85,0,,,μL/L,μL/L,正常,正常
alan456/data.xlsx,13.3,16.9,4.93,0.77,0,,,μL/L,μL/L,正常,正常
alan456/data.xlsx,11.9,17.5,4.47,0.87,0,,,μL/L,μL/L,正常,正常
alan456/data.xlsx,13.6,17.4,4.21,0.78,0,,,μL/L,μL/L,正常,正常
alan456/data.xlsx,13.1,16.8,4.09,0.8,0,,,μL/L,μL/L,正常,正常
alan456/data.xlsx,13.2,18.4,4.12,0.79,0,,,μL/L,μL/L,正常,正常
alan456/data.xlsx,13.7,16.6,4.17,0.86,0,,,μL/L,μL/L,正常,正常
alan456/data.xlsx,13,17.9,4.24,0.72,0,,,μL/L,μL/L,正常,正常
alan456/data.xlsx,13.7,15.3,4.9,0.86,0,,,μL/L,μL/L,正常,正常
alan456/data.xlsx,12.6,17.4,4.46,0.72,0,,,μL/L,μL/L,正常,正常
alan456/data.xlsx,9.3,18.6,5.69,0.7,0,,,μL/L,μL/L,正常,正常
alan456/data.xlsx,9.42,17,5.56,0.66,0,,,μL/L,μL/L,正常,正常
alan456/data.xlsx,9.7,17.4,5.83,0.74,0,,,μL/L,μL/L,正常,正常
alan456/data.xlsx,9.14,18.4,5.31,0.71,0,,,μL/L,μL/L,正常,正常
alan456/data.xlsx,9.59,17.2,5.09,0.65,0,,,μL/L,μL/L,正常,正常
alan456/data.xlsx,9.1,17.2,5.15,0.75,0,,,μL/L,μL/L,正常,正常
alan456/data.xlsx,8.55,15.3,5.25,0.65,0,,,μL/L,μL/L,正常,正常
alan456/data.xlsx,8.32,16.9,5.24,0.67,0,,,μL/L,μL/L,正常,正常
alan456/data.xlsx,9.85,17,5.59,0.66,0,,,μL/L,μL/L,正常,正常
alan456/data.xlsx,8.39,17.2,6.01,0.66,0,,,μL/L,μL/L,正常,正常
alan456/data.xlsx,9.39,17.3,5.65,0.71,0,,,μL/L,μL/L,正常,正常
alan456/data.xlsx,8.41,17.5,5.21,0.68,0,,,μL/L,μL/L,正常,正常
alan456/data.xlsx,9.67,18.4,5.22,0.72,0,,,μL/L,μL/L,正常,正常
alan456/data.xlsx,9.06,17.8,6.13,0.64,0,,,μL/L,μL/L,正常,正常
alan456/data.xlsx,8.78,17.4,5.86,0.7,0,,,μL/L,μL/L,正常,正常
alan456/data.xlsx,8.18,16.8,5.65,0.76,0,,,μL/L,μL/L,正常,正常
alan456/data.xlsx,8.48,17.8,5.18,0.73,0,,,μL/L,μL/L,正常,正常
alan456/data.xlsx,8.92,17.1,5.92,0.66,0,,,μL/L,μL/L,正常,正常
alan456/data.xlsx,8.96,16.5,6.06,0.63,0,,,μL/L,μL/L,正常,正常
alan456/data.xlsx,8.14,15.6,6.08,0.73,0,,,μL/L,μL/L,正常,正常
alan456/data.xlsx,8.73,17.2,6.16,0.65,0,,,μL/L,μL/L,正常,正常
alan456/data.xlsx,8.7,16.8,6.15,0.7,0,,,μL/L,μL/L,正常,正常
alan456/data.xlsx,8.17,16,6.09,0.69,0,,,μL/L,μL/L,正常,正常
alan456/data.xlsx,9.57,18.5,5.34,0.71,0,,,μL/L,μL/L,正常,正常
alan456/data.xlsx,8.53,18.5,5.52,0.7,0,,,μL/L,μL/L,正常,正常
alan456/data.xlsx,8.39,16.4,5.32,0.72,0,,,μL/L,μL/L,正常,正常
alan456/data.xlsx,9.35,16,5.49,0.74,0,,,μL/L,μL/L,正常,正常
alan456/data.xlsx,9.76,17,5.71,0.65,0,,,μL/L,μL/L,正常,正常
alan456/data.xlsx,9.8,15.9,5.93,0.74,0,,,μL/L,μL/L,正常,正常
alan456/data.xlsx,12.8,18.2,4.22,0.72,0,,,μL/L,μL/L,正常,正常
alan456/data.xlsx,12.6,17.5,4.69,0.74,0,,,μL/L,μL/L,正常,正常
alan456/data.xlsx,13.8,16.3,4.51,0.74,0,,,μL/L,μL/L,正常,正常
alan456/data.xlsx,12.9,17.8,4.91,0.79,0,,,μL/L,μL/L,正常,正常
alan456/data.xlsx,14.1,16.2,4.75,0.77,0,,,μL/L,μL/L,正常,正常
alan456/data.xlsx,12.2,17.2,4.39,0.82,0,,,μL/L,μL/L,正常,正常
alan456/data.xlsx,13.1,17.9,4.5,0.74,0,,,μL/L,μL/L,正常,正常
alan456/data.xlsx,13.7,17.9,4.34,0.77,0,,,μL/L,μL/L,正常,正常
alan456/data.xlsx,14.1,16.2,4.94,0.74,0,,,μL/L,μL/L,正常,正常
alan456/data.xlsx,11.7,16.1,4.56,0.78,0,,,μL/L,μL/L,正常,正常
alan456/data.xlsx,14.1,15.7,4.45,0.76,0,,,μL/L,μL/L,正常,正常
alan456/data.xlsx,12.4,17.7,4.79,0.8,0,,,μL/L,μL/L,正常,正常
alan456/data.xlsx,12.6,16.8,4.76,0.75,0,,,μL/L,μL/L,正常,正常
alan456/data.xlsx,14,17.3,4.75,0.77,0,,,μL/L,μL/L,正常,正常
alan456/data.xlsx,12.1,16,4.28,0.8,0,,,μL/L,μL/L,正常,正常
alan456/data.xlsx,12.8,17.3,4.7,0.77,0,,,μL/L,μL/L,正常,正常
alan456/data.xlsx,11.7,16.4,4.62,0.73,0,,,μL/L,μL/L,正常,正常
alan456/data.xlsx,14.2,18.5,4.32,0.75,0,,,μL/L,μL/L,正常,正常
alan456/data.xlsx,14,15.7,4.55,0.76,0,,,μL/L,μL/L,正常,正常
alan456/data.xlsx,13.6,16.4,4.42,0.87,0,,,μL/L,μL/L,正常,正常
alan456/data.xlsx,13,15.9,4.1,0.87,0,,,μL/L,μL/L,正常,正常
alan456/data.xlsx,12.3,18,4.67,0.73,0,,,μL/L,μL/L,正常,正常
alan456/data.xlsx,13.5,16.2,4.73,0.77,0,,,μL/L,μL/L,正常,正常
alan456/data.xlsx,12.8,16.8,4.85,0.72,0,,,μL/L,μL/L,正常,正常
alan456/data.xlsx,13,15.6,4.75,0.79,0,,,μL/L,μL/L,正常,正常
alan456/data.xlsx,12.7,15.5,4.71,0.82,0,,,μL/L,μL/L,正常,正常
alan456/data.xlsx,12,16,4.37,0.79,0,,,μL/L,μL/L,正常,正常
alan456/data.xlsx,13.9,17.6,4.36,0.84,0,,,μL/L,μL/L,正常,正常
alan456/data.xlsx,13.1,17.7,4.09,0.82,0,,,μL/L,μL/L,正常,正常
alan456/data.xlsx,13.3,17.6,4.62,0.81,0,,,μL/L,μL/L,正常,正常
alan456/data.xlsx,14,15.7,4.27,0.74,0,,,μL/L,μL/L,正常,正常
alan456/data.xlsx,14.1,17.3,4.66,0.78,0,,,μL/L,μL/L,正常,正常
alan456/data.xlsx,11.8,18,4.55,0.73,0,,,μL/L,μL/L,正常,正常
alan456/data.xlsx,13.6,16.4,4.42,0.87,0,,,μL/L,μL/L,正常,正常
alan456/data.xlsx,12.7,17.8,4.37,0.8,0,,,μL/L,μL/L,正常,正常
alan456/data.xlsx,13.2,17.7,4.95,0.79,0,,,μL/L,μL/L,正常,正常
alan456/data.xlsx,14.3,16.9,4.6,0.8,0,,,μL/L,μL/L,正常,正常
alan456/data.xlsx,11.8,17.7,4.62,0.78,0,,,μL/L,μL/L,正常,正常
alan456/data.xlsx,13.9,15.4,4.76,0.8,0,,,μL/L,μL/L,正常,正常
alan456/data.xlsx,12.5,16.7,4.86,0.79,0,,,μL/L,μL/L,正常,正常
alan456/data.xlsx,14,15.7,4.2,0.77,0,,,μL/L,μL/L,正常,正常
alan456/data.xlsx,13.2,18.2,4.35,0.8,0,,,μL/L,μL/L,正常,正常
alan456/data.xlsx,13.8,17.6,4.57,0.75,0,,,μL/L,μL/L,正常,正常
alan456/data.xlsx,14.1,17.4,4.91,0.73,0,,,μL/L,μL/L,正常,正常
alan456/data.xlsx,12.7,15.7,4.63,0.84,0,,,μL/L,μL/L,正常,正常
alan456/data.xlsx,13.3,18.6,4.45,0.74,0,,,μL/L,μL/L,正常,正常
alan456/data.xlsx,13.9,18.4,4.5,0.76,0,,,μL/L,μL/L,正常,正常
alan456/data.xlsx,12.3,15.7,4.86,0.75,0,,,μL/L,μL/L,正常,正常
alan456/data.xlsx,13.9,17.6,4.13,0.77,0,,,μL/L,μL/L,正常,正常
alan456/data.xlsx,13,18.4,4.9,0.8,0,,,μL/L,μL/L,正常,正常
alan456/data.xlsx,13.2,15.9,4.53,0.82,0,,,μL/L,μL/L,正常,正常
alan456/data.xlsx,12.2,17.7,4.16,0.79,0,,,μL/L,μL/L,正常,正常
alan456/data.xlsx,13.2,15.9,4.53,0.82,0,,,μL/L,μL/L,正常,正常
alan456/data.xlsx,12.7,17.1,4.4,0.77,0,,,μL/L,μL/L,正常,正常
alan456/data.xlsx,13.2,16.5,4.57,0.86,0,,,μL/L,μL/L,正常,正常
alan456/data.xlsx,11.9,16.4,4.56,0.76,0,,,μL/L,μL/L,正常,正常
alan456/data.xlsx,13.5,18,4.75,0.73,0,,,μL/L,μL/L,正常,正常
alan456/data.xlsx,11.9,18.4,4.17,0.79,0,,,μL/L,μL/L,正常,正常
alan456/data.xlsx,13.9,16,4.13,0.83,0,,,μL/L,μL/L,正常,正常
alan456/data.xlsx,11.9,18.2,4.74,0.82,0,,,μL/L,μL/L,正常,正常
alan456/data.xlsx,13.1,16.2,4.83,0.77,0,,,μL/L,μL/L,正常,正常
alan456/data.xlsx,13.9,15.9,4.29,0.81,0,,,μL/L,μL/L,正常,正常
alan456/data.xlsx,12.6,17.4,4.25,0.86,0,,,μL/L,μL/L,正常,正常
alan456/data.xlsx,12.1,16.8,4.27,0.87,0,,,μL/L,μL/L,正常,正常
alan456/data.xlsx,13.1,18.1,4.16,0.73,0,,,μL/L,μL/L,正常,正常
alan456/data.xlsx,14.2,16.9,4.18,0.77,0,,,μL/L,μL/L,正常,正常
alan456/data.xlsx,13.2,16.4,4.84,0.83,0,,,μL/L,μL/L,正常,正常
alan456/data.xlsx,13.6,15.9,4.91,0.87,0,,,μL/L,μL/L,正常,正常
alan456/data.xlsx,12.3,16.1,4.46,0.84,0,,,μL/L,μL/L,正常,正常
alan456/data.xlsx,13.9,18.6,4.57,0.77,0,,,μL/L,μL/L,正常,正常
alan456/data.xlsx,14.1,18,4.61,0.78,0,,,μL/L,μL/L,正常,正常
alan456/data.xlsx,12.4,15.4,4.57,0.81,0,,,μL/L,μL/L,正常,正常
alan456/data.xlsx,12.3,18.5,4.31,0.78,0,,,μL/L,μL/L,正常,正常
alan456/data.xlsx,12.3,16.1,4.46,0.84,0,,,μL/L,μL/L,正常,正常
alan456/data.xlsx,13.6,15.6,4.22,0.77,0,,,μL/L,μL/L,正常,正常
alan456/data.xlsx,11.9,17,4.68,0.87,0,,,μL/L,μL/L,正常,正常
alan456/data.xlsx,13.9,15.9,4.29,0.81,0,,,μL/L,μL/L,正常,正常
alan456/data.xlsx,13.9,18.6,4.57,0.77,0,,,μL/L,μL/L,正常,正常
alan456/data.xlsx,11.9,15.9,4.31,0.8,0,,,μL/L,μL/L,正常,正常
alan456/data.xlsx,12.9,16.9,4.13,0.77,0,,,μL/L,μL/L,正常,正常
alan456/data.xlsx,12.2,17.3,4.94,0.87,0,,,μL/L,μL/L,正常,正常
alan456/data.xlsx,13.6,18.5,4.35,0.78,0,,,μL/L,μL/L,正常,正常
alan456/data.xlsx,13.6,16.9,4.15,0.77,0,,,μL/L,μL/L,正常,正常
alan456/data.xlsx,14,18.5,4.55,0.72,0,,,μL/L,μL/L,正常,正常
alan456/data.xlsx,13.6,18.6,4.83,0.87,0,,,μL/L,μL/L,正常,正常
alan456/data.xlsx,12.5,17.5,4.28,0.74,0,,,μL/L,μL/L,正常,正常
alan456/data.xlsx,12.3,17.5,4.44,0.85,0,,,μL/L,μL/L,正常,正常
alan456/data.xlsx,12.7,17.5,4.18,0.75,0,,,μL/L,μL/L,正常,正常
alan456/data.xlsx,13,17.2,4.58,0.75,0,,,μL/L,μL/L,正常,正常
alan456/data.xlsx,13.7,17.3,4.54,0.8,0,,,μL/L,μL/L,正常,正常
alan456/data.xlsx,13.1,17.4,4.8,0.77,0,,,μL/L,μL/L,正常,正常
alan456/data.xlsx,12,17.5,4.16,0.75,0,,,μL/L,μL/L,正常,正常
alan456/data.xlsx,13.2,18.4,4.14,0.79,0,,,μL/L,μL/L,正常,正常
alan456/data.xlsx,13.4,17.1,4.3,0.77,0,,,μL/L,μL/L,正常,正常
alan456/data.xlsx,11.8,15.5,4.76,0.82,0,,,μL/L,μL/L,正常,正常
alan456/data.xlsx,12.7,16.8,4.3,0.87,0,,,μL/L,μL/L,正常,正常
alan456/data.xlsx,13.4,16.3,4.65,0.84,0,,,μL/L,μL/L,正常,正常
alan456/data.xlsx,13.9,17,4.65,0.87,0,,,μL/L,μL/L,正常,正常
alan456/data.xlsx,13,16.1,4.67,0.81,0,,,μL/L,μL/L,正常,正常
alan456/data.xlsx,12.9,16.6,4.34,0.83,0,,,μL/L,μL/L,正常,正常
alan456/data.xlsx,13,16.1,4.67,0.81,0,,,μL/L,μL/L,正常,正常
alan456/data.xlsx,13.8,16.4,4.86,0.83,0,,,μL/L,μL/L,正常,正常
alan456/data.xlsx,13.3,18.3,4.76,0.84,0,,,μL/L,μL/L,正常,正常
alan456/data.xlsx,12.2,17.3,4.17,0.79,0,,,μL/L,μL/L,正常,正常
alan456/data.xlsx,12.4,16.5,4.41,0.78,0,,,μL/L,μL/L,正常,正常
alan456/data.xlsx,12.2,17.3,4.17,0.79,0,,,μL/L,μL/L,正常,正常
alan456/data.xlsx,13.9,16.3,4.42,0.85,0,,,μL/L,μL/L,正常,正常
alan456/data.xlsx,13.9,16.6,4.86,0.79,0,,,μL/L,μL/L,正常,正常
alan456/data.xlsx,13.7,15.4,4.65,0.83,0,,,μL/L,μL/L,正常,正常
alan456/data.xlsx,12.5,15.5,4.92,0.73,0,,,μL/L,μL/L,正常,正常
alan456/data.xlsx,12.9,17.3,4.7,0.75,0,,,μL/L,μL/L,正常,正常
alan456/data.xlsx,12.4,15.5,4.45,0.77,0,,,μL/L,μL/L,正常,正常
alan456/data.xlsx,13.6,17.8,4.94,0.87,0,,,μL/L,μL/L,正常,正常
alan456/data.xlsx,13.7,15.9,4.66,0.88,0,,,μL/L,μL/L,正常,正常
alan456/data.xlsx,14.2,16.8,4.09,0.85,0,,,μL/L,μL/L,正常,正常
alan456/data.xlsx,14.3,16,4.72,0.86,0,,,μL/L,μL/L,正常,正常
alan456/data.xlsx,13.8,17.1,4.17,0.83,0,,,μL/L,μL/L,正常,正常
alan456/data.xlsx,12.7,17.2,4.49,0.76,0,,,μL/L,μL/L,正常,正常
alan456/data.xlsx,12.5,17.1,4.57,0.79,0,,,μL/L,μL/L,正常,正常
alan456/data.xlsx,13.8,17.6,4.45,0.84,0,,,μL/L,μL/L,正常,正常
alan456/data.xlsx,12.3,18.4,4.87,0.88,0,,,μL/L,μL/L,正常,正常
alan456/data.xlsx,13.7,18.2,4.77,0.79,0,,,μL/L,μL/L,正常,正常
alan456/data.xlsx,13.4,17.7,4.2,0.87,0,,,μL/L,μL/L,正常,正常
alan456/data.xlsx,13.4,15.4,4.1,0.82,0,,,μL/L,μL/L,正常,正常
alan456/data.xlsx,14,18.4,4.94,0.8,0,,,μL/L,μL/L,正常,正常
alan456/data.xlsx,12.7,15.6,4.82,0.84,0,,,μL/L,μL/L,正常,正常
alan456/data.xlsx,12.8,17.3,4.6,0.86,0,,,μL/L,μL/L,正常,正常
alan456/data.xlsx,14,18.6,4.95,0.78,0,,,μL/L,μL/L,正常,正常
alan456/data.xlsx,12.9,18.4,4.4,0.73,0,,,μL/L,μL/L,正常,正常
alan456/data.xlsx,12.7,15.3,4.66,0.75,0,,,μL/L,μL/L,正常,正常
alan456/data.xlsx,12.8,16.1,4.3,0.82,0,,,μL/L,μL/L,正常,正常
alan456/data.xlsx,13.7,15.8,4.48,0.83,0,,,μL/L,μL/L,正常,正常
alan456/data.xlsx,12.7,16.4,4.63,0.87,0,,,μL/L,μL/L,正常,正常
alan456/data.xlsx,12.4,17.9,4.46,0.88,0,,,μL/L,μL/L,正常,正常
alan456/data.xlsx,13,16.1,4.32,0.76,0,,,μL/L,μL/L,正常,正常
alan456/data.xlsx,14,16.5,4.87,0.77,0,,,μL/L,μL/L,正常,正常
alan456/data.xlsx,14,16.5,4.52,0.79,0,,,μL/L,μL/L,正常,正常
alan456/data.xlsx,13.6,18.3,4.83,0.78,0,,,μL/L,μL/L,正常,正常
alan456/data.xlsx,13.5,16.6,4.64,0.85,0,,,μL/L,μL/L,正常,正常
alan456/data.xlsx,14.1,15.5,4.36,0.73,0,,,μL/L,μL/L,正常,正常
alan456/data.xlsx,13,16.3,4.62,0.74,0,,,μL/L,μL/L,正常,正常
alan456/data.xlsx,13.7,16.1,4.44,0.81,0,,,μL/L,μL/L,正常,正常
alan456/data.xlsx,14.2,15.5,4.57,0.77,0,,,μL/L,μL/L,正常,正常
alan456/data.xlsx,11.8,16.9,4.27,0.74,0,,,μL/L,μL/L,正常,正常
alan456/data.xlsx,12.4,16.4,4.1,0.8,0,,,μL/L,μL/L,正常,正常
alan456/data.xlsx,11.8,17.8,4.57,0.85,0,,,μL/L,μL/L,正常,正常
alan456/data.xlsx,12.8,15.4,4.77,0.85,0,,,μL/L,μL/L,正常,正常
alan456/data.xlsx,13.1,18.4,4.15,0.82,0,,,μL/L,μL/L,正常,正常
alan456/data.xlsx,13.2,17.5,4.13,0.86,0,,,μL/L,μL/L,正常,正常
alan456/data.xlsx,13.1,16.3,4.73,0.74,0,,,μL/L,μL/L,正常,正常
alan456/data.xlsx,12.3,15.8,4.29,0.76,0,,,μL/L,μL/L,正常,正常
alan456/data.xlsx,12.3,18,4.56,0.81,0,,,μL/L,μL/L,正常,正常
alan456/data.xlsx,14,17.5,4.92,0.76,0,,,μL/L,μL/L,正常,正常
alan456/data.xlsx,12.5,16.1,4.83,0.83,0,,,μL/L,μL/L,正常,正常
alan456/data.xlsx,13,15.4,4.41,0.76,0,,,μL/L,μL/L,正常,正常
alan456/data.xlsx,12.2,16.3,4.95,0.73,0,,,μL/L,μL/L,正常,正常
alan456/data.xlsx,13.4,17.3,4.16,0.82,0,,,μL/L,μL/L,正常,正常
alan456/data.xlsx,12.2,16.3,4.95,0.73,0,,,μL/L,μL/L,正常,正常
alan456/data.xlsx,13.4,17,4.53,0.72,0,,,μL/L,μL/L,正常,正常
alan456/data.xlsx,12.7,17.1,4.17,0.78,0,,,μL/L,μL/L,正常,正常
alan456/data.xlsx,12.9,17.8,4.72,0.84,0,,,μL/L,μL/L,正常,正常
alan456/data.xlsx,14,16.4,4.36,0.84,0,,,μL/L,μL/L,正常,正常
alan456/data.xlsx,12.2,16.6,4.75,0.77,0,,,μL/L,μL/L,正常,正常
alan456/data.xlsx,12.1,17.4,4.89,0.87,0,,,μL/L,μL/L,正常,正常
alan456/data.xlsx,12.4,16.3,4.8,0.73,0,,,μL/L,μL/L,正常,正常
alan456/data.xlsx,12.7,17.5,4.71,0.76,0,,,μL/L,μL/L,正常,正常
alan456/data.xlsx,11.8,17.4,4.58,0.83,0,,,μL/L,μL/L,正常,正常
alan456/data.xlsx,14.3,16.2,4.36,0.86,0,,,μL/L,μL/L,正常,正常
alan456/data.xlsx,12.8,15.4,4.77,0.85,0,,,μL/L,μL/L,正常,正常
alan456/data.xlsx,12.1,15.8,4.65,0.8,0,,,μL/L,μL/L,正常,正常
alan456/data.xlsx,13.5,15.3,4.4,0.87,0,,,μL/L,μL/L,正常,正常
alan456/data.xlsx,14.2,17.8,4.57,0.85,0,,,μL/L,μL/L,正常,正常
alan456/data.xlsx,12.6,18.4,4.3,0.84,0,,,μL/L,μL/L,正常,正常
alan456/data.xlsx,11.9,17,4.68,0.87,0,,,μL/L,μL/L,正常,正常
alan456/data.xlsx,14.1,17.7,4.46,0.86,0,,,μL/L,μL/L,正常,正常
alan456/data.xlsx,12,17.9,4.88,0.83,0,,,μL/L,μL/L,正常,正常
alan456/data.xlsx,12,15.3,4.66,0.86,0,,,μL/L,μL/L,正常,正常
alan456/data.xlsx,13.8,16.1,4.51,0.84,0,,,μL/L,μL/L,正常,正常
alan456/data.xlsx,13.4,18.7,4.78,0.86,0,,,μL/L,μL/L,正常,正常
alan456/data.xlsx,14.1,16.3,4.46,0.85,0,,,μL/L,μL/L,正常,正常
alan456/data.xlsx,13.9,15.9,4.82,0.82,0,,,μL/L,μL/L,正常,正常
alan456/data.xlsx,12.9,15.9,4.8,0.76,0,,,μL/L,μL/L,正常,正常
alan456/data.xlsx,14.1,16.3,4.46,0.85,0,,,μL/L,μL/L,正常,正常
alan456/data.xlsx,13.4,17.2,4.6,0.83,0,,,μL/L,μL/L,正常,正常
alan456/data.xlsx,12.2,17.8,4.85,0.87,0,,,μL/L,μL/L,正常,正常
alan456/data.xlsx,13.4,17.6,4.13,0.8,0,,,μL/L,μL/L,正常,正常
alan456/data.xlsx,14.2,15.6,4.77,0.76,0,,,μL/L,μL/L,正常,正常
alan456/data.xlsx,11.9,15.7,4.64,0.81,0,,,μL/L,μL/L,正常,正常
alan456/data.xlsx,11.7,17.1,4.77,0.87,0,,,μL/L,μL/L,正常,正常
alan456/data.xlsx,13.7,18.4,4.61,0.83,0,,,μL/L,μL/L,正常,正常
alan456/data.xlsx,13.1,16.3,4.82,0.81,0,,,μL/L,μL/L,正常,正常
alan456/data.xlsx,13.9,17.7,4.66,0.75,0,,,μL/L,μL/L,正常,正常
alan456/data.xlsx,11.9,16.3,4.94,0.81,0,,,μL/L,μL/L,正常,正常
alan456/data.xlsx,14.2,18.5,4.68,0.82,0,,,μL/L,μL/L,正常,正常
alan456/data.xlsx,11.8,16.5,4.27,0.87,0,,,μL/L,μL/L,正常,正常
alan456/data.xlsx,13.8,18.3,4.57,0.79,0,,,μL/L,μL/L,正常,正常
alan456/data.xlsx,12.1,18.3,4.53,0.73,0,,,μL/L,μL/L,正常,正常
alan456/data.xlsx,13.8,16.9,4.51,0.83,0,,,μL/L,μL/L,正常,正常
alan456/data.xlsx,13.5,16.6,4.64,0.85,0,,,μL/L,μL/L,正常,正常
alan456/data.xlsx,12.4,15.6,4.6,0.87,0,,,μL/L,μL/L,正常,正常
alan456/data.xlsx,12.3,18.2,4.26,0.77,0,,,μL/L,μL/L,正常,正常
alan456/data.xlsx,11.7,16.8,4.8,0.73,0,,,μL/L,μL/L,正常,正常
alan456/data.xlsx,12.9,17.5,4.18,0.81,0,,,μL/L,μL/L,正常,正常
alan456/data.xlsx,12.9,15.9,4.15,0.84,0,,,μL/L,μL/L,正常,正常
alan456/data.xlsx,13,17.6,4.41,0.84,0,,,μL/L,μL/L,正常,正常
alan456/data.xlsx,12.1,16.2,4.94,0.87,0,,,μL/L,μL/L,正常,正常
alan456/data.xlsx,12.5,16.6,4.6,0.85,0,,,μL/L,μL/L,正常,正常
alan456/data.xlsx,14.1,16.4,4.25,0.77,0,,,μL/L,μL/L,正常,正常
alan456/data.xlsx,12.6,15.8,4.86,0.77,0,,,μL/L,μL/L,正常,正常
alan456/data.xlsx,12.8,18,4.43,0.79,0,,,μL/L,μL/L,正常,正常
alan456/data.xlsx,12.3,18.6,4.2,0.83,0,,,μL/L,μL/L,正常,正常
alan456/data.xlsx,11.8,18.7,4.75,0.73,0,,,μL/L,μL/L,正常,正常
alan456/data.xlsx,13.6,16.4,4.35,0.74,0,,,μL/L,μL/L,正常,正常
alan456/data.xlsx,12.6,18.3,4.41,0.87,0,,,μL/L,μL/L,正常,正常
alan456/data.xlsx,13.6,16.4,4.35,0.74,0,,,μL/L,μL/L,正常,正常
alan456/data.xlsx,14.2,15.7,4.58,0.86,0,,,μL/L,μL/L,正常,正常
alan456/data.xlsx,13.4,18,4.74,0.75,0,,,μL/L,μL/L,正常,正常
alan456/data.xlsx,14.2,17.2,4.93,0.83,0,,,μL/L,μL/L,正常,正常
alan456/data.xlsx,13.6,16,4.27,0.85,0,,,μL/L,μL/L,正常,正常
alan456/data.xlsx,12.3,16.1,4.51,0.81,0,,,μL/L,μL/L,正常,正常
alan456/data.xlsx,13.2,15.9,4.77,0.74,0,,,μL/L,μL/L,正常,正常
alan456/data.xlsx,12.2,15.3,4.06,0.88,0,,,μL/L,μL/L,正常,正常
alan456/data.xlsx,13.1,16.1,4.44,0.82,0,,,μL/L,μL/L,正常,正常
alan456/data.xlsx,11.9,17.5,4.12,0.75,0,,,μL/L,μL/L,正常,正常
alan456/data.xlsx,13,17.4,4.67,0.77,0,,,μL/L,μL/L,正常,正常
alan456/data.xlsx,12.1,16.9,4.07,0.77,0,,,μL/L,μL/L,正常,正常
alan456/data.xlsx,12.6,18.1,4.81,0.74,0,,,μL/L,μL/L,正常,正常
alan456/dataset_(589).xlsx,1458,9,1812,0.0001,0.0001,,,μL/L,μL/L,局部放电,局部放电
alan456/dataset_(589).xlsx,2240,157,90,157,45,,,μL/L,μL/L,局部放电,局部放电
alan456/dataset_(589).xlsx,73,8,4,2,12,,,μL/L,μL/L,局部放电,局部放电
alan456/dataset_(589).xlsx,235,16,0.0001,35,0.0001,,,μL/L,μL/L,局部放电,局部放电
alan456/dataset_(589).xlsx,9340,995,60,6,7,,,μL/L,μL/L,局部放电,局部放电
alan456/dataset_(589).xlsx,33046,619,58,2,0.0001,,,μL/L,μL/L,局部放电,局部放电
alan456/dataset_(589).xlsx,8266,1061,22,0.0001,0.0001,,,μL/L,μL/L,局部放电,局部放电
alan456/dataset_(589).xlsx,230,15.9,16.3,1.9,2.4,,,μL/L,μL/L,局部放电,局部放电
alan456/dataset_(589).xlsx,109,16,0.0001,0.0001,0.0001,,,μL/L,μL/L,局部放电,局部放电
alan456/dataset_(589).xlsx,113,21,48,0.0001,4,,,μL/L,μL/L,局部放电,局部放电
alan456/dataset_(589).xlsx,1309,124,113,6,0.0001,,,μL/L,μL/L,局部放电,局部放电
alan456/dataset_(589).xlsx,1549.2,10.2,0.0001,53.19,0.0001,,,μL/L,μL/L,局部放电,局部放电
alan456/dataset_(589).xlsx,101,8.1,0.0001,3,0.0001,,,μL/L,μL/L,局部放电,局部放电
alan456/dataset_(589).xlsx,36036,4704,554,5,10,,,μL/L,μL/L,局部放电,局部放电
alan456/dataset_(589).xlsx,160,10,3,1,1,,,μL/L,μL/L,局部放电,局部放电
alan456/dataset_(589).xlsx,1076,95,4,71,231,,,μL/L,μL/L,局部放电,局部放电
alan456/dataset_(589).xlsx,407,28,15,21,0.0001,,,μL/L,μL/L,局部放电,局部放电
alan456/dataset_(589).xlsx,2240,560,380,450,940,,,μL/L,μL/L,局部放电,局部放电
alan456/dataset_(589).xlsx,92600,10200,1,2,0.0001,,,μL/L,μL/L,局部放电,局部放电
alan456/dataset_(589).xlsx,2587.2,112.25,4.704,1.4,0.0001,,,μL/L,μL/L,局部放电,局部放电
alan456/dataset_(589).xlsx,195.9,14.5,11.6,2.4,0.0001,,,μL/L,μL/L,局部放电,局部放电
alan456/dataset_(589).xlsx,180.85,0.574,0.234,0.188,0.0001,,,μL/L,μL/L,局部放电,局部放电
alan456/dataset_(589).xlsx,4480,560,380,403,896,,,μL/L,μL/L,局部放电,局部放电
alan456/dataset_(589).xlsx,1651,90,33,45,2,,,μL/L,μL/L,局部放电,局部放电
alan456/dataset_(589).xlsx,980,73,58,12,0.0001,,,μL/L,μL/L,局部放电,局部放电
alan456/dataset_(589).xlsx,6600,1000,38,2,19,,,μL/L,μL/L,局部放电,局部放电
alan456/dataset_(589).xlsx,56,61,75,32,31,,,μL/L,μL/L,局部放电,局部放电
alan456/dataset_(589).xlsx,2240,168,25,0.0001,0.0001,,,μL/L,μL/L,局部放电,局部放电
alan456/dataset_(589).xlsx,92600,10200,0.0001,0.0001,0.0001,,,μL/L,μL/L,局部放电,局部放电
alan456/dataset_(589).xlsx,24.3,15.7,6.4,11.2,29.8,,,μL/L,μL/L,局部放电,局部放电
alan456/dataset_(589).xlsx,485,35,29,6,0.0001,,,μL/L,μL/L,局部放电,局部放电
alan456/dataset_(589).xlsx,109,4,11,9,0.0001,,,μL/L,μL/L,局部放电,局部放电
alan456/dataset_(589).xlsx,16000,4000,500,8500,16000,,,μL/L,μL/L,局部放电,局部放电
alan456/dataset_(589).xlsx,2031,149,20,3,0.0001,,,μL/L,μL/L,局部放电,局部放电
alan456/dataset_(589).xlsx,870,77,73,54,14,,,μL/L,μL/L,局部放电,局部放电
alan456/dataset_(589).xlsx,106,4,2,1,0.0001,,,μL/L,μL/L,局部放电,局部放电
alan456/dataset_(589).xlsx,32930,2397,157,0.0001,0.0001,,,μL/L,μL/L,局部放电,局部放电
alan456/dataset_(589).xlsx,197,12,6.6,15,0.0001,,,μL/L,μL/L,局部放电,局部放电
alan456/dataset_(589).xlsx,117,17,1,3,1,,,μL/L,μL/L,局部放电,局部放电
alan456/dataset_(589).xlsx,160,24.7,38.5,0.0001,0.0001,,,μL/L,μL/L,局部放电,局部放电
alan456/dataset_(589).xlsx,134,13,156,0.0001,0.0001,,,μL/L,μL/L,局部放电,局部放电
alan456/dataset_(589).xlsx,166,21,38,6,0.0001,,,μL/L,μL/L,局部放电,局部放电
alan456/dataset_(589).xlsx,183,6,0.0001,5,0.0001,,,μL/L,μL/L,局部放电,局部放电
alan456/dataset_(589).xlsx,2240,157,90,45,45,,,μL/L,μL/L,局部放电,局部放电
alan456/dataset_(589).xlsx,6454,2313,121,2159,6432,,,μL/L,μL/L,低能放电,低能放电
alan456/dataset_(589).xlsx,240,20,5,28,96,,,μL/L,μL/L,低能放电,低能放电
alan456/dataset_(589).xlsx,65.2,20,3.9,8.13,25.1,,,μL/L,μL/L,低能放电,低能放电
alan456/dataset_(589).xlsx,143,5.8,16,10.6,26.3,,,μL/L,μL/L,低能放电,低能放电
alan456/dataset_(589).xlsx,30.1,17.1,2.2,5.5,30.1,,,μL/L,μL/L,低能放电,低能放电
alan456/dataset_(589).xlsx,120,25,1,8,40,,,μL/L,μL/L,低能放电,低能放电
alan456/dataset_(589).xlsx,137,6,11.4,6.4,16.5,,,μL/L,μL/L,低能放电,低能放电
alan456/dataset_(589).xlsx,23,63,54,10,0.3,,,μL/L,μL/L,低能放电,低能放电
alan456/dataset_(589).xlsx,4879,262,15,332,1827,,,μL/L,μL/L,低能放电,低能放电
alan456/dataset_(589).xlsx,301,5.78,4.7,9.7,5,,,μL/L,μL/L,低能放电,低能放电
alan456/dataset_(589).xlsx,716,7.1,3.3,20,6.8,,,μL/L,μL/L,低能放电,低能放电
alan456/dataset_(589).xlsx,289,13.4,18.2,49.8,36.3,,,μL/L,μL/L,低能放电,低能放电
alan456/dataset_(589).xlsx,179,29,10,17,33,,,μL/L,μL/L,低能放电,低能放电
alan456/dataset_(589).xlsx,2177,1049,207,440,705,,,μL/L,μL/L,低能放电,低能放电
alan456/dataset_(589).xlsx,7600,1230,318,836,1560,,,μL/L,μL/L,低能放电,低能放电
alan456/dataset_(589).xlsx,543,120,41,411,1880,,,μL/L,μL/L,低能放电,低能放电
alan456/dataset_(589).xlsx,186,38.3,13,37,85.9,,,μL/L,μL/L,低能放电,低能放电
alan456/dataset_(589).xlsx,4.1,3.5,0.68,1.2,5.2,,,μL/L,μL/L,低能放电,低能放电
alan456/dataset_(589).xlsx,210,22,6,6,7,,,μL/L,μL/L,低能放电,低能放电
alan456/dataset_(589).xlsx,254,5.2,0.0001,9.3,88,,,μL/L,μL/L,低能放电,低能放电
alan456/dataset_(589).xlsx,385,28.8,50,82.3,171,,,μL/L,μL/L,低能放电,低能放电
alan456/dataset_(589).xlsx,843,133,12,168,385,,,μL/L,μL/L,低能放电,低能放电
alan456/dataset_(589).xlsx,208,7.6,27.5,9.7,14.4,,,μL/L,μL/L,低能放电,低能放电
alan456/dataset_(589).xlsx,65.5,23.3,1,2.1,26,,,μL/L,μL/L,低能放电,低能放电
alan456/dataset_(589).xlsx,35,6,3,26,482,,,μL/L,μL/L,低能放电,低能放电
alan456/dataset_(589).xlsx,3559,187,22,230,1140,,,μL/L,μL/L,低能放电,低能放电
alan456/dataset_(589).xlsx,10092,5399,530,6500,37565,,,μL/L,μL/L,低能放电,低能放电
alan456/dataset_(589).xlsx,1900,285,31,957,7730,,,μL/L,μL/L,低能放电,低能放电
alan456/dataset_(589).xlsx,307,22,2,33,109,,,μL/L,μL/L,低能放电,低能放电
alan456/dataset_(589).xlsx,225,4.7,0.0001,8.7,89,,,μL/L,μL/L,低能放电,低能放电
alan456/dataset_(589).xlsx,78,20,11,13,28,,,μL/L,μL/L,低能放电,低能放电
alan456/dataset_(589).xlsx,266,30.2,4.9,26.2,60.2,,,μL/L,μL/L,低能放电,低能放电
alan456/dataset_(589).xlsx,645,86,13,110,317,,,μL/L,μL/L,低能放电,低能放电
alan456/dataset_(589).xlsx,119,8,23.3,7.9,12.3,,,μL/L,μL/L,低能放电,低能放电
alan456/dataset_(589).xlsx,57,24,2,27,30,,,μL/L,μL/L,低能放电,低能放电
alan456/dataset_(589).xlsx,14.2,4,1.4,1.5,9.51,,,μL/L,μL/L,低能放电,低能放电
alan456/dataset_(589).xlsx,818,94,49,121,978,,,μL/L,μL/L,低能放电,低能放电
alan456/dataset_(589).xlsx,115,25.5,110,12.2,8.6,,,μL/L,μL/L,低能放电,低能放电
alan456/dataset_(589).xlsx,205,20,8,0.0001,6,,,μL/L,μL/L,低能放电,低能放电
alan456/dataset_(589).xlsx,101.72,27.65,7.13,16.92,53.87,,,μL/L,μL/L,低能放电,低能放电
alan456/dataset_(589).xlsx,135,27,24,9,13,,,μL/L,μL/L,低能放电,低能放电
alan456/dataset_(589).xlsx,47.5,22.9,4.5,9.6,15.3,,,μL/L,μL/L,低能放电,低能放电
alan456/dataset_(589).xlsx,6870,1028,79,900,5500,,,μL/L,μL/L,低能放电,低能放电
alan456/dataset_(589).xlsx,119,8,20,0.0001,21,,,μL/L,μL/L,低能放电,低能放电
alan456/dataset_(589).xlsx,60,10,4,4,4,,,μL/L,μL/L,低能放电,低能放电
alan456/dataset_(589).xlsx,385,60,8,53,159,,,μL/L,μL/L,低能放电,低能放电
alan456/dataset_(589).xlsx,5.26,0.0001,0.0001,28.2,66.4,,,μL/L,μL/L,低能放电,低能放电
alan456/dataset_(589).xlsx,2510,202,139,208,1730,,,μL/L,μL/L,低能放电,低能放电
alan456/dataset_(589).xlsx,650,81,170,51,270,,,μL/L,μL/L,低能放电,低能放电
alan456/dataset_(589).xlsx,153,18,9,0.0001,278,,,μL/L,μL/L,低能放电,低能放电
alan456/dataset_(589).xlsx,1790,580,321,336,619,,,μL/L,μL/L,低能放电,低能放电
alan456/dataset_(589).xlsx,256,8,37.4,15,21.1,,,μL/L,μL/L,低能放电,低能放电
alan456/dataset_(589).xlsx,60,10,0.0001,11,39,,,μL/L,μL/L,低能放电,低能放电
alan456/dataset_(589).xlsx,151,13.5,50.7,5,9.2,,,μL/L,μL/L,低能放电,低能放电
alan456/dataset_(589).xlsx,9,3.9,0.8,4,13,,,μL/L,μL/L,低能放电,低能放电
alan456/dataset_(589).xlsx,274,27,5,33,97,,,μL/L,μL/L,低能放电,低能放电
alan456/dataset_(589).xlsx,305,100,33,161,541,,,μL/L,μL/L,低能放电,低能放电
alan456/dataset_(589).xlsx,176,652.9,47.7,75.7,68.7,,,μL/L,μL/L,低能放电,低能放电
alan456/dataset_(589).xlsx,87,34,23,15,60,,,μL/L,μL/L,高能放电,高能放电
alan456/dataset_(589).xlsx,220,77,22,170,240,,,μL/L,μL/L,高能放电,高能放电
alan456/dataset_(589).xlsx,274,27,5,33,97,,,μL/L,μL/L,高能放电,高能放电
alan456/dataset_(589).xlsx,155,49,69.3,42,10.7,,,μL/L,μL/L,高能放电,高能放电
alan456/dataset_(589).xlsx,137,67,7,53,104,,,μL/L,μL/L,高能放电,高能放电
alan456/dataset_(589).xlsx,63,22,15,11,76,,,μL/L,μL/L,高能放电,高能放电
alan456/dataset_(589).xlsx,292,346,32,313,196,,,μL/L,μL/L,高能放电,高能放电
alan456/dataset_(589).xlsx,217,286,14,458,884,,,μL/L,μL/L,高能放电,高能放电
alan456/dataset_(589).xlsx,13500,6110,212,4510,4040,,,μL/L,μL/L,高能放电,高能放电
alan456/dataset_(589).xlsx,88.5,22.8,108.4,12,7.5,,,μL/L,μL/L,高能放电,高能放电
alan456/dataset_(589).xlsx,50,42,98,10,33,,,μL/L,μL/L,高能放电,高能放电
alan456/dataset_(589).xlsx,60,5,2,21,32,,,μL/L,μL/L,高能放电,高能放电
alan456/dataset_(589).xlsx,25,9,6,5,44,,,μL/L,μL/L,高能放电,高能放电
alan456/dataset_(589).xlsx,37.9,7.7,2.16,18.4,33.7,,,μL/L,μL/L,高能放电,高能放电
alan456/dataset_(589).xlsx,18.34,16.26,3.38,17.95,16.42,,,μL/L,μL/L,高能放电,高能放电
alan456/dataset_(589).xlsx,1084,188,8,166,769,,,μL/L,μL/L,高能放电,高能放电
alan456/dataset_(589).xlsx,497,230,51,151,122,,,μL/L,μL/L,高能放电,高能放电
alan456/dataset_(589).xlsx,32.4,5.5,1.4,12.6,13.2,,,μL/L,μL/L,高能放电,高能放电
alan456/dataset_(589).xlsx,19,12,2,8,63,,,μL/L,μL/L,高能放电,高能放电
alan456/dataset_(589).xlsx,210,43,12,102,187,,,μL/L,μL/L,高能放电,高能放电
alan456/dataset_(589).xlsx,26,68,93,31,59,,,μL/L,μL/L,高能放电,高能放电
alan456/dataset_(589).xlsx,114,41,27,15,42,,,μL/L,μL/L,高能放电,高能放电
alan456/dataset_(589).xlsx,7150,1440,97,1210,1760,,,μL/L,μL/L,高能放电,高能放电
alan456/dataset_(589).xlsx,8,0.0001,0.0001,43,101,,,μL/L,μL/L,高能放电,高能放电
alan456/dataset_(589).xlsx,1607,615,80,916,1294,,,μL/L,μL/L,高能放电,高能放电
alan456/dataset_(589).xlsx,46,20,14,10,42,,,μL/L,μL/L,高能放电,高能放电
alan456/dataset_(589).xlsx,1027,185,17,271,399,,,μL/L,μL/L,高能放电,高能放电
alan456/dataset_(589).xlsx,37,11.8,15.5,43.6,83.3,,,μL/L,μL/L,高能放电,高能放电
alan456/dataset_(589).xlsx,200,48,14,117,131,,,μL/L,μL/L,高能放电,高能放电
alan456/dataset_(589).xlsx,392,153,82,45,236,,,μL/L,μL/L,高能放电,高能放电
alan456/dataset_(589).xlsx,12.4,6.5,15.3,69,15,,,μL/L,μL/L,高能放电,高能放电
alan456/dataset_(589).xlsx,71,151,9,89,412,,,μL/L,μL/L,高能放电,高能放电
alan456/dataset_(589).xlsx,127,24,0.0001,32,81,,,μL/L,μL/L,高能放电,高能放电
alan456/dataset_(589).xlsx,800,160,23,260,600,,,μL/L,μL/L,高能放电,高能放电
alan456/dataset_(589).xlsx,212,38,15,47,78,,,μL/L,μL/L,高能放电,高能放电
alan456/dataset_(589).xlsx,8200,3790,250,4620,277,,,μL/L,μL/L,高能放电,高能放电
alan456/dataset_(589).xlsx,2800,2800,234,3500,3600,,,μL/L,μL/L,高能放电,高能放电
alan456/dataset_(589).xlsx,195.7,58,16.4,91.6,96.9,,,μL/L,μL/L,高能放电,高能放电
alan456/dataset_(589).xlsx,235,39.45,9.63,210,257,,,μL/L,μL/L,高能放电,高能放电
alan456/dataset_(589).xlsx,441,207,43,224,261,,,μL/L,μL/L,高能放电,高能放电
alan456/dataset_(589).xlsx,110,62,90,140,250,,,μL/L,μL/L,高能放电,高能放电
alan456/dataset_(589).xlsx,88,21.8,79.2,41.2,41.5,,,μL/L,μL/L,高能放电,高能放电
alan456/dataset_(589).xlsx,531,111.9,22.7,122.5,169,,,μL/L,μL/L,高能放电,高能放电
alan456/dataset_(589).xlsx,9474,4066,353,6552,12997,,,μL/L,μL/L,高能放电,高能放电
alan456/dataset_(589).xlsx,152,116,7,131,414,,,μL/L,μL/L,高能放电,高能放电
alan456/dataset_(589).xlsx,150,130,9,55,30,,,μL/L,μL/L,高能放电,高能放电
alan456/dataset_(589).xlsx,75,15,7,14,250,,,μL/L,μL/L,高能放电,高能放电
alan456/dataset_(589).xlsx,43,19,3,0.0001,40,,,μL/L,μL/L,高能放电,高能放电
alan456/dataset_(589).xlsx,1114,719,188,1217,699,,,μL/L,μL/L,高能放电,高能放电
alan456/dataset_(589).xlsx,35,11,0.0001,7,146,,,μL/L,μL/L,高能放电,高能放电
alan456/dataset_(589).xlsx,629,402,16,298,1127,,,μL/L,μL/L,高能放电,高能放电
alan456/dataset_(589).xlsx,7940,2000,355,3120,5390,,,μL/L,μL/L,高能放电,高能放电
alan456/dataset_(589).xlsx,7020,1850,0.0001,2960,4410,,,μL/L,μL/L,高能放电,高能放电
alan456/dataset_(589).xlsx,151,51,16,12,19,,,μL/L,μL/L,高能放电,高能放电
alan456/dataset_(589).xlsx,2,41,133,9,21,,,μL/L,μL/L,高能放电,高能放电
alan456/dataset_(589).xlsx,75.5,30.2,2.33,30.3,18.2,,,μL/L,μL/L,高能放电,高能放电
alan456/dataset_(589).xlsx,17,42,192,12,20,,,μL/L,μL/L,高能放电,高能放电
alan456/dataset_(589).xlsx,156,55,103,13,16,,,μL/L,μL/L,高能放电,高能放电
alan456/dataset_(589).xlsx,21,34,5,47,62,,,μL/L,μL/L,高能放电,高能放电
alan456/dataset_(589).xlsx,64,18,1,4,122,,,μL/L,μL/L,高能放电,高能放电
alan456/dataset_(589).xlsx,25,28,27,15,80,,,μL/L,μL/L,高能放电,高能放电
alan456/dataset_(589).xlsx,2770,660,54,712,763,,,μL/L,μL/L,高能放电,高能放电
alan456/dataset_(589).xlsx,4419,3564,668,2861,2025,,,μL/L,μL/L,高能放电,高能放电
alan456/dataset_(589).xlsx,1500,395,28,395,323,,,μL/L,μL/L,高能放电,高能放电
alan456/dataset_(589).xlsx,10,15,0.0001,0.0001,35,,,μL/L,μL/L,高能放电,高能放电
alan456/dataset_(589).xlsx,1570,1110,175,1780,1830,,,μL/L,μL/L,高能放电,高能放电
alan456/dataset_(589).xlsx,22,14,19,6,56,,,μL/L,μL/L,高能放电,高能放电
alan456/dataset_(589).xlsx,1249,370,56,606,1371,,,μL/L,μL/L,高能放电,高能放电
alan456/dataset_(589).xlsx,1900,530,35,383,434,,,μL/L,μL/L,高能放电,高能放电
alan456/dataset_(589).xlsx,5900,1500,68,1200,2300,,,μL/L,μL/L,高能放电,高能放电
alan456/dataset_(589).xlsx,3700,1690,128,2810,3270,,,μL/L,μL/L,高能放电,高能放电
alan456/dataset_(589).xlsx,75,5,31,69,36,,,μL/L,μL/L,高能放电,高能放电
alan456/dataset_(589).xlsx,323,115,7,130,446,,,μL/L,μL/L,高能放电,高能放电
alan456/dataset_(589).xlsx,127,107,11,154,224,,,μL/L,μL/L,高能放电,高能放电
alan456/dataset_(589).xlsx,3090,5020,323,3800,2540,,,μL/L,μL/L,高能放电,高能放电
alan456/dataset_(589).xlsx,48,20,69,41,31,,,μL/L,μL/L,高能放电,高能放电
alan456/dataset_(589).xlsx,60,5,2,21,21,,,μL/L,μL/L,高能放电,高能放电
alan456/dataset_(589).xlsx,30,14,1,9,43,,,μL/L,μL/L,高能放电,高能放电
alan456/dataset_(589).xlsx,7020,1850,0.0001,2960,4410,,,μL/L,μL/L,高能放电,高能放电
alan456/dataset_(589).xlsx,1170,255,18,312,325,,,μL/L,μL/L,高能放电,高能放电
alan456/dataset_(589).xlsx,858,1324,208,2793,7672,,,μL/L,μL/L,高能放电,高能放电
alan456/dataset_(589).xlsx,14.3,92.6,83.9,16.7,26.8,,,μL/L,μL/L,高能放电,高能放电
alan456/dataset_(589).xlsx,57,148,197,72,42,,,μL/L,μL/L,高能放电,高能放电
alan456/dataset_(589).xlsx,260,215,35,334,277,,,μL/L,μL/L,高能放电,高能放电
alan456/dataset_(589).xlsx,215,84.8,87.7,1002,212,,,μL/L,μL/L,高能放电,高能放电
alan456/dataset_(589).xlsx,440,89,19,304,757,,,μL/L,μL/L,高能放电,高能放电
alan456/dataset_(589).xlsx,77,36,27,18,76,,,μL/L,μL/L,高能放电,高能放电
alan456/dataset_(589).xlsx,60,85,5,67,227,,,μL/L,μL/L,高能放电,高能放电
alan456/dataset_(589).xlsx,594,230,44,130,102,,,μL/L,μL/L,高能放电,高能放电
alan456/dataset_(589).xlsx,1820,405,35,365,634,,,μL/L,μL/L,高能放电,高能放电
alan456/dataset_(589).xlsx,123,50.7,9,62,65.9,,,μL/L,μL/L,高能放电,高能放电
alan456/dataset_(589).xlsx,90,28,8,31,32,,,μL/L,μL/L,高能放电,高能放电
alan456/dataset_(589).xlsx,26.6,4,0.0001,8,50,,,μL/L,μL/L,高能放电,高能放电
alan456/dataset_(589).xlsx,46,21,1,11,93,,,μL/L,μL/L,高能放电,高能放电
alan456/dataset_(589).xlsx,13,3,1,3,6,,,μL/L,μL/L,高能放电,高能放电
alan456/dataset_(589).xlsx,305,85,25,197,130,,,μL/L,μL/L,高能放电,高能放电
alan456/dataset_(589).xlsx,75,15,7,14,26,,,μL/L,μL/L,高能放电,高能放电
alan456/dataset_(589).xlsx,307,22,2,33,109,,,μL/L,μL/L,高能放电,高能放电
alan456/dataset_(589).xlsx,0.0001,21,0.0001,0.0001,40,,,μL/L,μL/L,高能放电,高能放电
alan456/dataset_(589).xlsx,88,45,57,15,39,,,μL/L,μL/L,高能放电,高能放电
alan456/dataset_(589).xlsx,80,28,4,15,107,,,μL/L,μL/L,高能放电,高能放电
alan456/dataset_(589).xlsx,755,229,32,404,460,,,μL/L,μL/L,高能放电,高能放电
alan456/dataset_(589).xlsx,530,345,85,266,250,,,μL/L,μL/L,高能放电,高能放电
alan456/dataset_(589).xlsx,310,230,54,610,760,,,μL/L,μL/L,高能放电,高能放电
alan456/dataset_(589).xlsx,620,325,38,181,244,,,μL/L,μL/L,高能放电,高能放电
alan456/dataset_(589).xlsx,4906,8784,1404,9924,9671,,,μL/L,μL/L,高能放电,高能放电
alan456/dataset_(589).xlsx,85,98,315,30,0.0001,,,μL/L,μL/L,低温过热,低温过热
alan456/dataset_(589).xlsx,12,28,102,3,0.0001,,,μL/L,μL/L,低温过热,低温过热
alan456/dataset_(589).xlsx,36,167,230,18,0.0001,,,μL/L,μL/L,低温过热,低温过热
alan456/dataset_(589).xlsx,24,47,113,10,0.0001,,,μL/L,μL/L,低温过热,低温过热
alan456/dataset_(589).xlsx,54.9,8.8,80,2.5,0.0001,,,μL/L,μL/L,低温过热,低温过热
alan456/dataset_(589).xlsx,112,68,136,9,0.0001,,,μL/L,μL/L,低温过热,低温过热
alan456/dataset_(589).xlsx,7,15,78,58,0.0001,,,μL/L,μL/L,低温过热,低温过热
alan456/dataset_(589).xlsx,219,44,3,3,0.0001,,,μL/L,μL/L,低温过热,低温过热
alan456/dataset_(589).xlsx,39.4,65.2,103.9,8.1,0.0001,,,μL/L,μL/L,低温过热,低温过热
alan456/dataset_(589).xlsx,95,110,160,50,0.0001,,,μL/L,μL/L,低温过热,低温过热
alan456/dataset_(589).xlsx,0.0001,153,395,11.7,0.0001,,,μL/L,μL/L,低温过热,低温过热
alan456/dataset_(589).xlsx,121,73,179,11,0.0001,,,μL/L,μL/L,低温过热,低温过热
alan456/dataset_(589).xlsx,74,173,263,33,0.0001,,,μL/L,μL/L,低温过热,低温过热
alan456/dataset_(589).xlsx,13,59,117,44,0.0001,,,μL/L,μL/L,低温过热,低温过热
alan456/dataset_(589).xlsx,13,138,83,16,0.0001,,,μL/L,μL/L,低温过热,低温过热
alan456/dataset_(589).xlsx,36,21,65,2,0.0001,,,μL/L,μL/L,低温过热,低温过热
alan456/dataset_(589).xlsx,9,56,135,7,1,,,μL/L,μL/L,低温过热,低温过热
alan456/dataset_(589).xlsx,0.0001,187,609,13,0.0001,,,μL/L,μL/L,低温过热,低温过热
alan456/dataset_(589).xlsx,820,1740,951,867,128,,,μL/L,μL/L,低温过热,低温过热
alan456/dataset_(589).xlsx,10,56,72,70,0.0001,,,μL/L,μL/L,低温过热,低温过热
alan456/dataset_(589).xlsx,12,18,4,4,0.0001,,,μL/L,μL/L,低温过热,低温过热
alan456/dataset_(589).xlsx,10,26,147,6,0.0001,,,μL/L,μL/L,低温过热,低温过热
alan456/dataset_(589).xlsx,143.2,123,38,75,0.0001,,,μL/L,μL/L,低温过热,低温过热
alan456/dataset_(589).xlsx,18,30,146,8,0.0001,,,μL/L,μL/L,低温过热,低温过热
alan456/dataset_(589).xlsx,27,28,136,8,0.0001,,,μL/L,μL/L,低温过热,低温过热
alan456/dataset_(589).xlsx,34,8.6,70.3,3.1,0.0001,,,μL/L,μL/L,低温过热,低温过热
alan456/dataset_(589).xlsx,113,137,173,34,0.0001,,,μL/L,μL/L,低温过热,低温过热
alan456/dataset_(589).xlsx,45,125,111,25,0.0001,,,μL/L,μL/L,低温过热,低温过热
alan456/dataset_(589).xlsx,78,66,62,2.6,0.0001,,,μL/L,μL/L,低温过热,低温过热
alan456/dataset_(589).xlsx,55,22,358,2.6,0.0001,,,μL/L,μL/L,低温过热,低温过热
alan456/dataset_(589).xlsx,10,63,176,35,0.0001,,,μL/L,μL/L,低温过热,低温过热
alan456/dataset_(589).xlsx,11,271,465,32,0.0001,,,μL/L,μL/L,低温过热,低温过热
alan456/dataset_(589).xlsx,34,30,34,2.5,0.0001,,,μL/L,μL/L,低温过热,低温过热
alan456/dataset_(589).xlsx,187,86,155,21,6,,,μL/L,μL/L,低温过热,低温过热
alan456/dataset_(589).xlsx,93.5,131.9,39,11.7,0.0001,,,μL/L,μL/L,低温过热,低温过热
alan456/dataset_(589).xlsx,48,40,11,0.5,0.0001,,,μL/L,μL/L,低温过热,低温过热
alan456/dataset_(589).xlsx,124,166,87,59,0.0001,,,μL/L,μL/L,低温过热,低温过热
alan456/dataset_(589).xlsx,8,16,88,7,0.0001,,,μL/L,μL/L,低温过热,低温过热
alan456/dataset_(589).xlsx,320,131,187,127,0.0001,,,μL/L,μL/L,低温过热,低温过热
alan456/dataset_(589).xlsx,92,27,67,7,0.0001,,,μL/L,μL/L,低温过热,低温过热
alan456/dataset_(589).xlsx,900,9180,0.0001,900,22,,,μL/L,μL/L,低温过热,低温过热
alan456/dataset_(589).xlsx,6,197,476.9,16.9,0.0001,,,μL/L,μL/L,低温过热,低温过热
alan456/dataset_(589).xlsx,0.0001,215,555,18.4,0.0001,,,μL/L,μL/L,低温过热,低温过热
alan456/dataset_(589).xlsx,78,66,283,2.6,0.0001,,,μL/L,μL/L,低温过热,低温过热
alan456/dataset_(589).xlsx,130,140,24,120,0.0001,,,μL/L,μL/L,低温过热,低温过热
alan456/dataset_(589).xlsx,10,24,80,5,0.0001,,,μL/L,μL/L,低温过热,低温过热
alan456/dataset_(589).xlsx,0.0001,224,0.0001,45,0.0001,,,μL/L,μL/L,低温过热,低温过热
alan456/dataset_(589).xlsx,19,48,76,18,0.0001,,,μL/L,μL/L,低温过热,低温过热
alan456/dataset_(589).xlsx,6,38,93,32,0.0001,,,μL/L,μL/L,低温过热,低温过热
alan456/dataset_(589).xlsx,11,46,155,18,0.0001,,,μL/L,μL/L,低温过热,低温过热
alan456/dataset_(589).xlsx,27,49,192,9,0.0001,,,μL/L,μL/L,低温过热,低温过热
alan456/dataset_(589).xlsx,103,74,80,9,0.0001,,,μL/L,μL/L,低温过热,低温过热
alan456/dataset_(589).xlsx,31.2,8.9,119,4.4,0.0001,,,μL/L,μL/L,低温过热,低温过热
alan456/dataset_(589).xlsx,0.0001,33.7,136,11.4,0.0001,,,μL/L,μL/L,低温过热,低温过热
alan456/dataset_(589).xlsx,6,3,0.8,0.7,0.0001,,,μL/L,μL/L,低温过热,低温过热
alan456/dataset_(589).xlsx,181,262,41,28,0.0001,,,μL/L,μL/L,低温过热,低温过热
alan456/dataset_(589).xlsx,14,44,124,7,1,,,μL/L,μL/L,低温过热,低温过热
alan456/dataset_(589).xlsx,1,27,49,4,1,,,μL/L,μL/L,低温过热,低温过热
alan456/dataset_(589).xlsx,50,3,1,0.0001,0.0001,,,μL/L,μL/L,低温过热,低温过热
alan456/dataset_(589).xlsx,21,14,191,90,0.0001,,,μL/L,μL/L,低温过热,低温过热
alan456/dataset_(589).xlsx,160,130,33,96,0.0001,,,μL/L,μL/L,低温过热,低温过热
alan456/dataset_(589).xlsx,16,68,157,19,0.0001,,,μL/L,μL/L,低温过热,低温过热
alan456/dataset_(589).xlsx,122,161,271,35,0.0001,,,μL/L,μL/L,低温过热,低温过热
alan456/dataset_(589).xlsx,4,99,82,4.2,0.1,,,μL/L,μL/L,低温过热,低温过热
alan456/dataset_(589).xlsx,157,46,76,12,0.0001,,,μL/L,μL/L,低温过热,低温过热
alan456/dataset_(589).xlsx,38,38,296,14,0.0001,,,μL/L,μL/L,低温过热,低温过热
alan456/dataset_(589).xlsx,24.7,20.4,117,71,6.8,,,μL/L,μL/L,低温过热,低温过热
alan456/dataset_(589).xlsx,74.8,30.1,82.3,13.6,0.0001,,,μL/L,μL/L,低温过热,低温过热
alan456/dataset_(589).xlsx,33,29,9,12,0.0001,,,μL/L,μL/L,低温过热,低温过热
alan456/dataset_(589).xlsx,74,100,85,17,0.0001,,,μL/L,μL/L,低温过热,低温过热
alan456/dataset_(589).xlsx,5,14,234,5,0.0001,,,μL/L,μL/L,低温过热,低温过热
alan456/dataset_(589).xlsx,181,162,70,132,0.0001,,,μL/L,μL/L,低温过热,低温过热
alan456/dataset_(589).xlsx,36,94,78,13,2,,,μL/L,μL/L,低温过热,低温过热
alan456/dataset_(589).xlsx,505.57,475.35,242.3,524.45,3.29,,,μL/L,μL/L,低温过热,低温过热
alan456/dataset_(589).xlsx,25,49,42,58,0.0001,,,μL/L,μL/L,中温过热,中温过热
alan456/dataset_(589).xlsx,14,15,42,73,0.0001,,,μL/L,μL/L,中温过热,中温过热
alan456/dataset_(589).xlsx,180,175,75,50,4,,,μL/L,μL/L,中温过热,中温过热
alan456/dataset_(589).xlsx,59,119,36,70,0.0001,,,μL/L,μL/L,中温过热,中温过热
alan456/dataset_(589).xlsx,185,302,27,33,0.0001,,,μL/L,μL/L,中温过热,中温过热
alan456/dataset_(589).xlsx,1270,3450,520,1390,8,,,μL/L,μL/L,中温过热,中温过热
alan456/dataset_(589).xlsx,119,670,286,934,19,,,μL/L,μL/L,中温过热,中温过热
alan456/dataset_(589).xlsx,72,442,221,461,0.7,,,μL/L,μL/L,中温过热,中温过热
alan456/dataset_(589).xlsx,16,98,35,64,0.0001,,,μL/L,μL/L,中温过热,中温过热
alan456/dataset_(589).xlsx,41,65,22,58,0.0001,,,μL/L,μL/L,中温过热,中温过热
alan456/dataset_(589).xlsx,110.6,458.8,242.6,406.4,0.0001,,,μL/L,μL/L,中温过热,中温过热
alan456/dataset_(589).xlsx,200,700,250,740,1,,,μL/L,μL/L,中温过热,中温过热
alan456/dataset_(589).xlsx,15,159,29,87,0.0001,,,μL/L,μL/L,中温过热,中温过热
alan456/dataset_(589).xlsx,18,63,20,51,0.0001,,,μL/L,μL/L,中温过热,中温过热
alan456/dataset_(589).xlsx,54,143,23,101,0.0001,,,μL/L,μL/L,中温过热,中温过热
alan456/dataset_(589).xlsx,43,116,65,139,0.0001,,,μL/L,μL/L,中温过热,中温过热
alan456/dataset_(589).xlsx,73,177,37,52,0.0001,,,μL/L,μL/L,中温过热,中温过热
alan456/dataset_(589).xlsx,57,141,38,51,0.0001,,,μL/L,μL/L,中温过热,中温过热
alan456/dataset_(589).xlsx,15,139,160,343,0.0001,,,μL/L,μL/L,中温过热,中温过热
alan456/dataset_(589).xlsx,23.51,61.33,45.21,98.03,1.01,,,μL/L,μL/L,中温过热,中温过热
alan456/dataset_(589).xlsx,2,123,7,18,0.0001,,,μL/L,μL/L,中温过热,中温过热
alan456/dataset_(589).xlsx,24,80,258,741,6,,,μL/L,μL/L,中温过热,中温过热
alan456/dataset_(589).xlsx,613,3240,1432,2788,0.0001,,,μL/L,μL/L,中温过热,中温过热
alan456/dataset_(589).xlsx,109,226,68,192,0.0001,,,μL/L,μL/L,中温过热,中温过热
alan456/dataset_(589).xlsx,35,283,121,222,0.0001,,,μL/L,μL/L,中温过热,中温过热
alan456/dataset_(589).xlsx,2,5,81,172,0.0001,,,μL/L,μL/L,中温过热,中温过热
alan456/dataset_(589).xlsx,30.4,117,44.2,138,0.1,,,μL/L,μL/L,中温过热,中温过热
alan456/dataset_(589).xlsx,0.0001,6,52,67,0.0001,,,μL/L,μL/L,中温过热,中温过热
alan456/dataset_(589).xlsx,2004,9739,2750,5113,0.0001,,,μL/L,μL/L,中温过热,中温过热
alan456/dataset_(589).xlsx,31,63,246,714,7,,,μL/L,μL/L,中温过热,中温过热
alan456/dataset_(589).xlsx,26,398,85,319,0.0001,,,μL/L,μL/L,中温过热,中温过热
alan456/dataset_(589).xlsx,152,32,28,55,0.0001,,,μL/L,μL/L,中温过热,中温过热
alan456/dataset_(589).xlsx,300,490,180,360,95,,,μL/L,μL/L,中温过热,中温过热
alan456/dataset_(589).xlsx,960,4000,1290,1560,6,,,μL/L,μL/L,中温过热,中温过热
alan456/dataset_(589).xlsx,0.67,0.224,0.045,0.067,0.002,,,μL/L,μL/L,中温过热,中温过热
alan456/dataset_(589).xlsx,0.0001,4.9,81,172,0.0001,,,μL/L,μL/L,中温过热,中温过热
alan456/dataset_(589).xlsx,24,34.6,14.2,21.7,0.0001,,,μL/L,μL/L,中温过热,中温过热
alan456/dataset_(589).xlsx,220,340,42,480,14,,,μL/L,μL/L,高温过热,高温过热
alan456/dataset_(589).xlsx,290,966,299,1810,57,,,μL/L,μL/L,高温过热,高温过热
alan456/dataset_(589).xlsx,8800,64064,72128,95650,0.0001,,,μL/L,μL/L,高温过热,高温过热
alan456/dataset_(589).xlsx,39,525,538,2925,16,,,μL/L,μL/L,高温过热,高温过热
alan456/dataset_(589).xlsx,290,1260,231,820,8,,,μL/L,μL/L,高温过热,高温过热
alan456/dataset_(589).xlsx,0.0001,153,130,677,13,,,μL/L,μL/L,高温过热,高温过热
alan456/dataset_(589).xlsx,15.55,7.4,7.4,41.93,6.35,,,μL/L,μL/L,高温过热,高温过热
alan456/dataset_(589).xlsx,35.1,50.6,16.1,93,1.1,,,μL/L,μL/L,高温过热,高温过热
alan456/dataset_(589).xlsx,0.0001,28,64,408,6,,,μL/L,μL/L,高温过热,高温过热
alan456/dataset_(589).xlsx,156,240,54,399,0.98,,,μL/L,μL/L,高温过热,高温过热
alan456/dataset_(589).xlsx,89,281,145,1216,22,,,μL/L,μL/L,高温过热,高温过热
alan456/dataset_(589).xlsx,1100,1600,221,2010,26,,,μL/L,μL/L,高温过热,高温过热
alan456/dataset_(589).xlsx,0.0001,0.0001,9,57,0.0001,,,μL/L,μL/L,高温过热,高温过热
alan456/dataset_(589).xlsx,137,369,144,1242,16,,,μL/L,μL/L,高温过热,高温过热
alan456/dataset_(589).xlsx,425,17424,7299,37043,158,,,μL/L,μL/L,高温过热,高温过热
alan456/dataset_(589).xlsx,30,25.5,31.5,93,1.8,,,μL/L,μL/L,高温过热,高温过热
alan456/dataset_(589).xlsx,107,143,34,222,2,,,μL/L,μL/L,高温过热,高温过热
alan456/dataset_(589).xlsx,860,1670,30,2050,40,,,μL/L,μL/L,高温过热,高温过热
alan456/dataset_(589).xlsx,0.0001,106,170,871,6,,,μL/L,μL/L,高温过热,高温过热
alan456/dataset_(589).xlsx,8,1,0.0001,60,0.0001,,,μL/L,μL/L,高温过热,高温过热
alan456/dataset_(589).xlsx,53,150,64,379,0.0001,,,μL/L,μL/L,高温过热,高温过热
alan456/dataset_(589).xlsx,400,940,210,820,24,,,μL/L,μL/L,高温过热,高温过热
alan456/dataset_(589).xlsx,199,770,217,1508,72,,,μL/L,μL/L,高温过热,高温过热
alan456/dataset_(589).xlsx,244,754,172,1281,27,,,μL/L,μL/L,高温过热,高温过热
alan456/dataset_(589).xlsx,60,144,67,449,9,,,μL/L,μL/L,高温过热,高温过热
alan456/dataset_(589).xlsx,6709,10500,1400,17700,750,,,μL/L,μL/L,高温过热,高温过热
alan456/dataset_(589).xlsx,86,277,63,338,0.0001,,,μL/L,μL/L,高温过热,高温过热
alan456/dataset_(589).xlsx,7,31,23,148,0.0001,,,μL/L,μL/L,高温过热,高温过热
alan456/dataset_(589).xlsx,300,700,280,1700,36,,,μL/L,μL/L,高温过热,高温过热
alan456/dataset_(589).xlsx,20,26,6,55,0.0001,,,μL/L,μL/L,高温过热,高温过热
alan456/dataset_(589).xlsx,3910,4290,626,6040,1230,,,μL/L,μL/L,高温过热,高温过热
alan456/dataset_(589).xlsx,23,14151,5332,23264,0.0001,,,μL/L,μL/L,高温过热,高温过热
alan456/dataset_(589).xlsx,135.65,278.53,58.86,492,2.95,,,μL/L,μL/L,高温过热,高温过热
alan456/dataset_(589).xlsx,9,47,144,628,0.0001,,,μL/L,μL/L,高温过热,高温过热
alan456/dataset_(589).xlsx,8,88,45,252,0.0001,,,μL/L,μL/L,高温过热,高温过热
alan456/dataset_(589).xlsx,179,306,73,579,0.0001,,,μL/L,μL/L,高温过热,高温过热
alan456/dataset_(589).xlsx,80,619,326,2480,0.0001,,,μL/L,μL/L,高温过热,高温过热
alan456/dataset_(589).xlsx,416,695,74,867,0.0001,,,μL/L,μL/L,高温过热,高温过热
alan456/dataset_(589).xlsx,19.3,103,159,19,0.6,,,μL/L,μL/L,高温过热,高温过热
alan456/dataset_(589).xlsx,137,279,66,505,0.0001,,,μL/L,μL/L,高温过热,高温过热
alan456/dataset_(589).xlsx,12705,23498,6047,34257,5188,,,μL/L,μL/L,高温过热,高温过热
alan456/dataset_(589).xlsx,46,147,27,150,0.0001,,,μL/L,μL/L,高温过热,高温过热
alan456/dataset_(589).xlsx,21,42,4,92,0.0001,,,μL/L,μL/L,高温过热,高温过热
alan456/dataset_(589).xlsx,165.62,240.95,61.32,514.53,13.53,,,μL/L,μL/L,高温过热,高温过热
alan456/dataset_(589).xlsx,39,7,12,65,0.0001,,,μL/L,μL/L,高温过热,高温过热
alan456/dataset_(589).xlsx,86,480,155,644,9,,,μL/L,μL/L,高温过热,高温过热
alan456/dataset_(589).xlsx,68,99.2,35.9,202.9,0.0001,,,μL/L,μL/L,高温过热,高温过热
alan456/dataset_(589).xlsx,172.9,334,172,812.5,37.7,,,μL/L,μL/L,高温过热,高温过热
alan456/dataset_(589).xlsx,164,244,103,497,8.3,,,μL/L,μL/L,高温过热,高温过热
alan456/dataset_(589).xlsx,20,48,36,186,0.0001,,,μL/L,μL/L,高温过热,高温过热
alan456/dataset_(589).xlsx,0.0001,0.0001,0.0001,142,0.0001,,,μL/L,μL/L,高温过热,高温过热
alan456/dataset_(589).xlsx,63,149.6,57.5,276,0.0001,,,μL/L,μL/L,高温过热,高温过热
alan456/dataset_(589).xlsx,121,450,146,898,116,,,μL/L,μL/L,高温过热,高温过热
alan456/dataset_(589).xlsx,30,51,12,54,0.0001,,,μL/L,μL/L,高温过热,高温过热
alan456/dataset_(589).xlsx,22400,22400,2690,13440,1570,,,μL/L,μL/L,高温过热,高温过热
alan456/dataset_(589).xlsx,36,30,10,93,7.1,,,μL/L,μL/L,高温过热,高温过热
alan456/dataset_(589).xlsx,17,40,11,86,0.0001,,,μL/L,μL/L,高温过热,高温过热
alan456/dataset_(589).xlsx,0.0001,3.4,0.0001,54,0.0001,,,μL/L,μL/L,高温过热,高温过热
alan456/dataset_(589).xlsx,18,35,2,110,0.0001,,,μL/L,μL/L,高温过热,高温过热
alan456/dataset_(589).xlsx,35,29,7,78,0.0001,,,μL/L,μL/L,高温过热,高温过热
alan456/dataset_(589).xlsx,6,2990,29990,26076,67,,,μL/L,μL/L,高温过热,高温过热
alan456/dataset_(589).xlsx,236,410.2,159,817.3,3.5,,,μL/L,μL/L,高温过热,高温过热
alan456/dataset_(589).xlsx,0.0001,100,309,1365,7,,,μL/L,μL/L,高温过热,高温过热
alan456/dataset_(589).xlsx,173,334,172,812.5,37.7,,,μL/L,μL/L,高温过热,高温过热
alan456/dataset_(589).xlsx,110,7,0.0001,0.0001,0.0001,,,μL/L,μL/L,局部放电,局部放电
alan456/dataset_(589).xlsx,240,20,5,28,96,,,μL/L,μL/L,局部放电,局部放电
alan456/dataset_(589).xlsx,5000,4000,2000,2000,8000,,,μL/L,μL/L,局部放电,局部放电
alan456/dataset_(589).xlsx,94.96,4.37,0.62,0.02,0.02,,,μL/L,μL/L,局部放电,局部放电
alan456/dataset_(589).xlsx,41,112,0.0001,254,4536,,,μL/L,μL/L,局部放电,局部放电
alan456/dataset_(589).xlsx,100,18,0.0001,0.0001,0.0001,,,μL/L,μL/L,局部放电,局部放电
alan456/dataset_(589).xlsx,37800,1740,249,8,8,,,μL/L,μL/L,局部放电,局部放电
alan456/dataset_(589).xlsx,103.5,4.7,16.3,3.5,0.0001,,,μL/L,μL/L,局部放电,局部放电
alan456/dataset_(589).xlsx,200,230,2,170,480,,,μL/L,μL/L,局部放电,局部放电
alan456/dataset_(589).xlsx,40280,1069,1060,1,1,,,μL/L,μL/L,局部放电,局部放电
alan456/dataset_(589).xlsx,116,14,134,5.3,0.0001,,,μL/L,μL/L,局部放电,局部放电
alan456/dataset_(589).xlsx,88,9,0.0001,0.03,0.0001,,,μL/L,μL/L,局部放电,局部放电
alan456/dataset_(589).xlsx,105,23,13,4,3,,,μL/L,μL/L,局部放电,局部放电
alan456/dataset_(589).xlsx,625,49,9,7,0.6,,,μL/L,μL/L,局部放电,局部放电
alan456/dataset_(589).xlsx,134,13,267,0.0001,0.0001,,,μL/L,μL/L,局部放电,局部放电
alan456/dataset_(589).xlsx,181.5,22,76,3.7,0.0001,,,μL/L,μL/L,局部放电,局部放电
alan456/dataset_(589).xlsx,121,3,1,0.0001,0.0001,,,μL/L,μL/L,局部放电,局部放电
alan456/dataset_(589).xlsx,16000,3600,670,14,0.0001,,,μL/L,μL/L,局部放电,局部放电
alan456/dataset_(589).xlsx,890,110,3,84,700,,,μL/L,μL/L,局部放电,局部放电
alan456/dataset_(589).xlsx,2091,149,20,3,0.0001,,,μL/L,μL/L,局部放电,局部放电
alan456/dataset_(589).xlsx,26788,18342,2111,27,0.0001,,,μL/L,μL/L,局部放电,局部放电
alan456/dataset_(589).xlsx,1950,123,38,2,2,,,μL/L,μL/L,局部放电,局部放电
alan456/dataset_(589).xlsx,650,53,35,20,0.0001,,,μL/L,μL/L,局部放电,局部放电
alan456/dataset_(589).xlsx,92.8,6.75,0.44,0.0001,0.0001,,,μL/L,μL/L,局部放电,局部放电
alan456/dataset_(589).xlsx,187,5,1,0.0001,0.0001,,,μL/L,μL/L,局部放电,局部放电
alan456/dataset_(589).xlsx,111.7,19.4,104.1,6.4,3.8,,,μL/L,μL/L,局部放电,局部放电
alan456/dataset_(589).xlsx,85.87,7.01,4.49,2.64,0.0001,,,μL/L,μL/L,局部放电,局部放电
alan456/dataset_(589).xlsx,195,5.3,0.0001,0.0001,0.0001,,,μL/L,μL/L,局部放电,局部放电
alan456/dataset_(589).xlsx,60,5,1,6,29,,,μL/L,μL/L,局部放电,局部放电
alan456/dataset_(589).xlsx,2240,360,25,169,828,,,μL/L,μL/L,局部放电,局部放电
alan456/dataset_(589).xlsx,720,7,0.0001,15,101,,,μL/L,μL/L,低能放电,低能放电
alan456/dataset_(589).xlsx,109,19,5,12,59,,,μL/L,μL/L,低能放电,低能放电
alan456/dataset_(589).xlsx,8,0.0001,0.0001,43,101,,,μL/L,μL/L,低能放电,低能放电
alan456/dataset_(589).xlsx,169,38,48.5,6.5,5.8,,,μL/L,μL/L,低能放电,低能放电
alan456/dataset_(589).xlsx,14.1,4,1.3,1.5,9.5,,,μL/L,μL/L,低能放电,低能放电
alan456/dataset_(589).xlsx,124,14,4,0.0001,13,,,μL/L,μL/L,低能放电,低能放电
alan456/dataset_(589).xlsx,174,27,6,12,29,,,μL/L,μL/L,低能放电,低能放电
alan456/dataset_(589).xlsx,179,39.3,64,654,168,,,μL/L,μL/L,低能放电,低能放电
alan456/dataset_(589).xlsx,160,10,3,1,1,,,μL/L,μL/L,低能放电,低能放电
alan456/dataset_(589).xlsx,4,1,2,7,52,,,μL/L,μL/L,低能放电,低能放电
alan456/dataset_(589).xlsx,1330,10,20,66,182,,,μL/L,μL/L,低能放电,低能放电
alan456/dataset_(589).xlsx,137,33,8,29,111,,,μL/L,μL/L,低能放电,低能放电
alan456/dataset_(589).xlsx,595,32,4,18,65,,,μL/L,μL/L,低能放电,低能放电
alan456/dataset_(589).xlsx,56,334.1,75,32,31,,,μL/L,μL/L,低能放电,低能放电
alan456/dataset_(589).xlsx,716,7.1,33,20,6.8,,,μL/L,μL/L,低能放电,低能放电
alan456/dataset_(589).xlsx,4230,690,5,196,1180,,,μL/L,μL/L,低能放电,低能放电
alan456/dataset_(589).xlsx,142,17,4,7,38,,,μL/L,μL/L,低能放电,低能放电
alan456/dataset_(589).xlsx,163,26,7,19,133,,,μL/L,μL/L,低能放电,低能放电
alan456/dataset_(589).xlsx,549,121.3,25.5,31.9,198.5,,,μL/L,μL/L,低能放电,低能放电
alan456/dataset_(589).xlsx,476,28,27,36,148,,,μL/L,μL/L,低能放电,低能放电
alan456/dataset_(589).xlsx,345,112.3,27.5,51.5,58.8,,,μL/L,μL/L,低能放电,低能放电
alan456/dataset_(589).xlsx,234.5,30.28,6.11,47.69,175.88,,,μL/L,μL/L,低能放电,低能放电
alan456/dataset_(589).xlsx,153,18,9,0.0001,11,,,μL/L,μL/L,低能放电,低能放电
alan456/dataset_(589).xlsx,1230,163,27,233,692,,,μL/L,μL/L,低能放电,低能放电
alan456/dataset_(589).xlsx,111,2.8,47,0.0001,27.5,,,μL/L,μL/L,低能放电,低能放电
alan456/dataset_(589).xlsx,500,97,193,40,121,,,μL/L,μL/L,低能放电,低能放电
alan456/dataset_(589).xlsx,1000,500,1,400,500,,,μL/L,μL/L,低能放电,低能放电
alan456/dataset_(589).xlsx,595,80,9,89,244,,,μL/L,μL/L,低能放电,低能放电
alan456/dataset_(589).xlsx,102,6,6,7,10,,,μL/L,μL/L,低能放电,低能放电
alan456/dataset_(589).xlsx,315,60,14,93,218,,,μL/L,μL/L,低能放电,低能放电
alan456/dataset_(589).xlsx,67.8,8.89,1.88,12.67,36.2,,,μL/L,μL/L,低能放电,低能放电
alan456/dataset_(589).xlsx,95,10,0.0001,11,39,,,μL/L,μL/L,低能放电,低能放电
alan456/dataset_(589).xlsx,4127,267,18,355,2060,,,μL/L,μL/L,低能放电,低能放电
alan456/dataset_(589).xlsx,1570,735,87,1330,1740,,,μL/L,μL/L,高能放电,高能放电
alan456/dataset_(589).xlsx,800,1393,304,2817,3000,,,μL/L,μL/L,高能放电,高能放电
alan456/dataset_(589).xlsx,29.1,11.4,1.41,20.34,37.6,,,μL/L,μL/L,高能放电,高能放电
alan456/dataset_(589).xlsx,245,120,18,131,167,,,μL/L,μL/L,高能放电,高能放电
alan456/dataset_(589).xlsx,61,21,2,26,89,,,μL/L,μL/L,高能放电,高能放电
alan456/dataset_(589).xlsx,99,170,20,200,190,,,μL/L,μL/L,高能放电,高能放电
alan456/dataset_(589).xlsx,243,127,20,122,588,,,μL/L,μL/L,高能放电,高能放电
alan456/dataset_(589).xlsx,2850,1115,138,1987,3675,,,μL/L,μL/L,高能放电,高能放电
alan456/dataset_(589).xlsx,512,87,11.5,163.59,185.21,,,μL/L,μL/L,高能放电,高能放电
alan456/dataset_(589).xlsx,235.46,333.59,177.52,1201.85,148.87,,,μL/L,μL/L,高能放电,高能放电
alan456/dataset_(589).xlsx,120,31,0.0001,66,94,,,μL/L,μL/L,高能放电,高能放电
alan456/dataset_(589).xlsx,615,200,42,102,68,,,μL/L,μL/L,高能放电,高能放电
alan456/dataset_(589).xlsx,24,13,5,43,319,,,μL/L,μL/L,高能放电,高能放电
alan456/dataset_(589).xlsx,56,10,1.3,13.5,17.6,,,μL/L,μL/L,高能放电,高能放电
alan456/dataset_(589).xlsx,85,49,4,50,399,,,μL/L,μL/L,高能放电,高能放电
alan456/dataset_(589).xlsx,5900,1500,68,1200,800,,,μL/L,μL/L,高能放电,高能放电
alan456/dataset_(589).xlsx,34,21,4,49,56,,,μL/L,μL/L,高能放电,高能放电
alan456/dataset_(589).xlsx,475.3,195.8,32.6,187.3,221.2,,,μL/L,μL/L,高能放电,高能放电
alan456/dataset_(589).xlsx,191,62,27,123,71,,,μL/L,μL/L,高能放电,高能放电
alan456/dataset_(589).xlsx,8200,3790,250,4620,5830,,,μL/L,μL/L,高能放电,高能放电
alan456/dataset_(589).xlsx,0.0001,0.0001,10,5,35,,,μL/L,μL/L,高能放电,高能放电
alan456/dataset_(589).xlsx,530,345,85,266,21,,,μL/L,μL/L,高能放电,高能放电
alan456/dataset_(589).xlsx,4,88,213,14,35,,,μL/L,μL/L,高能放电,高能放电
alan456/dataset_(589).xlsx,59,20,120,5.5,8.9,,,μL/L,μL/L,高能放电,高能放电
alan456/dataset_(589).xlsx,810,580,111,570,490,,,μL/L,μL/L,高能放电,高能放电
alan456/dataset_(589).xlsx,65.4,20.2,70,39,40.2,,,μL/L,μL/L,高能放电,高能放电
alan456/dataset_(589).xlsx,60,40,6.9,110,70,,,μL/L,μL/L,高能放电,高能放电
alan456/dataset_(589).xlsx,84,6,1,14,86,,,μL/L,μL/L,高能放电,高能放电
alan456/dataset_(589).xlsx,145.88,40.65,9.37,34.02,59.71,,,μL/L,μL/L,高能放电,高能放电
alan456/dataset_(589).xlsx,5000,1200,83,1000,1100,,,μL/L,μL/L,高能放电,高能放电
alan456/dataset_(589).xlsx,20000,13000,1850,29000,57000,,,μL/L,μL/L,高能放电,高能放电
alan456/dataset_(589).xlsx,10000,6730,345,7330,10400,,,μL/L,μL/L,高能放电,高能放电
alan456/dataset_(589).xlsx,420,250,41,530,800,,,μL/L,μL/L,高能放电,高能放电
alan456/dataset_(589).xlsx,70,4,91,0.0001,34,,,μL/L,μL/L,高能放电,高能放电
alan456/dataset_(589).xlsx,47,9,4,16,81,,,μL/L,μL/L,高能放电,高能放电
alan456/dataset_(589).xlsx,120,31,0.0001,66,94,,,μL/L,μL/L,高能放电,高能放电
alan456/dataset_(589).xlsx,5100,1430,0.0001,1140,1010,,,μL/L,μL/L,高能放电,高能放电
alan456/dataset_(589).xlsx,535,160,16,305,680,,,μL/L,μL/L,高能放电,高能放电
alan456/dataset_(589).xlsx,41,16,19,58,106,,,μL/L,μL/L,高能放电,高能放电
alan456/dataset_(589).xlsx,65,26.1,10.1,41.6,57.8,,,μL/L,μL/L,高能放电,高能放电
alan456/dataset_(589).xlsx,545,130,16,153,239,,,μL/L,μL/L,高能放电,高能放电
alan456/dataset_(589).xlsx,34,0.0001,0.0001,0.0001,44,,,μL/L,μL/L,高能放电,高能放电
alan456/dataset_(589).xlsx,57,15,3.1,23,25.3,,,μL/L,μL/L,高能放电,高能放电
alan456/dataset_(589).xlsx,161,38,210,13,0.0001,,,μL/L,μL/L,低温过热,低温过热
alan456/dataset_(589).xlsx,9,38,93,8,0.0001,,,μL/L,μL/L,低温过热,低温过热
alan456/dataset_(589).xlsx,55,22,0.5,2.6,0.0001,,,μL/L,μL/L,低温过热,低温过热
alan456/dataset_(589).xlsx,15,7,92,5,0.0001,,,μL/L,μL/L,低温过热,低温过热
alan456/dataset_(589).xlsx,14,14,124,7,1,,,μL/L,μL/L,低温过热,低温过热
alan456/dataset_(589).xlsx,625,130,47,2,0.0001,,,μL/L,μL/L,低温过热,低温过热
alan456/dataset_(589).xlsx,29,71,158,20,0.0001,,,μL/L,μL/L,低温过热,低温过热
alan456/dataset_(589).xlsx,17,21,118,0.0001,4,,,μL/L,μL/L,低温过热,低温过热
alan456/dataset_(589).xlsx,115,129,316,36,0.0001,,,μL/L,μL/L,低温过热,低温过热
alan456/dataset_(589).xlsx,13.2,18.7,97.4,79.5,4.7,,,μL/L,μL/L,低温过热,低温过热
alan456/dataset_(589).xlsx,10,44,106,28,0.0001,,,μL/L,μL/L,低温过热,低温过热
alan456/dataset_(589).xlsx,27,30,23,2.4,0.1,,,μL/L,μL/L,低温过热,低温过热
alan456/dataset_(589).xlsx,20,132,61,17,0.0001,,,μL/L,μL/L,低温过热,低温过热
alan456/dataset_(589).xlsx,42,124,1,8,0.0001,,,μL/L,μL/L,低温过热,低温过热
alan456/dataset_(589).xlsx,24,109,69,0.0001,0.0001,,,μL/L,μL/L,低温过热,低温过热
alan456/dataset_(589).xlsx,16,68,124,15,0.0001,,,μL/L,μL/L,低温过热,低温过热
alan456/dataset_(589).xlsx,16.4,45.5,68.7,3.8,0.0001,,,μL/L,μL/L,低温过热,低温过热
alan456/dataset_(589).xlsx,37,47,10,5.5,0.0001,,,μL/L,μL/L,低温过热,低温过热
alan456/dataset_(589).xlsx,86,8,2.5,2.5,0.0001,,,μL/L,μL/L,低温过热,低温过热
alan456/dataset_(589).xlsx,29.9,24.1,34.3,92.5,0.6,,,μL/L,μL/L,低温过热,低温过热
alan456/dataset_(589).xlsx,16,80,134,10,0.0001,,,μL/L,μL/L,低温过热,低温过热
alan456/dataset_(589).xlsx,66,60,2,7,0.0001,,,μL/L,μL/L,低温过热,低温过热
alan456/dataset_(589).xlsx,0.0001,43,146,9,0.0001,,,μL/L,μL/L,低温过热,低温过热
alan456/dataset_(589).xlsx,87.2,73.18,27.14,56.88,0.0001,,,μL/L,μL/L,低温过热,低温过热
alan456/dataset_(589).xlsx,128,35,213,17,0.0001,,,μL/L,μL/L,低温过热,低温过热
alan456/dataset_(589).xlsx,14,62,16,3,0.0001,,,μL/L,μL/L,低温过热,低温过热
alan456/dataset_(589).xlsx,37,123,67,52,0.0001,,,μL/L,μL/L,低温过热,低温过热
alan456/dataset_(589).xlsx,130,140,2,120,0.0001,,,μL/L,μL/L,低温过热,低温过热
alan456/dataset_(589).xlsx,43,28,72,9,0.0001,,,μL/L,μL/L,低温过热,低温过热
alan456/dataset_(589).xlsx,16,105,224,15,0.0001,,,μL/L,μL/L,低温过热,低温过热
alan456/dataset_(589).xlsx,19,62,95,5,0.0001,,,μL/L,μL/L,低温过热,低温过热
alan456/dataset_(589).xlsx,79,40,264,10,0.0001,,,μL/L,μL/L,低温过热,低温过热
alan456/dataset_(589).xlsx,69,174,267,15,0.0001,,,μL/L,μL/L,低温过热,低温过热
alan456/dataset_(589).xlsx,137,97,12,29,1.5,,,μL/L,μL/L,低温过热,低温过热
alan456/dataset_(589).xlsx,111,67,105,9,0.0001,,,μL/L,μL/L,低温过热,低温过热
alan456/dataset_(589).xlsx,0.0001,116,70,0.0001,0.0001,,,μL/L,μL/L,低温过热,低温过热
alan456/dataset_(589).xlsx,25,29,137,8,0.0001,,,μL/L,μL/L,低温过热,低温过热
alan456/dataset_(589).xlsx,20.37,59.79,45.24,80.49,0.0001,,,μL/L,μL/L,中温过热,中温过热
alan456/dataset_(589).xlsx,19,47,27,62,0.0001,,,μL/L,μL/L,中温过热,中温过热
alan456/dataset_(589).xlsx,88.7,460.8,94.9,184.6,18.3,,,μL/L,μL/L,中温过热,中温过热
alan456/dataset_(589).xlsx,24,78,266,779,7,,,μL/L,μL/L,中温过热,中温过热
alan456/dataset_(589).xlsx,0.7,1.5,0.3,1.8,0.0001,,,μL/L,μL/L,中温过热,中温过热
alan456/dataset_(589).xlsx,360,610,259,260,9,,,μL/L,μL/L,中温过热,中温过热
alan456/dataset_(589).xlsx,31,56,33,77,0.0001,,,μL/L,μL/L,中温过热,中温过热
alan456/dataset_(589).xlsx,24700,61000,26300,42100,1560,,,μL/L,μL/L,中温过热,中温过热
alan456/dataset_(589).xlsx,62,425,276,651,26,,,μL/L,μL/L,中温过热,中温过热
alan456/dataset_(589).xlsx,295,1466,331,1295,32,,,μL/L,μL/L,中温过热,中温过热
alan456/dataset_(589).xlsx,109,102,28,91,0.0001,,,μL/L,μL/L,中温过热,中温过热
alan456/dataset_(589).xlsx,47,120,90,198,3,,,μL/L,μL/L,中温过热,中温过热
alan456/dataset_(589).xlsx,144,1672,394,669,0.0001,,,μL/L,μL/L,中温过热,中温过热
alan456/dataset_(589).xlsx,3,5,90,185,3,,,μL/L,μL/L,中温过热,中温过热
alan456/dataset_(589).xlsx,20,41.9,20.2,44.2,0.38,,,μL/L,μL/L,中温过热,中温过热
alan456/dataset_(589).xlsx,50,274,95,320,6.3,,,μL/L,μL/L,中温过热,中温过热
alan456/dataset_(589).xlsx,151,242,68,232,0.0001,,,μL/L,μL/L,中温过热,中温过热
alan456/dataset_(589).xlsx,46.9,161.6,94.1,193.6,0.56,,,μL/L,μL/L,中温过热,中温过热
alan456/dataset_(589).xlsx,37,96,19,57,0.0001,,,μL/L,μL/L,中温过热,中温过热
alan456/dataset_(589).xlsx,670,224,45,67,2,,,μL/L,μL/L,中温过热,中温过热
alan456/dataset_(589).xlsx,27,90,42,63,0.2,,,μL/L,μL/L,中温过热,中温过热
alan456/dataset_(589).xlsx,128,419,269.5,614.1,0.35,,,μL/L,μL/L,中温过热,中温过热
alan456/dataset_(589).xlsx,160,130,33,96,0.1,,,μL/L,μL/L,中温过热,中温过热
alan456/dataset_(589).xlsx,172,335,171,812,37.8,,,μL/L,μL/L,高温过热,高温过热
alan456/dataset_(589).xlsx,1,8,8,100,6,,,μL/L,μL/L,高温过热,高温过热
alan456/dataset_(589).xlsx,507,1053,297,1440,17,,,μL/L,μL/L,高温过热,高温过热
alan456/dataset_(589).xlsx,24,20,4,87,0.0001,,,μL/L,μL/L,高温过热,高温过热
alan456/dataset_(589).xlsx,65,34,16,112,0.0001,,,μL/L,μL/L,高温过热,高温过热
alan456/dataset_(589).xlsx,4,2,1,63,0.0001,,,μL/L,μL/L,高温过热,高温过热
alan456/dataset_(589).xlsx,114,241,80,574,0.0001,,,μL/L,μL/L,高温过热,高温过热
alan456/dataset_(589).xlsx,117,167,48,481,7,,,μL/L,μL/L,高温过热,高温过热
alan456/dataset_(589).xlsx,11,13,2,127,0.0001,,,μL/L,μL/L,高温过热,高温过热
alan456/dataset_(589).xlsx,55,159,114,493,0.0001,,,μL/L,μL/L,高温过热,高温过热
alan456/dataset_(589).xlsx,1550,2740,816,5450,184,,,μL/L,μL/L,高温过热,高温过热
alan456/dataset_(589).xlsx,78,161,86,353,10,,,μL/L,μL/L,高温过热,高温过热
alan456/dataset_(589).xlsx,33,79,30,215,5,,,μL/L,μL/L,高温过热,高温过热
alan456/dataset_(589).xlsx,170,320,53,520,3.2,,,μL/L,μL/L,高温过热,高温过热
alan456/dataset_(589).xlsx,10,4,1,87,0.0001,,,μL/L,μL/L,高温过热,高温过热
alan456/dataset_(589).xlsx,2500,10500,4790,13500,6,,,μL/L,μL/L,高温过热,高温过热
alan456/dataset_(589).xlsx,56,286,96,928,7,,,μL/L,μL/L,高温过热,高温过热
alan456/dataset_(589).xlsx,53,189,25,295,5,,,μL/L,μL/L,高温过热,高温过热
alan456/dataset_(589).xlsx,0.0001,10,17,68,5,,,μL/L,μL/L,高温过热,高温过热
alan456/dataset_(589).xlsx,150,22,9,60,11,,,μL/L,μL/L,高温过热,高温过热
alan456/dataset_(589).xlsx,99,288,73,386,0.0001,,,μL/L,μL/L,高温过热,高温过热
alan456/dataset_(589).xlsx,27,51,0.0001,153,0.0001,,,μL/L,μL/L,高温过热,高温过热
alan456/dataset_(589).xlsx,480,1075,298,1132,0.0001,,,μL/L,μL/L,高温过热,高温过热
alan456/dataset_(589).xlsx,376,575,146,1092,0.0001,,,μL/L,μL/L,高温过热,高温过热
alan456/dataset_(589).xlsx,100,200,110,670,11,,,μL/L,μL/L,高温过热,高温过热
alan456/dataset_(589).xlsx,231,3997,1726,5584,0.0001,,,μL/L,μL/L,高温过热,高温过热
alan456/dataset_(589).xlsx,12,270,0.0001,275,0.0001,,,μL/L,μL/L,高温过热,高温过热
alan456/dataset_(589).xlsx,8.47,28.22,8.73,52.89,1.66,,,μL/L,μL/L,高温过热,高温过热
alan456/dataset_(589).xlsx,1860,4980,0.0001,10700,1600,,,μL/L,μL/L,高温过热,高温过热
alan456/dataset_(589).xlsx,28,62,16,76,0.0001,,,μL/L,μL/L,高温过热,高温过热
alan456/dataset_(589).xlsx,22.4,22.4,2.69,13.44,1.57,,,μL/L,μL/L,高温过热,高温过热
alan456/dataset_(589).xlsx,191,1359,166,1494,2,,,μL/L,μL/L,高温过热,高温过热
alan456/dataset_(589).xlsx,50,100,51,305,9,,,μL/L,μL/L,高温过热,高温过热
alan456/dataset_(589).xlsx,3420,7870,1500,6990,33,,,μL/L,μL/L,高温过热,高温过热
alan456/dataset_(589).xlsx,65,61,16,143,3,,,μL/L,μL/L,高温过热,高温过热
alan456/dataset_(589).xlsx,16,87,75,395,30,,,μL/L,μL/L,高温过热,高温过热
alan456/dataset_(589).xlsx,1374,2648,628,5376,298,,,μL/L,μL/L,高温过热,高温过热
alan456/dataset_(589).xlsx,135.88,362.42,125.22,826.65,3.74,,,μL/L,μL/L,高温过热,高温过热
alan456/dataset_(589).xlsx,34,174,52,361,0.0001,,,μL/L,μL/L,高温过热,高温过热
alan456/dataset_(589).xlsx,3675,6392,2500,7691,5,,,μL/L,μL/L,高温过热,高温过热
sguys99/Duval_Classification_1.xlsx,32930.0,2397.0,157.0,0,0,313.0,560.0,μL/L,log10(μL/L),1,
sguys99/Duval_Classification_1.xlsx,37800.0,1740.0,249.0,8.0,8.0,56.0,197.0,μL/L,log10(μL/L),1,
sguys99/Duval_Classification_1.xlsx,92600.0,10200.0,0,0,0,6400.0,103151.0,μL/L,log10(μL/L),1,
sguys99/Duval_Classification_1.xlsx,8266.0,1061.0,22.0,0,0,107.0,498.0,μL/L,log10(μL/L),1,
sguys99/Duval_Classification_1.xlsx,9340.0,995.0,60.0,6.0,7.0,60.0,620.0,μL/L,log10(μL/L),1,
sguys99/Duval_Classification_1.xlsx,36036.0,4704.0,554.0,5.0,10.0,6.0,347.0,μL/L,log10(μL/L),1,
sguys99/Duval_Classification_1.xlsx,33046.0,619.0,58.0,2.0,0,51.0,0,μL/L,log10(μL/L),1,
sguys99/Duval_Classification_1.xlsx,40280.0,1069.0,1060.0,0,0,0,0,μL/L,log10(μL/L),1,
sguys99/Duval_Classification_1.xlsx,26788.0,18342.0,2111.0,27.0,0,704.0,0,μL/L,log10(μL/L),1,
sguys99/Duval_Classification_1.xlsx,78.0,20.0,11.0,13.0,28.0,0,784.0,μL/L,log10(μL/L),1,
sguys99/Duval_Classification_1.xlsx,305.0,100.0,33.0,161.0,541.0,440.0,3700.0,μL/L,log10(μL/L),1,
sguys99/Duval_Classification_1.xlsx,35.0,6.0,3.0,26.0,482.0,200.0,2240.0,μL/L,log10(μL/L),1,
sguys99/Duval_Classification_1.xlsx,543.0,120.0,41.0,411.0,1880.0,76.0,2800.0,μL/L,log10(μL/L),1,
sguys99/Duval_Classification_1.xlsx,1230.0,163.0,27.0,233.0,692.0,130.0,115.0,μL/L,log10(μL/L),1,
sguys99/Duval_Classification_1.xlsx,645.0,86.0,13.0,110.0,317.0,74.0,114.0,μL/L,log10(μL/L),1,
sguys99/Duval_Classification_1.xlsx,60.0,10.0,4.0,4.0,4.0,780.0,7600.0,μL/L,log10(μL/L),1,
sguys99/Duval_Classification_1.xlsx,95.0,10.0,0,11.0,39.0,122.0,467.0,μL/L,log10(μL/L),1,
sguys99/Duval_Classification_1.xlsx,6870.0,1028.0,79.0,900.0,5500.0,29.0,388.0,μL/L,log10(μL/L),1,
sguys99/Duval_Classification_1.xlsx,10092.0,5399.0,530.0,6500.0,37565.0,42.0,413.0,μL/L,log10(μL/L),1,
sguys99/Duval_Classification_1.xlsx,650.0,81.0,170.0,51.0,270.0,380.0,2000.0,μL/L,log10(μL/L),1,
sguys99/Duval_Classification_1.xlsx,210.0,22.0,6.0,6.0,7.0,19.0,74.0,μL/L,log10(μL/L),1,
sguys99/Duval_Classification_1.xlsx,385.0,60.0,8.0,53.0,159.0,465.0,1250.0,μL/L,log10(μL/L),1,
sguys99/Duval_Classification_1.xlsx,4230.0,690.0,5.0,196.0,1180.0,438.0,791.0,μL/L,log10(μL/L),1,
sguys99/Duval_Classification_1.xlsx,7600.0,1230.0,318.0,836.0,1560.0,4970.0,4080.0,μL/L,log10(μL/L),1,
sguys99/Duval_Classification_1.xlsx,595.0,80.0,9.0,89.0,244.0,524.0,2100.0,μL/L,log10(μL/L),1,
sguys99/Duval_Classification_1.xlsx,120.0,25.0,0,8.0,40.0,500.0,1600.0,μL/L,log10(μL/L),1,
sguys99/Duval_Classification_1.xlsx,8.0,0,0,43.0,101.0,192.0,4067.0,μL/L,log10(μL/L),1,
sguys99/Duval_Classification_1.xlsx,6454.0,2313.0,121.0,2159.0,6432.0,3628.0,225.0,μL/L,log10(μL/L),1,
sguys99/Duval_Classification_1.xlsx,2177.0,1049.0,207.0,440.0,705.0,4571.0,3923.0,μL/L,log10(μL/L),1,
sguys99/Duval_Classification_1.xlsx,1790.0,580.0,321.0,336.0,619.0,956.0,4250.0,μL/L,log10(μL/L),1,
sguys99/Duval_Classification_1.xlsx,1330.0,10.0,20.0,66.0,182.0,231.0,1820.0,μL/L,log10(μL/L),1,
sguys99/Duval_Classification_1.xlsx,4.0,0,2.0,7.0,52.0,93.0,519.0,μL/L,log10(μL/L),1,
sguys99/Duval_Classification_1.xlsx,1900.0,285.0,31.0,957.0,7730.0,681.0,732.0,μL/L,log10(μL/L),1,
sguys99/Duval_Classification_1.xlsx,57.0,24.0,2.0,27.0,30.0,540.0,2518.0,μL/L,log10(μL/L),1,
sguys99/Duval_Classification_1.xlsx,1000.0,500.0,0,400.0,500.0,200.0,1000.0,μL/L,log10(μL/L),1,
sguys99/Duval_Classification_1.xlsx,440.0,89.0,19.0,304.0,757.0,299.0,1190.0,μL/L,log10(μL/L),1,
sguys99/Duval_Classification_1.xlsx,210.0,43.0,12.0,102.0,187.0,167.0,1070.0,μL/L,log10(μL/L),1,
sguys99/Duval_Classification_1.xlsx,2850.0,1115.0,138.0,1987.0,3675.0,2330.0,4330.0,μL/L,log10(μL/L),1,
sguys99/Duval_Classification_1.xlsx,7020.0,1850.0,0,2960.0,4410.0,2140.0,1000.0,μL/L,log10(μL/L),1,
sguys99/Duval_Classification_1.xlsx,545.0,130.0,16.0,153.0,239.0,660.0,2850.0,μL/L,log10(μL/L),1,
sguys99/Duval_Classification_1.xlsx,7150.0,1440.0,97.0,1210.0,1760.0,608.0,2260.0,μL/L,log10(μL/L),1,
sguys99/Duval_Classification_1.xlsx,620.0,325.0,38.0,181.0,244.0,1480.0,2530.0,μL/L,log10(μL/L),1,
sguys99/Duval_Classification_1.xlsx,120.0,31.0,0,66.0,94.0,48.0,271.0,μL/L,log10(μL/L),1,
sguys99/Duval_Classification_1.xlsx,755.0,229.0,32.0,404.0,460.0,845.0,5580.0,μL/L,log10(μL/L),1,
sguys99/Duval_Classification_1.xlsx,5100.0,1430.0,0,1140.0,1010.0,117.0,197.0,μL/L,log10(μL/L),1,
sguys99/Duval_Classification_1.xlsx,13500.0,6110.0,212.0,4510.0,4040.0,8690.0,1460.0,μL/L,log10(μL/L),1,
sguys99/Duval_Classification_1.xlsx,1570.0,1110.0,175.0,1780.0,1830.0,135.0,602.0,μL/L,log10(μL/L),1,
sguys99/Duval_Classification_1.xlsx,3090.0,5020.0,323.0,3800.0,2540.0,270.0,400.0,μL/L,log10(μL/L),1,
sguys99/Duval_Classification_1.xlsx,1820.0,405.0,35.0,365.0,634.0,1010.0,8610.0,μL/L,log10(μL/L),1,
sguys99/Duval_Classification_1.xlsx,535.0,160.0,16.0,305.0,680.0,172.0,338.0,μL/L,log10(μL/L),1,
sguys99/Duval_Classification_1.xlsx,13.0,3.0,0,3.0,6.0,4.0,51.0,μL/L,log10(μL/L),1,
sguys99/Duval_Classification_1.xlsx,137.0,67.0,7.0,53.0,104.0,196.0,1678.0,μL/L,log10(μL/L),1,
sguys99/Duval_Classification_1.xlsx,1084.0,188.0,8.0,166.0,769.0,38.0,199.0,μL/L,log10(μL/L),1,
sguys99/Duval_Classification_1.xlsx,34.0,21.0,4.0,49.0,56.0,95.0,315.0,μL/L,log10(μL/L),1,
sguys99/Duval_Classification_1.xlsx,7940.0,2000.0,355.0,3120.0,5390.0,1130.0,285.0,μL/L,log10(μL/L),1,
sguys99/Duval_Classification_1.xlsx,150.0,130.0,9.0,55.0,30.0,120.0,200.0,μL/L,log10(μL/L),1,
sguys99/Duval_Classification_1.xlsx,8200.0,3790.0,250.0,4620.0,5830.0,31.0,85.0,μL/L,log10(μL/L),1,
sguys99/Duval_Classification_1.xlsx,260.0,215.0,35.0,334.0,277.0,130.0,416.0,μL/L,log10(μL/L),1,
sguys99/Duval_Classification_1.xlsx,75.0,15.0,7.0,14.0,26.0,105.0,322.0,μL/L,log10(μL/L),1,
sguys99/Duval_Classification_1.xlsx,530.0,345.0,85.0,266.0,250.0,3900.0,20000.0,μL/L,log10(μL/L),1,
sguys99/Duval_Classification_1.xlsx,60.0,5.0,2.0,21.0,21.0,188.0,2510.0,μL/L,log10(μL/L),1,
sguys99/Duval_Classification_1.xlsx,90.0,28.0,8.0,31.0,32.0,1380.0,11700.0,μL/L,log10(μL/L),1,
sguys99/Duval_Classification_1.xlsx,220.0,77.0,22.0,170.0,240.0,1800.0,13800.0,μL/L,log10(μL/L),1,
sguys99/Duval_Classification_1.xlsx,5900.0,1500.0,68.0,1200.0,2300.0,750.0,335.0,μL/L,log10(μL/L),1,
sguys99/Duval_Classification_1.xlsx,420.0,250.0,41.0,530.0,800.0,300.0,751.0,μL/L,log10(μL/L),1,
sguys99/Duval_Classification_1.xlsx,2800.0,2800.0,234.0,3500.0,3600.0,92.0,718.0,μL/L,log10(μL/L),1,
sguys99/Duval_Classification_1.xlsx,99.0,170.0,20.0,200.0,190.0,140.0,1160.0,μL/L,log10(μL/L),1,
sguys99/Duval_Classification_1.xlsx,310.0,230.0,54.0,610.0,760.0,150.0,631.0,μL/L,log10(μL/L),1,
sguys99/Duval_Classification_1.xlsx,800.0,160.0,23.0,260.0,600.0,490.0,690.0,μL/L,log10(μL/L),1,
sguys99/Duval_Classification_1.xlsx,1500.0,395.0,28.0,395.0,323.0,365.0,576.0,μL/L,log10(μL/L),1,
sguys99/Duval_Classification_1.xlsx,20000.0,13000.0,1850.0,29000.0,57000.0,2600.0,2430.0,μL/L,log10(μL/L),1,
sguys99/Duval_Classification_1.xlsx,305.0,85.0,25.0,197.0,130.0,813.0,8380.0,μL/L,log10(μL/L),1,
sguys99/Duval_Classification_1.xlsx,1900.0,530.0,35.0,383.0,434.0,1890.0,7570.0,μL/L,log10(μL/L),1,
sguys99/Duval_Classification_1.xlsx,110.0,62.0,90.0,140.0,250.0,680.0,6470.0,μL/L,log10(μL/L),1,
sguys99/Duval_Classification_1.xlsx,3700.0,1690.0,128.0,2810.0,3270.0,22.0,86.0,μL/L,log10(μL/L),1,
sguys99/Duval_Classification_1.xlsx,2770.0,660.0,54.0,712.0,763.0,522.0,1490.0,μL/L,log10(μL/L),1,
sguys99/Duval_Classification_1.xlsx,245.0,120.0,18.0,131.0,167.0,829.0,4250.0,μL/L,log10(μL/L),1,
sguys99/Duval_Classification_1.xlsx,1170.0,255.0,18.0,312.0,325.0,5.0,1800.0,μL/L,log10(μL/L),1,
sguys99/Duval_Classification_1.xlsx,4419.0,3564.0,668.0,2861.0,2025.0,909.0,9082.0,μL/L,log10(μL/L),1,
sguys99/Duval_Classification_1.xlsx,810.0,580.0,111.0,570.0,490.0,1100.0,6800.0,μL/L,log10(μL/L),1,
sguys99/Duval_Classification_1.xlsx,5000.0,1200.0,83.0,1000.0,1100.0,140.0,265.0,μL/L,log10(μL/L),1,
sguys99/Duval_Classification_1.xlsx,10000.0,6730.0,345.0,7330.0,10400.0,1980.0,3830.0,μL/L,log10(μL/L),1,
sguys99/Duval_Classification_1.xlsx,1570.0,735.0,87.0,1330.0,1740.0,711.0,4240.0,μL/L,log10(μL/L),1,
sguys99/Duval_Classification_1.xlsx,1270.0,3450.0,520.0,1390.0,8.0,483.0,44500.0,μL/L,log10(μL/L),1,
sguys99/Duval_Classification_1.xlsx,3420.0,7870.0,1500.0,6990.0,33.0,573.0,4640.0,μL/L,log10(μL/L),1,
sguys99/Duval_Classification_1.xlsx,360.0,610.0,259.0,260.0,9.0,12000.0,74200.0,μL/L,log10(μL/L),1,
sguys99/Duval_Classification_1.xlsx,0,27.0,49.0,4.0,0,53.0,254.0,μL/L,log10(μL/L),1,
sguys99/Duval_Classification_1.xlsx,3675.0,6392.0,2500.0,7691.0,5.0,101.0,833.0,μL/L,log10(μL/L),1,
sguys99/Duval_Classification_1.xlsx,48.0,610.0,29.0,10.0,0,1900.0,970.0,μL/L,log10(μL/L),1,
sguys99/Duval_Classification_1.xlsx,12.0,18.0,4.0,4.0,0,559.0,1710.0,μL/L,log10(μL/L),1,
sguys99/Duval_Classification_1.xlsx,66.0,60.0,2.0,7.0,0,76.0,90.0,μL/L,log10(μL/L),1,
sguys99/Duval_Classification_1.xlsx,1450.0,940.0,211.0,322.0,61.0,2420.0,3560.0,μL/L,log10(μL/L),1,
sguys99/Duval_Classification_1.xlsx,0,18900.0,410.0,540.0,330.0,3900.0,710.0,μL/L,log10(μL/L),1,
sguys99/Duval_Classification_1.xlsx,960.0,4000.0,1290.0,1560.0,6.0,15800.0,50300.0,μL/L,log10(μL/L),1,
sguys99/Duval_Classification_1.xlsx,24700.0,61000.0,26300.0,42100.0,1560.0,14400.0,30400.0,μL/L,log10(μL/L),1,
sguys99/Duval_Classification_1.xlsx,14.0,44.0,124.0,7.0,0,128.0,2746.0,μL/L,log10(μL/L),1,
sguys99/Duval_Classification_1.xlsx,2031.0,149.0,20.0,3.0,0,556.0,3008.0,μL/L,log10(μL/L),1,
sguys99/Duval_Classification_1.xlsx,480.0,1075.0,298.0,1132.0,0,464.0,1000.0,μL/L,log10(μL/L),1,
sguys99/Duval_Classification_1.xlsx,40000.0,400.0,70.0,600.0,6.0,800.0,218.0,μL/L,log10(μL/L),1,
sguys99/Duval_Classification_1.xlsx,8800.0,64064.0,72128.0,95650.0,0,290.0,90300.0,μL/L,log10(μL/L),1,
sguys99/Duval_Classification_1.xlsx,6709.0,10500.0,1400.0,17700.0,750.0,290.0,1500.0,μL/L,log10(μL/L),1,
sguys99/Duval_Classification_1.xlsx,1100.0,1600.0,221.0,2010.0,26.0,0,1430.0,μL/L,log10(μL/L),1,
sguys99/Duval_Classification_1.xlsx,290.0,966.0,299.0,1810.0,57.0,72.0,756.0,μL/L,log10(μL/L),1,
sguys99/Duval_Classification_1.xlsx,2500.0,10500.0,4790.0,13500.0,6.0,530.0,2310.0,μL/L,log10(μL/L),1,
sguys99/Duval_Classification_1.xlsx,1860.0,4980.0,0,10700.0,1600.0,158.0,1300.0,μL/L,log10(μL/L),1,
sguys99/Duval_Classification_1.xlsx,860.0,1670.0,30.0,2050.0,40.0,10.0,690.0,μL/L,log10(μL/L),1,
sguys99/Duval_Classification_1.xlsx,150.0,22.0,9.0,60.0,11.0,0,0,μL/L,log10(μL/L),1,
sguys99/Duval_Classification_1.xlsx,400.0,940.0,210.0,820.0,24.0,390.0,1700.0,μL/L,log10(μL/L),1,
sguys99/Duval_Classification_1.xlsx,6.0,2990.0,29990.0,26076.0,67.0,6.0,26.0,μL/L,log10(μL/L),1,
sguys99/Duval_Classification_1.xlsx,100.0,200.0,110.0,670.0,11.0,100.0,650.0,μL/L,log10(μL/L),1,
sguys99/Duval_Classification_1.xlsx,290.0,1260.0,231.0,820.0,8.0,228.0,826.0,μL/L,log10(μL/L),1,
sguys99/Duval_Classification_1.xlsx,1550.0,2740.0,816.0,5450.0,184.0,1140.0,9360.0,μL/L,log10(μL/L),1,
sguys99/Duval_Classification_1.xlsx,3910.0,4290.0,626.0,6040.0,1230.0,1800.0,11500.0,μL/L,log10(μL/L),1,
sguys99/Duval_Classification_1.xlsx,12705.0,23498.0,6047.0,34257.0,5188.0,4004.0,8539.0,μL/L,log10(μL/L),1,
sguys99/Duval_Classification_1.xlsx,0,8.0,8.0,100.0,6.0,300.0,5130.0,μL/L,log10(μL/L),1,
sguys99/Duval_Classification_1.xlsx,300.0,700.0,280.0,1700.0,36.0,760.0,9250.0,μL/L,log10(μL/L),1,
sguys99/Duval_Classification_1.xlsx,107.0,143.0,34.0,222.0,2.0,193.0,1330.0,μL/L,log10(μL/L),1,
sguys99/Duval_Classification_1.xlsx,134.0,134.0,157.0,45.0,0,1008.0,10528.0,μL/L,log10(μL/L),0,
sguys99/Duval_Classification_1.xlsx,100.0,200.0,200.0,200.0,20.0,1000.0,10000.0,μL/L,log10(μL/L),0,
sguys99/Duval_Classification_1.xlsx,0,225.0,225.0,110.0,3.0,785.0,4500.0,μL/L,log10(μL/L),0,
sguys99/Duval_Classification_1.xlsx,105.0,125.0,71.0,166.0,10.0,2000.0,18000.0,μL/L,log10(μL/L),0,
sguys99/Duval_Classification_1.xlsx,100.0,50.0,65.0,50.0,15.0,500.0,5000.0,μL/L,log10(μL/L),0,
sguys99/Duval_Classification_1.xlsx,100.0,70.0,70.0,170.0,10.0,1000.0,10000.0,μL/L,log10(μL/L),0,
sguys99/Duval_Classification_1.xlsx,150.0,0,0,220.0,8.0,0,0,μL/L,log10(μL/L),0,
sguys99/Duval_Classification_1.xlsx,0,224.0,224.0,112.0,5.0,2150.0,6720.0,μL/L,log10(μL/L),0,
sguys99/Duval_Classification_1.xlsx,200.0,50.0,50.0,200.0,3.0,1000.0,20000.0,μL/L,log10(μL/L),0,
sguys99/Duval_Classification_1.xlsx,85.0,0,80.0,35.0,70.0,0,0,μL/L,log10(μL/L),0,
sguys99/Duval_Classification_1.xlsx,175.0,0,100.0,375.0,3.0,0,0,μL/L,log10(μL/L),0,
sguys99/Duval_Classification_1.xlsx,80.0,0,200.0,100.0,4.0,800.0,0,μL/L,log10(μL/L),0,
sguys99/Duval_Classification_1.xlsx,150.0,0,200.0,100.0,15.0,1000.0,10000.0,μL/L,log10(μL/L),0,
sguys99/Duval_Classification_1.xlsx,125.0,100.0,100.0,150.0,20.0,500.0,6000.0,μL/L,log10(μL/L),0,
sguys99/Duval_Classification_1.xlsx,200.0,3.0,50.0,200.0,0,1000.0,20000.0,μL/L,log10(μL/L),0,
sguys99/Duval_Classification_1.xlsx,50.0,30.0,0,0,5.0,0,0,μL/L,log10(μL/L),0,
sguys99/Duval_Classification_1.xlsx,100.0,70.0,70.0,170.0,10.0,1000.0,10000.0,μL/L,log10(μL/L),0,
sguys99/Duval_Classification_1.xlsx,95.0,280.0,250.0,150.0,10.0,700.0,8000.0,μL/L,log10(μL/L),0,
sguys99/Duval_Classification_1.xlsx,60.0,40.0,50.0,60.0,3.0,540.0,5100.0,μL/L,log10(μL/L),0,
sguys99/Duval_Classification_1.xlsx,84.0,79.0,52.0,166.0,56.0,673.0,8068.0,μL/L,log10(μL/L),0,
sguys99/Duval_Classification_1.xlsx,66.0,111.0,90.0,110.0,15.0,865.0,12670.0,μL/L,log10(μL/L),0,
sguys99/Duval_Classification_1.xlsx,235.0,180.0,270.0,145.0,336.0,672.0,4256.0,μL/L,log10(μL/L),0,
sguys99/Duval_Classification_1.xlsx,250.0,150.0,150.0,250.0,150.0,1000.0,10000.0,μL/L,log10(μL/L),0,
sguys99/Duval_Classification_1.xlsx,150.0,0,0,220.0,150.0,0,0,μL/L,log10(μL/L),0,
sguys99/Duval_Classification_1.xlsx,200.0,50.0,50.0,200.0,30.0,1000.0,20000.0,μL/L,log10(μL/L),0,
sguys99/Duval_Classification_1.xlsx,134.0,224.0,550.0,224.0,154.0,672.0,3584.0,μL/L,log10(μL/L),0,
sguys99/Duval_Classification_1.xlsx,250.0,0,15.0,150.0,280.0,0,0,μL/L,log10(μL/L),0,
sguys99/Duval_Classification_1.xlsx,150.0,0,80.0,320.0,22.0,0,0,μL/L,log10(μL/L),0,
sguys99/Duval_Classification_1.xlsx,0,150.0,550.0,200.0,150.0,800.0,5000.0,μL/L,log10(μL/L),0,
sguys99/Duval_Classification_1.xlsx,150.0,0,200.0,200.0,150.0,1000.0,10000.0,μL/L,log10(μL/L),0,
sguys99/Duval_Classification_1.xlsx,200.0,100.0,100.0,100.0,50.0,500.0,10000.0,μL/L,log10(μL/L),0,
sguys99/Duval_Classification_1.xlsx,250.0,190.0,180.0,250.0,180.0,1000.0,10000.0,μL/L,log10(μL/L),0,
sguys99/Duval_Classification_1.xlsx,75.0,35.0,50.0,110.0,80.0,400.0,5300.0,μL/L,log10(μL/L),0,
sguys99/Duval_Classification_1.xlsx,151.0,131.0,73.0,250.0,266.0,848.0,11818.0,μL/L,log10(μL/L),0,
sguys99/Duval_Classification_1.xlsx,8288.0,1120.0,784.0,1344.0,19712.0,448.0,5600.0,μL/L,log10(μL/L),0,
sguys99/Duval_Classification_1.xlsx,31.0,6.0,8.0,3.0,0,260.0,705.0,μL/L,log10(μL/L),0,
sguys99/Duval_Classification_1.xlsx,22.0,7.0,4.0,5.0,0,180.0,650.0,μL/L,log10(μL/L),0,
sguys99/Duval_Classification_1.xlsx,80.0,18.0,20.0,0,0,0,0,μL/L,log10(μL/L),0,
sguys99/Duval_Classification_1.xlsx,170.0,16.0,8.0,0,0,0,0,μL/L,log10(μL/L),0,
sguys99/Duval_Classification_1.xlsx,50.0,10.0,10.0,10.0,5.0,1000.0,10000.0,μL/L,log10(μL/L),0,
sguys99/Duval_Classification_1.xlsx,120.0,0,0,10.0,5.0,0,0,μL/L,log10(μL/L),0,
sguys99/Duval_Classification_1.xlsx,150.0,0,0,8.0,3.0,0,0,μL/L,log10(μL/L),0,
sguys99/Duval_Classification_1.xlsx,85.0,0,0,9.0,5.0,0,0,μL/L,log10(μL/L),0,
sguys99/Duval_Classification_1.xlsx,70.0,0,0,30.0,4.0,0,0,μL/L,log10(μL/L),0,
sguys99/Duval_Classification_1.xlsx,135.0,0,0,30.0,4.0,0,0,μL/L,log10(μL/L),0,
sguys99/Duval_Classification_1.xlsx,1000.0,0,0,20.0,16.0,0,0,μL/L,log10(μL/L),0,
sguys99/Duval_Classification_1.xlsx,6.0,11.0,7.0,3.0,0,250.0,800.0,μL/L,log10(μL/L),0,
sguys99/Duval_Classification_1.xlsx,150.0,120.0,130.0,40.0,0,1100.0,4000.0,μL/L,log10(μL/L),0,
sguys99/Duval_Classification_1.xlsx,20.0,30.0,25.0,4.0,2.0,330.0,900.0,μL/L,log10(μL/L),0,
sguys99/Duval_Classification_1.xlsx,300.0,30.0,25.0,4.0,2.0,330.0,900.0,μL/L,log10(μL/L),0,
sguys99/Duval_Classification_41.xlsx,32930.0,2397.0,157.0,0,0,313.0,560.0,μL/L,log10(μL/L),1,
sguys99/Duval_Classification_41.xlsx,37800.0,1740.0,249.0,8.0,8.0,56.0,197.0,μL/L,log10(μL/L),1,
sguys99/Duval_Classification_41.xlsx,92600.0,10200.0,0,0,0,6400.0,103151.0,μL/L,log10(μL/L),1,
sguys99/Duval_Classification_41.xlsx,8266.0,1061.0,22.0,0,0,107.0,498.0,μL/L,log10(μL/L),1,
sguys99/Duval_Classification_41.xlsx,9340.0,995.0,60.0,6.0,7.0,60.0,620.0,μL/L,log10(μL/L),1,
sguys99/Duval_Classification_41.xlsx,36036.0,4704.0,554.0,5.0,10.0,6.0,347.0,μL/L,log10(μL/L),1,
sguys99/Duval_Classification_41.xlsx,33046.0,619.0,58.0,2.0,0,51.0,0,μL/L,log10(μL/L),1,
sguys99/Duval_Classification_41.xlsx,40280.0,1069.0,1060.0,0,0,0,0,μL/L,log10(μL/L),1,
sguys99/Duval_Classification_41.xlsx,26788.0,18342.0,2111.0,27.0,0,704.0,0,μL/L,log10(μL/L),1,
sguys99/Duval_Classification_41.xlsx,78.0,20.0,11.0,13.0,28.0,0,784.0,μL/L,log10(μL/L),1,
sguys99/Duval_Classification_41.xlsx,305.0,100.0,33.0,161.0,541.0,440.0,3700.0,μL/L,log10(μL/L),1,
sguys99/Duval_Classification_41.xlsx,35.0,6.0,3.0,26.0,482.0,200.0,2240.0,μL/L,log10(μL/L),1,
sguys99/Duval_Classification_41.xlsx,543.0,120.0,41.0,411.0,1880.0,76.0,2800.0,μL/L,log10(μL/L),1,
sguys99/Duval_Classification_41.xlsx,1230.0,163.0,27.0,233.0,692.0,130.0,115.0,μL/L,log10(μL/L),1,
sguys99/Duval_Classification_41.xlsx,645.0,86.0,13.0,110.0,317.0,74.0,114.0,μL/L,log10(μL/L),1,
sguys99/Duval_Classification_41.xlsx,60.0,10.0,4.0,4.0,4.0,780.0,7600.0,μL/L,log10(μL/L),1,
sguys99/Duval_Classification_41.xlsx,95.0,10.0,0,11.0,39.0,122.0,467.0,μL/L,log10(μL/L),1,
sguys99/Duval_Classification_41.xlsx,6870.0,1028.0,79.0,900.0,5500.0,29.0,388.0,μL/L,log10(μL/L),1,
sguys99/Duval_Classification_41.xlsx,10092.0,5399.0,530.0,6500.0,37565.0,42.0,413.0,μL/L,log10(μL/L),1,
sguys99/Duval_Classification_41.xlsx,650.0,81.0,170.0,51.0,270.0,380.0,2000.0,μL/L,log10(μL/L),1,
sguys99/Duval_Classification_41.xlsx,210.0,22.0,6.0,6.0,7.0,19.0,74.0,μL/L,log10(μL/L),1,
sguys99/Duval_Classification_41.xlsx,385.0,60.0,8.0,53.0,159.0,465.0,1250.0,μL/L,log10(μL/L),1,
sguys99/Duval_Classification_41.xlsx,4230.0,690.0,5.0,196.0,1180.0,438.0,791.0,μL/L,log10(μL/L),1,
sguys99/Duval_Classification_41.xlsx,7600.0,1230.0,318.0,836.0,1560.0,4970.0,4080.0,μL/L,log10(μL/L),1,
sguys99/Duval_Classification_41.xlsx,595.0,80.0,9.0,89.0,244.0,524.0,2100.0,μL/L,log10(μL/L),1,
sguys99/Duval_Classification_41.xlsx,120.0,25.0,0,8.0,40.0,500.0,1600.0,μL/L,log10(μL/L),1,
sguys99/Duval_Classification_41.xlsx,8.0,0,0,43.0,101.0,192.0,4067.0,μL/L,log10(μL/L),1,
sguys99/Duval_Classification_41.xlsx,6454.0,2313.0,121.0,2159.0,6432.0,3628.0,225.0,μL/L,log10(μL/L),1,
sguys99/Duval_Classification_41.xlsx,2177.0,1049.0,207.0,440.0,705.0,4571.0,3923.0,μL/L,log10(μL/L),1,
sguys99/Duval_Classification_41.xlsx,1790.0,580.0,321.0,336.0,619.0,956.0,4250.0,μL/L,log10(μL/L),1,
sguys99/Duval_Classification_41.xlsx,1330.0,10.0,20.0,66.0,182.0,231.0,1820.0,μL/L,log10(μL/L),1,
sguys99/Duval_Classification_41.xlsx,4.0,0,2.0,7.0,52.0,93.0,519.0,μL/L,log10(μL/L),1,
sguys99/Duval_Classification_41.xlsx,1900.0,285.0,31.0,957.0,7730.0,681.0,732.0,μL/L,log10(μL/L),1,
sguys99/Duval_Classification_41.xlsx,57.0,24.0,2.0,27.0,30.0,540.0,2518.0,μL/L,log10(μL/L),1,
sguys99/Duval_Classification_41.xlsx,1000.0,500.0,0,400.0,500.0,200.0,1000.0,μL/L,log10(μL/L),1,
sguys99/Duval_Classification_41.xlsx,440.0,89.0,19.0,304.0,757.0,299.0,1190.0,μL/L,log10(μL/L),1,
sguys99/Duval_Classification_41.xlsx,210.0,43.0,12.0,102.0,187.0,167.0,1070.0,μL/L,log10(μL/L),1,
sguys99/Duval_Classification_41.xlsx,2850.0,1115.0,138.0,1987.0,3675.0,2330.0,4330.0,μL/L,log10(μL/L),1,
sguys99/Duval_Classification_41.xlsx,7020.0,1850.0,0,2960.0,4410.0,2140.0,1000.0,μL/L,log10(μL/L),1,
sguys99/Duval_Classification_41.xlsx,545.0,130.0,16.0,153.0,239.0,660.0,2850.0,μL/L,log10(μL/L),1,
sguys99/Duval_Classification_41.xlsx,7150.0,1440.0,97.0,1210.0,1760.0,608.0,2260.0,μL/L,log10(μL/L),1,
sguys99/Duval_Classification_41.xlsx,620.0,325.0,38.0,181.0,244.0,1480.0,2530.0,μL/L,log10(μL/L),1,
sguys99/Duval_Classification_41.xlsx,120.0,31.0,0,66.0,94.0,48.0,271.0,μL/L,log10(μL/L),1,
sguys99/Duval_Classification_41.xlsx,755.0,229.0,32.0,404.0,460.0,845.0,5580.0,μL/L,log10(μL/L),1,
sguys99/Duval_Classification_41.xlsx,5100.0,1430.0,0,1140.0,1010.0,117.0,197.0,μL/L,log10(μL/L),1,
sguys99/Duval_Classification_41.xlsx,13500.0,6110.0,212.0,4510.0,4040.0,8690.0,1460.0,μL/L,log10(μL/L),1,
sguys99/Duval_Classification_41.xlsx,1570.0,1110.0,175.0,1780.0,1830.0,135.0,602.0,μL/L,log10(μL/L),1,
sguys99/Duval_Classification_41.xlsx,3090.0,5020.0,323.0,3800.0,2540.0,270.0,400.0,μL/L,log10(μL/L),1,
sguys99/Duval_Classification_41.xlsx,1820.0,405.0,35.0,365.0,634.0,1010.0,8610.0,μL/L,log10(μL/L),1,
sguys99/Duval_Classification_41.xlsx,535.0,160.0,16.0,305.0,680.0,172.0,338.0,μL/L,log10(μL/L),1,
sguys99/Duval_Classification_41.xlsx,13.0,3.0,0,3.0,6.0,4.0,51.0,μL/L,log10(μL/L),1,
sguys99/Duval_Classification_41.xlsx,137.0,67.0,7.0,53.0,104.0,196.0,1678.0,μL/L,log10(μL/L),1,
sguys99/Duval_Classification_41.xlsx,1084.0,188.0,8.0,166.0,769.0,38.0,199.0,μL/L,log10(μL/L),1,
sguys99/Duval_Classification_41.xlsx,34.0,21.0,4.0,49.0,56.0,95.0,315.0,μL/L,log10(μL/L),1,
sguys99/Duval_Classification_41.xlsx,7940.0,2000.0,355.0,3120.0,5390.0,1130.0,285.0,μL/L,log10(μL/L),1,
sguys99/Duval_Classification_41.xlsx,150.0,130.0,9.0,55.0,30.0,120.0,200.0,μL/L,log10(μL/L),1,
sguys99/Duval_Classification_41.xlsx,8200.0,3790.0,250.0,4620.0,5830.0,31.0,85.0,μL/L,log10(μL/L),1,
sguys99/Duval_Classification_41.xlsx,260.0,215.0,35.0,334.0,277.0,130.0,416.0,μL/L,log10(μL/L),1,
sguys99/Duval_Classification_41.xlsx,75.0,15.0,7.0,14.0,26.0,105.0,322.0,μL/L,log10(μL/L),1,
sguys99/Duval_Classification_41.xlsx,530.0,345.0,85.0,266.0,250.0,3900.0,20000.0,μL/L,log10(μL/L),1,
sguys99/Duval_Classification_41.xlsx,60.0,5.0,2.0,21.0,21.0,188.0,2510.0,μL/L,log10(μL/L),1,
sguys99/Duval_Classification_41.xlsx,90.0,28.0,8.0,31.0,32.0,1380.0,11700.0,μL/L,log10(μL/L),1,
sguys99/Duval_Classification_41.xlsx,220.0,77.0,22.0,170.0,240.0,1800.0,13800.0,μL/L,log10(μL/L),1,
sguys99/Duval_Classification_41.xlsx,5900.0,1500.0,68.0,1200.0,2300.0,750.0,335.0,μL/L,log10(μL/L),1,
sguys99/Duval_Classification_41.xlsx,420.0,250.0,41.0,530.0,800.0,300.0,751.0,μL/L,log10(μL/L),1,
sguys99/Duval_Classification_41.xlsx,2800.0,2800.0,234.0,3500.0,3600.0,92.0,718.0,μL/L,log10(μL/L),1,
sguys99/Duval_Classification_41.xlsx,99.0,170.0,20.0,200.0,190.0,140.0,1160.0,μL/L,log10(μL/L),1,
sguys99/Duval_Classification_41.xlsx,310.0,230.0,54.0,610.0,760.0,150.0,631.0,μL/L,log10(μL/L),1,
sguys99/Duval_Classification_41.xlsx,800.0,160.0,23.0,260.0,600.0,490.0,690.0,μL/L,log10(μL/L),1,
sguys99/Duval_Classification_41.xlsx,1500.0,395.0,28.0,395.0,323.0,365.0,576.0,μL/L,log10(μL/L),1,
sguys99/Duval_Classification_41.xlsx,20000.0,13000.0,1850.0,29000.0,57000.0,2600.0,2430.0,μL/L,log10(μL/L),1,
sguys99/Duval_Classification_41.xlsx,305.0,85.0,25.0,197.0,130.0,813.0,8380.0,μL/L,log10(μL/L),1,
sguys99/Duval_Classification_41.xlsx,1900.0,530.0,35.0,383.0,434.0,1890.0,7570.0,μL/L,log10(μL/L),1,
sguys99/Duval_Classification_41.xlsx,110.0,62.0,90.0,140.0,250.0,680.0,6470.0,μL/L,log10(μL/L),1,
sguys99/Duval_Classification_41.xlsx,3700.0,1690.0,128.0,2810.0,3270.0,22.0,86.0,μL/L,log10(μL/L),1,
sguys99/Duval_Classification_41.xlsx,2770.0,660.0,54.0,712.0,763.0,522.0,1490.0,μL/L,log10(μL/L),1,
sguys99/Duval_Classification_41.xlsx,245.0,120.0,18.0,131.0,167.0,829.0,4250.0,μL/L,log10(μL/L),1,
sguys99/Duval_Classification_41.xlsx,1170.0,255.0,18.0,312.0,325.0,5.0,1800.0,μL/L,log10(μL/L),1,
sguys99/Duval_Classification_41.xlsx,4419.0,3564.0,668.0,2861.0,2025.0,909.0,9082.0,μL/L,log10(μL/L),1,
sguys99/Duval_Classification_41.xlsx,810.0,580.0,111.0,570.0,490.0,1100.0,6800.0,μL/L,log10(μL/L),1,
sguys99/Duval_Classification_41.xlsx,5000.0,1200.0,83.0,1000.0,1100.0,140.0,265.0,μL/L,log10(μL/L),1,
sguys99/Duval_Classification_41.xlsx,10000.0,6730.0,345.0,7330.0,10400.0,1980.0,3830.0,μL/L,log10(μL/L),1,
sguys99/Duval_Classification_41.xlsx,1570.0,735.0,87.0,1330.0,1740.0,711.0,4240.0,μL/L,log10(μL/L),1,
sguys99/Duval_Classification_41.xlsx,1270.0,3450.0,520.0,1390.0,8.0,483.0,44500.0,μL/L,log10(μL/L),1,
sguys99/Duval_Classification_41.xlsx,3420.0,7870.0,1500.0,6990.0,33.0,573.0,4640.0,μL/L,log10(μL/L),1,
sguys99/Duval_Classification_41.xlsx,360.0,610.0,259.0,260.0,9.0,12000.0,74200.0,μL/L,log10(μL/L),1,
sguys99/Duval_Classification_41.xlsx,0,27.0,49.0,4.0,0,53.0,254.0,μL/L,log10(μL/L),1,
sguys99/Duval_Classification_41.xlsx,3675.0,6392.0,2500.0,7691.0,5.0,101.0,833.0,μL/L,log10(μL/L),1,
sguys99/Duval_Classification_41.xlsx,48.0,610.0,29.0,10.0,0,1900.0,970.0,μL/L,log10(μL/L),1,
sguys99/Duval_Classification_41.xlsx,12.0,18.0,4.0,4.0,0,559.0,1710.0,μL/L,log10(μL/L),1,
sguys99/Duval_Classification_41.xlsx,66.0,60.0,2.0,7.0,0,76.0,90.0,μL/L,log10(μL/L),1,
sguys99/Duval_Classification_41.xlsx,1450.0,940.0,211.0,322.0,61.0,2420.0,3560.0,μL/L,log10(μL/L),1,
sguys99/Duval_Classification_41.xlsx,0,18900.0,410.0,540.0,330.0,3900.0,710.0,μL/L,log10(μL/L),1,
sguys99/Duval_Classification_41.xlsx,960.0,4000.0,1290.0,1560.0,6.0,15800.0,50300.0,μL/L,log10(μL/L),1,
sguys99/Duval_Classification_41.xlsx,24700.0,61000.0,26300.0,42100.0,1560.0,14400.0,30400.0,μL/L,log10(μL/L),1,
sguys99/Duval_Classification_41.xlsx,14.0,44.0,124.0,7.0,0,128.0,2746.0,μL/L,log10(μL/L),1,
sguys99/Duval_Classification_41.xlsx,2031.0,149.0,20.0,3.0,0,556.0,3008.0,μL/L,log10(μL/L),1,
sguys99/Duval_Classification_41.xlsx,480.0,1075.0,298.0,1132.0,0,464.0,1000.0,μL/L,log10(μL/L),1,
sguys99/Duval_Classification_41.xlsx,40000.0,400.0,70.0,600.0,6.0,800.0,218.0,μL/L,log10(μL/L),1,
sguys99/Duval_Classification_41.xlsx,8800.0,64064.0,72128.0,95650.0,0,290.0,90300.0,μL/L,log10(μL/L),1,
sguys99/Duval_Classification_41.xlsx,6709.0,10500.0,1400.0,17700.0,750.0,290.0,1500.0,μL/L,log10(μL/L),1,
sguys99/Duval_Classification_41.xlsx,1100.0,1600.0,221.0,2010.0,26.0,0,1430.0,μL/L,log10(μL/L),1,
sguys99/Duval_Classification_41.xlsx,290.0,966.0,299.0,1810.0,57.0,72.0,756.0,μL/L,log10(μL/L),1,
sguys99/Duval_Classification_41.xlsx,2500.0,10500.0,4790.0,13500.0,6.0,530.0,2310.0,μL/L,log10(μL/L),1,
sguys99/Duval_Classification_41.xlsx,1860.0,4980.0,0,10700.0,1600.0,158.0,1300.0,μL/L,log10(μL/L),1,
sguys99/Duval_Classification_41.xlsx,860.0,1670.0,30.0,2050.0,40.0,10.0,690.0,μL/L,log10(μL/L),1,
sguys99/Duval_Classification_41.xlsx,150.0,22.0,9.0,60.0,11.0,0,0,μL/L,log10(μL/L),1,
sguys99/Duval_Classification_41.xlsx,400.0,940.0,210.0,820.0,24.0,390.0,1700.0,μL/L,log10(μL/L),1,
sguys99/Duval_Classification_41.xlsx,6.0,2990.0,29990.0,26076.0,67.0,6.0,26.0,μL/L,log10(μL/L),1,
sguys99/Duval_Classification_41.xlsx,100.0,200.0,110.0,670.0,11.0,100.0,650.0,μL/L,log10(μL/L),1,
sguys99/Duval_Classification_41.xlsx,290.0,1260.0,231.0,820.0,8.0,228.0,826.0,μL/L,log10(μL/L),1,
sguys99/Duval_Classification_41.xlsx,1550.0,2740.0,816.0,5450.0,184.0,1140.0,9360.0,μL/L,log10(μL/L),1,
sguys99/Duval_Classification_41.xlsx,3910.0,4290.0,626.0,6040.0,1230.0,1800.0,11500.0,μL/L,log10(μL/L),1,
sguys99/Duval_Classification_41.xlsx,12705.0,23498.0,6047.0,34257.0,5188.0,4004.0,8539.0,μL/L,log10(μL/L),1,
sguys99/Duval_Classification_41.xlsx,0,8.0,8.0,100.0,6.0,300.0,5130.0,μL/L,log10(μL/L),1,
sguys99/Duval_Classification_41.xlsx,300.0,700.0,280.0,1700.0,36.0,760.0,9250.0,μL/L,log10(μL/L),1,
sguys99/Duval_Classification_41.xlsx,107.0,143.0,34.0,222.0,2.0,193.0,1330.0,μL/L,log10(μL/L),1,
sguys99/Duval_Classification_41.xlsx,134.0,134.0,157.0,45.0,0,1008.0,10528.0,μL/L,log10(μL/L),0,
sguys99/Duval_Classification_41.xlsx,100.0,200.0,200.0,200.0,20.0,1000.0,10000.0,μL/L,log10(μL/L),0,
sguys99/Duval_Classification_41.xlsx,0,225.0,225.0,110.0,3.0,785.0,4500.0,μL/L,log10(μL/L),0,
sguys99/Duval_Classification_41.xlsx,105.0,125.0,71.0,166.0,10.0,2000.0,18000.0,μL/L,log10(μL/L),0,
sguys99/Duval_Classification_41.xlsx,100.0,50.0,65.0,50.0,15.0,500.0,5000.0,μL/L,log10(μL/L),0,
sguys99/Duval_Classification_41.xlsx,100.0,70.0,70.0,170.0,10.0,1000.0,10000.0,μL/L,log10(μL/L),0,
sguys99/Duval_Classification_41.xlsx,150.0,0,0,220.0,8.0,0,0,μL/L,log10(μL/L),0,
sguys99/Duval_Classification_41.xlsx,0,224.0,224.0,112.0,5.0,2150.0,6720.0,μL/L,log10(μL/L),0,
sguys99/Duval_Classification_41.xlsx,200.0,50.0,50.0,200.0,3.0,1000.0,20000.0,μL/L,log10(μL/L),0,
sguys99/Duval_Classification_41.xlsx,85.0,0,80.0,35.0,70.0,0,0,μL/L,log10(μL/L),0,
sguys99/Duval_Classification_41.xlsx,175.0,0,100.0,375.0,3.0,0,0,μL/L,log10(μL/L),0,
sguys99/Duval_Classification_41.xlsx,80.0,0,200.0,100.0,4.0,800.0,0,μL/L,log10(μL/L),0,
sguys99/Duval_Classification_41.xlsx,150.0,0,200.0,100.0,15.0,1000.0,10000.0,μL/L,log10(μL/L),0,
sguys99/Duval_Classification_41.xlsx,125.0,100.0,100.0,150.0,20.0,500.0,6000.0,μL/L,log10(μL/L),0,
sguys99/Duval_Classification_41.xlsx,200.0,3.0,50.0,200.0,0,1000.0,20000.0,μL/L,log10(μL/L),0,
sguys99/Duval_Classification_41.xlsx,50.0,30.0,0,0,5.0,0,0,μL/L,log10(μL/L),0,
sguys99/Duval_Classification_41.xlsx,100.0,70.0,70.0,170.0,10.0,1000.0,10000.0,μL/L,log10(μL/L),0,
sguys99/Duval_Classification_41.xlsx,95.0,280.0,250.0,150.0,10.0,700.0,8000.0,μL/L,log10(μL/L),0,
sguys99/Duval_Classification_41.xlsx,60.0,40.0,50.0,60.0,3.0,540.0,5100.0,μL/L,log10(μL/L),0,
sguys99/Duval_Classification_41.xlsx,84.0,79.0,52.0,166.0,56.0,673.0,8068.0,μL/L,log10(μL/L),0,
sguys99/Duval_Classification_41.xlsx,66.0,111.0,90.0,110.0,15.0,865.0,12670.0,μL/L,log10(μL/L),0,
sguys99/Duval_Classification_41.xlsx,235.0,180.0,270.0,145.0,336.0,672.0,4256.0,μL/L,log10(μL/L),0,
sguys99/Duval_Classification_41.xlsx,250.0,150.0,150.0,250.0,150.0,1000.0,10000.0,μL/L,log10(μL/L),0,
sguys99/Duval_Classification_41.xlsx,150.0,0,0,220.0,150.0,0,0,μL/L,log10(μL/L),0,
sguys99/Duval_Classification_41.xlsx,200.0,50.0,50.0,200.0,30.0,1000.0,20000.0,μL/L,log10(μL/L),0,
sguys99/Duval_Classification_41.xlsx,134.0,224.0,550.0,224.0,154.0,672.0,3584.0,μL/L,log10(μL/L),0,
sguys99/Duval_Classification_41.xlsx,250.0,0,15.0,150.0,280.0,0,0,μL/L,log10(μL/L),0,
sguys99/Duval_Classification_41.xlsx,150.0,0,80.0,320.0,22.0,0,0,μL/L,log10(μL/L),0,
sguys99/Duval_Classification_41.xlsx,0,150.0,550.0,200.0,150.0,800.0,5000.0,μL/L,log10(μL/L),0,
sguys99/Duval_Classification_41.xlsx,150.0,0,200.0,200.0,150.0,1000.0,10000.0,μL/L,log10(μL/L),0,
sguys99/Duval_Classification_41.xlsx,200.0,100.0,100.0,100.0,50.0,500.0,10000.0,μL/L,log10(μL/L),0,
sguys99/Duval_Classification_41.xlsx,250.0,190.0,180.0,250.0,180.0,1000.0,10000.0,μL/L,log10(μL/L),0,
sguys99/Duval_Classification_41.xlsx,75.0,35.0,50.0,110.0,80.0,400.0,5300.0,μL/L,log10(μL/L),0,
sguys99/Duval_Classification_41.xlsx,151.0,131.0,73.0,250.0,266.0,848.0,11818.0,μL/L,log10(μL/L),0,
sguys99/Duval_Classification_41.xlsx,8288.0,1120.0,784.0,1344.0,19712.0,448.0,5600.0,μL/L,log10(μL/L),0,
sguys99/Duval_Classification_41.xlsx,31.0,6.0,8.0,3.0,0,260.0,705.0,μL/L,log10(μL/L),0,
sguys99/Duval_Classification_41.xlsx,22.0,7.0,4.0,5.0,0,180.0,650.0,μL/L,log10(μL/L),0,
sguys99/Duval_Classification_41.xlsx,80.0,18.0,20.0,0,0,0,0,μL/L,log10(μL/L),0,
sguys99/Duval_Classification_41.xlsx,170.0,16.0,8.0,0,0,0,0,μL/L,log10(μL/L),0,
sguys99/Duval_Classification_41.xlsx,50.0,10.0,10.0,10.0,5.0,1000.0,10000.0,μL/L,log10(μL/L),0,
sguys99/Duval_Classification_41.xlsx,120.0,0,0,10.0,5.0,0,0,μL/L,log10(μL/L),0,
sguys99/Duval_Classification_41.xlsx,150.0,0,0,8.0,3.0,0,0,μL/L,log10(μL/L),0,
sguys99/Duval_Classification_41.xlsx,85.0,0,0,9.0,5.0,0,0,μL/L,log10(μL/L),0,
sguys99/Duval_Classification_41.xlsx,70.0,0,0,30.0,4.0,0,0,μL/L,log10(μL/L),0,
sguys99/Duval_Classification_41.xlsx,135.0,0,0,30.0,4.0,0,0,μL/L,log10(μL/L),0,
sguys99/Duval_Classification_41.xlsx,1000.0,0,0,20.0,16.0,0,0,μL/L,log10(μL/L),0,
sguys99/Duval_Classification_41.xlsx,6.0,11.0,7.0,3.0,0,250.0,800.0,μL/L,log10(μL/L),0,
sguys99/Duval_Classification_41.xlsx,150.0,120.0,130.0,40.0,0,1100.0,4000.0,μL/L,log10(μL/L),0,
sguys99/Duval_Classification_41.xlsx,20.0,30.0,25.0,4.0,2.0,330.0,900.0,μL/L,log10(μL/L),0,
sguys99/Duval_Classification_41.xlsx,300.0,30.0,25.0,4.0,2.0,330.0,900.0,μL/L,log10(μL/L),0,
sguys99/Duval_Classification_41.xlsx,133.325132,105.048454,89.147226,154.645626,11.643666,772.115233,7821.253049,μL/L,log10(μL/L),0,
sguys99/Duval_Classification_41.xlsx,141.521274,64.498864,78.507779,100.65959,14.277769,675.457996,11266.105257,μL/L,log10(μL/L),0,
sguys99/Duval_Classification_41.xlsx,71.428813,53.761668,70.018865,259.073813,22.611552,608.73253,10435.123319,μL/L,log10(μL/L),0,
sguys99/Duval_Classification_41.xlsx,142.203827,57.57587,68.843535,275.544643,5.333758,694.171077,5153.050983,μL/L,log10(μL/L),0,
sguys99/Duval_Classification_41.xlsx,116.912332,83.123127,52.384755,156.551394,45.427657,713.527942,9857.146852,μL/L,log10(μL/L),0,
sguys99/Duval_Classification_41.xlsx,68.778636,73.130219,77.278876,84.446229,47.404998,583.420181,8155.492437,μL/L,log10(μL/L),0,
sguys99/Duval_Classification_41.xlsx,85.06484,64.616165,51.697246,116.774233,26.070612,752.222694,12336.330829,μL/L,log10(μL/L),0,
sguys99/Duval_Classification_41.xlsx,109.219337,98.158004,52.857819,149.918366,25.994874,621.427565,5109.093351,μL/L,log10(μL/L),0,
sguys99/Duval_Classification_41.xlsx,146.175615,80.968486,70.865994,190.877136,18.872812,678.462885,8753.348358,μL/L,log10(μL/L),0,
sguys99/Duval_Classification_41.xlsx,146.839968,78.480653,53.869201,117.686585,45.302531,749.875098,8452.357415,μL/L,log10(μL/L),0,
sguys99/Duval_Classification_41.xlsx,74.185177,104.203556,82.725942,192.62548,20.354599,630.650204,8741.239292,μL/L,log10(μL/L),0,
sguys99/Duval_Classification_41.xlsx,147.35335,60.008731,82.701884,216.467472,8.226529,644.558639,11184.261856,μL/L,log10(μL/L),0,
sguys99/Duval_Classification_41.xlsx,146.145025,93.004016,78.897584,108.784281,39.671847,762.152718,7647.527277,μL/L,log10(μL/L),0,
sguys99/Duval_Classification_41.xlsx,103.683808,92.761037,55.994618,85.831883,21.317725,635.501128,11299.440429,μL/L,log10(μL/L),0,
sguys99/Duval_Classification_41.xlsx,132.025242,66.631209,76.38421,125.268692,14.35949,836.775456,8823.721514,μL/L,log10(μL/L),0,
sguys99/Duval_Classification_41.xlsx,72.76977,79.747515,70.743798,130.131226,21.983871,893.758824,5382.525593,μL/L,log10(μL/L),0,
sguys99/Duval_Classification_41.xlsx,97.958515,45.3098,88.918982,153.316687,7.533363,802.889565,6489.407884,μL/L,log10(μL/L),0,
sguys99/Duval_Classification_41.xlsx,142.416197,43.776508,75.95966,171.728823,9.202745,663.795721,10801.888464,μL/L,log10(μL/L),0,
sguys99/Duval_Classification_41.xlsx,131.29866,77.155829,82.013223,78.813475,47.276378,750.26496,8840.539344,μL/L,log10(μL/L),0,
sguys99/Duval_Classification_41.xlsx,146.354318,94.541706,68.151908,117.746092,47.938323,578.796845,6306.497483,μL/L,log10(μL/L),0,
sguys99/Duval_Classification_41.xlsx,119.016663,105.380748,67.29566,236.223217,30.034804,866.270934,7794.884396,μL/L,log10(μL/L),0,
sguys99/Duval_Classification_41.xlsx,63.214051,49.093435,83.012552,66.428461,5.809639,856.675341,9898.374789,μL/L,log10(μL/L),0,
sguys99/Duval_Classification_41.xlsx,136.421638,79.817656,53.338793,264.347911,14.034656,834.393801,6614.787518,μL/L,log10(μL/L),0,
sguys99/Duval_Classification_41.xlsx,144.059392,72.857345,55.32684,220.67279,19.598453,633.86208,10933.572036,μL/L,log10(μL/L),0,
sguys99/Duval_Classification_41.xlsx,121.086164,40.833145,56.935545,167.493974,41.59612,753.96825,7018.511827,μL/L,log10(μL/L),0,
sguys99/Duval_Classification_41.xlsx,128.196612,63.598585,65.637512,187.275513,3.723962,548.104533,12347.652302,μL/L,log10(μL/L),0,
sguys99/Duval_Classification_41.xlsx,126.881922,51.352762,83.25519,112.202388,5.022119,693.093355,7225.586535,μL/L,log10(μL/L),0,
sguys99/Duval_Classification_41.xlsx,95.300432,95.599918,82.134576,160.946742,10.942531,652.578799,11147.450131,μL/L,log10(μL/L),0,
sguys99/Duval_Classification_41.xlsx,118.99301,61.785053,52.418847,271.879479,33.508427,598.134508,6590.429617,μL/L,log10(μL/L),0,
sguys99/Duval_Classification_41.xlsx,75.406802,76.997319,65.970311,180.297258,37.390952,604.355827,7371.235567,μL/L,log10(μL/L),0,
sguys99/Duval_Classification_41.xlsx,123.544148,51.595411,71.075033,174.649883,33.44406,692.238848,5819.796363,μL/L,log10(μL/L),0,
sguys99/Duval_Classification_41.xlsx,62.864956,82.138736,66.671979,110.950765,24.193414,573.922562,9652.054107,μL/L,log10(μL/L),0,
sguys99/Duval_Classification_41.xlsx,84.923069,58.40799,76.274396,167.557504,28.709418,755.468521,10498.569622,μL/L,log10(μL/L),0,
sguys99/Duval_Classification_41.xlsx,64.155425,85.785537,75.118934,197.293219,16.927078,709.532732,9418.085605,μL/L,log10(μL/L),0,
sguys99/Duval_Classification_41.xlsx,68.74186,88.245015,61.679363,209.409819,38.000562,790.541753,8463.257851,μL/L,log10(μL/L),0,
sguys99/Duval_Classification_41.xlsx,134.111205,92.370611,67.266047,147.013347,11.880886,791.959626,10191.097973,μL/L,log10(μL/L),0,
sguys99/Duval_Classification_41.xlsx,122.534576,71.537912,50.619485,140.836063,35.278445,769.871073,10216.179278,μL/L,log10(μL/L),0,
sguys99/Duval_Classification_41.xlsx,88.538953,45.867496,89.362549,277.356041,11.625024,552.097381,10464.232357,μL/L,log10(μL/L),0,
sguys99/Duval_Classification_41.xlsx,145.519984,56.028388,56.686736,68.302551,20.318776,564.770196,10122.715013,μL/L,log10(μL/L),0,
sguys99/Duval_Classification_41.xlsx,63.100147,103.933615,54.248654,254.736962,32.404072,655.055905,12566.875494,μL/L,log10(μL/L),0,
sguys99/Duval_Classification_41.xlsx,99.486992,50.666461,64.89639,260.923102,39.670689,731.111141,6750.585887,μL/L,log10(μL/L),0,
sguys99/Duval_Classification_41.xlsx,94.340261,97.807188,57.924736,235.160452,6.812911,775.600455,10703.325451,μL/L,log10(μL/L),0,
sguys99/Duval_Classification_41.xlsx,128.896511,77.68397,69.587506,81.716701,46.681141,686.742911,6966.221558,μL/L,log10(μL/L),0,
sguys99/Duval_Classification_41.xlsx,131.567991,109.72943,63.579737,117.61166,39.458496,835.19324,6043.230358,μL/L,log10(μL/L),0,
sguys99/Duval_Classification_41.xlsx,76.818534,45.472287,88.065219,133.778505,25.879207,798.60922,9897.701131,μL/L,log10(μL/L),0,
sguys99/Duval_Classification_41.xlsx,104.078796,70.987479,86.813282,209.540149,23.485354,888.713759,8656.087806,μL/L,log10(μL/L),0,
sguys99/Duval_Classification_41.xlsx,100.102758,47.465694,52.10708,90.04169,23.998836,731.280206,8723.9314,μL/L,log10(μL/L),0,
sguys99/Duval_Classification_41.xlsx,118.168171,107.332866,79.514324,218.67005,17.398425,657.052445,10329.36354,μL/L,log10(μL/L),0,
sguys99/Duval_Classification_41.xlsx,123.842835,40.324396,60.764777,83.48761,26.899907,578.026513,11185.255567,μL/L,log10(μL/L),0,
sguys99/Duval_Classification_41.xlsx,127.921801,94.243733,66.913425,203.826617,27.006264,759.945117,7866.722306,μL/L,log10(μL/L),0,
sguys99/Duval_Classification_41.xlsx,84.842257,97.211225,71.914836,168.718266,41.428502,820.368807,10329.875827,μL/L,log10(μL/L),0,
sguys99/Duval_Classification_41.xlsx,121.173241,100.808629,87.709479,231.391379,40.357077,692.443051,8387.652861,μL/L,log10(μL/L),0,
sguys99/Duval_Classification_41.xlsx,118.95882,45.910509,66.709764,217.308157,33.282952,572.696383,11751.240306,μL/L,log10(μL/L),0,
sguys99/Duval_Classification_41.xlsx,74.635056,67.984785,89.322099,258.818523,20.794641,635.929737,11680.042871,μL/L,log10(μL/L),0,
sguys99/Duval_Classification_41.xlsx,70.709791,58.190928,62.058198,256.002951,41.144282,595.316418,7125.883839,μL/L,log10(μL/L),0,
sguys99/Duval_Classification_41.xlsx,104.852765,96.004794,78.04395,133.515872,28.042803,641.161909,9946.339821,μL/L,log10(μL/L),0,
sguys99/Duval_Classification_41.xlsx,146.376956,70.198968,76.653554,213.724083,19.484174,698.43065,9699.7684,μL/L,log10(μL/L),0,
sguys99/Duval_Classification_41.xlsx,90.634715,103.745332,71.565059,103.518162,47.133073,729.771387,9371.840763,μL/L,log10(μL/L),0,
sguys99/Duval_Classification_41.xlsx,112.674098,52.729292,77.924221,66.719008,44.169312,704.672772,11972.534156,μL/L,log10(μL/L),0,
sguys99/Duval_Classification_41.xlsx,80.143075,58.466204,76.661117,223.696337,28.857348,855.133775,7191.754309,μL/L,log10(μL/L),0,
sguys99/Duval_Classification_41.xlsx,127.614035,50.187729,57.125298,170.004936,32.256329,726.498759,7612.785196,μL/L,log10(μL/L),0,
sguys99/Duval_Classification_41.xlsx,82.95856,49.524799,55.120576,165.582871,30.591101,879.704145,6041.794874,μL/L,log10(μL/L),0,
sguys99/Duval_Classification_41.xlsx,105.536135,100.850455,89.963216,259.038892,12.763888,769.575275,12524.652816,μL/L,log10(μL/L),0,
sguys99/Duval_Classification_41.xlsx,122.916905,80.579321,56.844843,194.170663,17.158578,884.769818,10199.859812,μL/L,log10(μL/L),0,
sguys99/Duval_Classification_41.xlsx,140.181293,78.490214,51.304033,195.886606,25.133397,626.654533,8887.759477,μL/L,log10(μL/L),0,
sguys99/Duval_Classification_41.xlsx,146.336228,50.146836,72.447992,249.077307,13.832944,783.404029,10150.603992,μL/L,log10(μL/L),0,
sguys99/Duval_Classification_41.xlsx,109.249398,99.712178,85.27466,237.207673,42.682513,644.063246,9403.257273,μL/L,log10(μL/L),0,
sguys99/Duval_Classification_41.xlsx,72.4762,83.543859,76.767012,186.878733,12.153922,781.85094,10213.760694,μL/L,log10(μL/L),0,
sguys99/Duval_Classification_41.xlsx,73.436461,64.566667,57.617331,100.242943,13.618324,790.25058,9396.698879,μL/L,log10(μL/L),0,
sguys99/Duval_Classification_41.xlsx,83.175743,75.927468,64.756662,112.785042,11.023278,564.477397,10796.268303,μL/L,log10(μL/L),0,
sguys99/Duval_Classification_41.xlsx,135.664553,68.126562,68.429037,255.032625,13.700222,631.724456,9227.712916,μL/L,log10(μL/L),0,
sguys99/Duval_Classification_41.xlsx,82.885396,45.317668,89.265518,66.308314,23.477838,620.654411,12950.266531,μL/L,log10(μL/L),0,
sguys99/Duval_Classification_41.xlsx,133.285634,56.794131,56.256198,167.778305,17.621807,780.419782,6827.545396,μL/L,log10(μL/L),0,
sguys99/Duval_Classification_41.xlsx,81.917247,48.632325,84.220912,96.943972,46.398843,843.981176,5935.806359,μL/L,log10(μL/L),0,
sguys99/Duval_Classification_41.xlsx,83.377931,88.673059,67.858448,231.370241,250.038918,454.084158,7868.152335,μL/L,log10(μL/L),0,
sguys99/Duval_Classification_41.xlsx,85.221941,95.829623,64.064464,122.072834,93.576034,636.270324,9435.770857,μL/L,log10(μL/L),0,
sguys99/Duval_Classification_41.xlsx,125.898923,74.61775,61.114759,161.301126,126.072446,546.625133,9155.81556,μL/L,log10(μL/L),0,
sguys99/Duval_Classification_41.xlsx,112.138276,54.567674,53.688673,161.687833,90.213335,645.902248,8851.346422,μL/L,log10(μL/L),0,
sguys99/Duval_Classification_41.xlsx,89.22828,125.053647,54.240617,205.903986,163.927191,579.496339,7142.967364,μL/L,log10(μL/L),0,
sguys99/Duval_Classification_41.xlsx,112.125437,42.796765,51.546936,193.711829,82.523808,586.792024,6965.81403,μL/L,log10(μL/L),0,
sguys99/Duval_Classification_41.xlsx,86.070617,45.042396,68.276008,220.510952,250.466357,481.331992,8325.979762,μL/L,log10(μL/L),0,
sguys99/Duval_Classification_41.xlsx,79.123061,48.493907,64.134304,161.471409,117.365056,514.924033,6825.675934,μL/L,log10(μL/L),0,
sguys99/Duval_Classification_41.xlsx,138.803451,50.813742,61.155779,138.8439,97.740398,409.241099,10689.81221,μL/L,log10(μL/L),0,
sguys99/Duval_Classification_41.xlsx,117.041965,93.991071,56.26858,122.133317,138.399711,815.654026,11906.898421,μL/L,log10(μL/L),0,
sguys99/Duval_Classification_41.xlsx,144.720665,89.502428,53.324071,218.070748,166.650957,694.16495,5500.946067,μL/L,log10(μL/L),0,
sguys99/Duval_Classification_41.xlsx,127.25004,39.9474,62.449945,138.794433,99.317185,819.676107,8888.950077,μL/L,log10(μL/L),0,
sguys99/Duval_Classification_41.xlsx,118.709322,123.464132,69.758695,164.358028,269.124048,473.580566,5883.417373,μL/L,log10(μL/L),0,
sguys99/Duval_Classification_41.xlsx,136.154791,104.22286,53.40864,187.248994,143.097638,814.493765,10674.012652,μL/L,log10(μL/L),0,
sguys99/Duval_Classification_41.xlsx,140.926043,105.094957,55.155845,142.053455,136.495895,757.596048,11927.270895,μL/L,log10(μL/L),0,
sguys99/Duval_Classification_41.xlsx,149.168371,41.023428,57.935986,199.871687,91.788592,659.827389,5748.539931,μL/L,log10(μL/L),0,
sguys99/Duval_Classification_41.xlsx,75.039178,116.741853,51.479895,177.827252,136.666355,598.016018,11593.969025,μL/L,log10(μL/L),0,
sguys99/Duval_Classification_41.xlsx,139.907894,123.768486,63.681921,131.258374,88.80674,515.926182,5421.789475,μL/L,log10(μL/L),0,
sguys99/Duval_Classification_41.xlsx,120.942485,128.51784,58.047767,219.470475,176.031347,738.375877,9881.718712,μL/L,log10(μL/L),0,
sguys99/Duval_Classification_41.xlsx,149.246265,116.599188,69.656704,124.084885,224.670918,502.901267,10551.034417,μL/L,log10(μL/L),0,
sguys99/Duval_Classification_41.xlsx,114.576005,109.628104,58.04368,151.169287,199.9033,428.884189,8878.721705,μL/L,log10(μL/L),0,
sguys99/Duval_Classification_41.xlsx,110.964254,83.770855,62.413439,143.232223,97.079414,745.29828,11231.908321,μL/L,log10(μL/L),0,
sguys99/Duval_Classification_41.xlsx,135.10107,51.872234,53.087396,184.322116,95.36386,702.040983,11323.332823,μL/L,log10(μL/L),0,
sguys99/Duval_Classification_41.xlsx,92.08822,72.866002,57.626904,122.809822,227.675702,721.845632,9493.782095,μL/L,log10(μL/L),0,
sguys99/Duval_Classification_41.xlsx,112.357072,47.723469,53.222679,166.744159,251.975601,688.927373,6223.722249,μL/L,log10(μL/L),0,
sguys99/Duval_Classification_41.xlsx,142.563937,37.934507,65.162249,124.678475,181.416671,588.571732,6759.270678,μL/L,log10(μL/L),0,
sguys99/Duval_Classification_41.xlsx,118.099591,124.218462,67.422222,125.719755,100.7393,575.842937,6520.345208,μL/L,log10(μL/L),0,
sguys99/Duval_Classification_41.xlsx,138.388364,63.624076,57.015535,219.819905,236.903683,767.263046,5580.193089,μL/L,log10(μL/L),0,
sguys99/Duval_Classification_41.xlsx,130.398022,63.075714,63.710714,150.819845,144.238567,542.842539,6016.509112,μL/L,log10(μL/L),0,
sguys99/Duval_Classification_41.xlsx,118.949028,66.628947,55.882973,194.494681,135.85488,766.542898,9430.17135,μL/L,log10(μL/L),0,
sguys99/Duval_Classification_41.xlsx,93.505089,79.371478,60.612586,245.019173,221.799551,755.083082,11595.728768,μL/L,log10(μL/L),0,
sguys99/Duval_Classification_41.xlsx,124.981216,96.578849,66.648468,170.547899,81.963957,783.518751,7674.853397,μL/L,log10(μL/L),0,
sguys99/Duval_Classification_41.xlsx,81.261211,37.396677,61.949804,207.265307,89.204994,627.536478,8051.214903,μL/L,log10(μL/L),0,
sguys99/Duval_Classification_41.xlsx,121.946984,115.009628,56.706227,216.133899,206.904063,686.047625,11895.141094,μL/L,log10(μL/L),0,
sguys99/Duval_Classification_41.xlsx,124.570842,88.108092,55.9845,170.569926,194.658917,827.902487,11635.380567,μL/L,log10(μL/L),0,
sguys99/Duval_Classification_41.xlsx,129.731389,116.139495,59.051851,201.769726,179.959469,599.78387,9833.519346,μL/L,log10(μL/L),0,
sguys99/Duval_Classification_41.xlsx,141.806409,68.048523,58.452913,125.365707,218.644795,427.008469,11921.625157,μL/L,log10(μL/L),0,
sguys99/Duval_Classification_41.xlsx,148.672742,77.372532,57.192126,240.726379,214.378162,790.037454,10437.770294,μL/L,log10(μL/L),0,
sguys99/Duval_Classification_41.xlsx,132.677181,40.152751,61.166384,136.244513,228.46164,684.03493,7555.885071,μL/L,log10(μL/L),0,
sguys99/Duval_Classification_41.xlsx,118.608487,51.825216,64.850907,147.265037,134.715625,559.783143,9737.958465,μL/L,log10(μL/L),0,
sguys99/Duval_Classification_41.xlsx,144.62348,97.966766,58.486696,221.696236,211.581077,848.651472,6935.907421,μL/L,log10(μL/L),0,
sguys99/Duval_Classification_41.xlsx,118.506777,66.428755,58.587116,178.264529,185.767269,500.877175,7279.898581,μL/L,log10(μL/L),0,
sguys99/Duval_Classification_41.xlsx,76.27372,120.356183,52.497455,217.654157,155.338951,693.602983,9857.195087,μL/L,log10(μL/L),0,
sguys99/Duval_Classification_41.xlsx,84.064468,46.224744,50.48868,165.440944,91.702227,672.245789,8836.573764,μL/L,log10(μL/L),0,
sguys99/Duval_Classification_41.xlsx,139.703304,128.899703,55.803705,148.211431,228.233351,574.260444,8057.67654,μL/L,log10(μL/L),0,
sguys99/Duval_Classification_41.xlsx,111.322238,86.298299,56.350412,115.212849,144.140934,463.984222,9337.676061,μL/L,log10(μL/L),0,
sguys99/Duval_Classification_41.xlsx,138.364176,102.157155,63.073803,204.261288,195.494522,411.310744,10328.484375,μL/L,log10(μL/L),0,
sguys99/Duval_Classification_41.xlsx,90.705381,129.951704,69.138718,170.139024,220.838269,589.500514,9209.672268,μL/L,log10(μL/L),0,
sguys99/Duval_Classification_41.xlsx,116.421851,62.345688,68.714617,173.243493,99.914516,482.84513,8997.00985,μL/L,log10(μL/L),0,
sguys99/Duval_Classification_41.xlsx,122.241254,74.379641,59.157727,195.380004,104.298792,726.59887,9209.923146,μL/L,log10(μL/L),0,
sguys99/Duval_Classification_41.xlsx,77.399326,79.159794,54.809568,118.316462,184.41262,566.663209,8729.193464,μL/L,log10(μL/L),0,
sguys99/Duval_Classification_41.xlsx,121.103506,107.575922,65.277959,154.213601,172.193588,778.702039,5853.371271,μL/L,log10(μL/L),0,
sguys99/Duval_Classification_41.xlsx,102.18086,112.729384,65.186548,218.181098,249.190379,730.403361,10121.119904,μL/L,log10(μL/L),0,
sguys99/Duval_Classification_41.xlsx,78.714943,44.521046,64.812961,207.500618,231.802453,656.961643,11974.245946,μL/L,log10(μL/L),0,
sguys99/Duval_Classification_41.xlsx,111.717749,51.921111,64.873767,127.546505,219.524806,479.584776,7675.379843,μL/L,log10(μL/L),0,
sguys99/Duval_Classification_41.xlsx,89.43828,69.165317,52.118408,128.221203,89.753058,830.82281,11807.434062,μL/L,log10(μL/L),0,
sguys99/Duval_Classification_41.xlsx,84.231281,40.386945,63.631209,122.929327,93.848207,519.394916,7621.206701,μL/L,log10(μL/L),0,
sguys99/Duval_Classification_41.xlsx,90.412063,84.579139,59.265212,111.094841,96.820217,816.061403,11239.843874,μL/L,log10(μL/L),0,
sguys99/Duval_Classification_41.xlsx,85.988618,66.905653,54.243264,169.235314,231.686664,500.696682,8346.455595,μL/L,log10(μL/L),0,
sguys99/Duval_Classification_41.xlsx,89.180413,51.688558,51.970375,201.780244,259.171547,568.103713,8069.962836,μL/L,log10(μL/L),0,
sguys99/Duval_Classification_41.xlsx,78.198931,54.849934,66.471489,211.209153,209.905959,439.375157,6758.804858,μL/L,log10(μL/L),0,
sguys99/Duval_Classification_41.xlsx,122.639844,120.989588,53.500195,184.369301,105.095762,688.052447,6141.885735,μL/L,log10(μL/L),0,
sguys99/Duval_Classification_41.xlsx,96.140014,99.162162,53.271398,125.234511,217.317663,481.277599,7369.727777,μL/L,log10(μL/L),0,
sguys99/Duval_Classification_41.xlsx,115.394751,79.504479,63.319744,198.447292,100.967161,420.272998,10164.899692,μL/L,log10(μL/L),0,
sguys99/Duval_Classification_41.xlsx,127.137228,121.652585,67.887788,127.709981,102.323642,725.428066,10545.242889,μL/L,log10(μL/L),0,
sguys99/Duval_Classification_41.xlsx,112.433701,44.8811,60.331164,128.802463,201.736405,556.346941,9948.37702,μL/L,log10(μL/L),0,
sguys99/Duval_Classification_41.xlsx,115.185079,105.826877,64.054046,123.803173,142.474701,697.277571,5365.67509,μL/L,log10(μL/L),0,
sguys99/Duval_Classification_41.xlsx,108.388737,104.945408,53.071808,129.883815,204.224284,572.74087,10949.529365,μL/L,log10(μL/L),0,
sguys99/Duval_Classification_41.xlsx,84.294921,88.376835,69.069141,133.555182,222.334978,682.305926,11479.624385,μL/L,log10(μL/L),0,
sguys99/Duval_Classification_41.xlsx,111.776797,52.498439,60.817682,137.474849,190.805289,409.742417,10465.393279,μL/L,log10(μL/L),0,
sguys99/Duval_Classification_41.xlsx,138.974862,91.735078,63.594678,154.447169,220.606142,809.756495,5585.821035,μL/L,log10(μL/L),0,
sguys99/Duval_Classification_41.xlsx,140.544555,63.494014,50.73126,154.30006,124.617114,760.251395,7833.847118,μL/L,log10(μL/L),0,
sguys99/Duval_Classification_41.xlsx,95.272075,47.741679,66.184077,140.458863,219.641933,735.631368,10019.075484,μL/L,log10(μL/L),0,
sguys99/Duval_Classification_41.xlsx,90.634602,55.197146,64.972377,145.145858,264.41372,765.900766,10187.737405,μL/L,log10(μL/L),0,
sguys99/Duval_Classification_41.xlsx,179.638944,40.330978,122.856028,18.832704,2.133538,752.855248,3878.915299,μL/L,log10(μL/L),0,
sguys99/Duval_Classification_41.xlsx,200.168762,92.643013,87.6774,38.743952,4.584795,532.685696,1394.490443,μL/L,log10(μL/L),0,
sguys99/Duval_Classification_41.xlsx,19.981074,65.923767,62.589322,25.942037,4.306316,975.104085,1417.727411,μL/L,log10(μL/L),0,
sguys99/Duval_Classification_41.xlsx,108.542734,81.502254,110.282783,28.729428,2.560106,626.038209,1893.261135,μL/L,log10(μL/L),0,
sguys99/Duval_Classification_41.xlsx,138.694131,44.544268,72.512691,29.646091,2.991612,1018.702156,3785.273267,μL/L,log10(μL/L),0,
sguys99/Duval_Classification_41.xlsx,76.826069,26.120985,75.128109,15.835122,3.779221,278.202495,2050.136117,μL/L,log10(μL/L),0,
sguys99/Duval_Classification_41.xlsx,216.223234,62.83745,90.64806,22.128646,4.337476,702.56251,1674.293466,μL/L,log10(μL/L),0,
sguys99/Duval_Classification_41.xlsx,257.717594,50.508062,52.164358,23.597701,3.438519,859.022745,1286.230656,μL/L,log10(μL/L),0,
sguys99/Duval_Classification_41.xlsx,88.763262,96.904364,36.432745,8.790323,3.298949,402.406567,2070.748297,μL/L,log10(μL/L),0,
sguys99/Duval_Classification_41.xlsx,220.928944,96.052244,78.20759,23.796074,2.304169,536.052987,1999.111894,μL/L,log10(μL/L),0,
sguys99/Duval_Classification_41.xlsx,46.50229,83.867831,113.627108,28.707722,2.825698,409.556006,1219.567063,μL/L,log10(μL/L),0,
sguys99/Duval_Classification_41.xlsx,251.996498,25.551921,57.033542,18.778855,3.855182,523.638106,2192.130297,μL/L,log10(μL/L),0,
sguys99/Duval_Classification_41.xlsx,46.748904,13.349592,20.851662,33.942006,4.53762,593.278205,1092.842135,μL/L,log10(μL/L),0,
sguys99/Duval_Classification_41.xlsx,178.933559,72.022637,61.593038,30.061321,3.883423,716.281355,2766.806266,μL/L,log10(μL/L),0,
sguys99/Duval_Classification_41.xlsx,113.650099,43.789273,43.922681,16.321149,1.074451,291.427804,835.133095,μL/L,log10(μL/L),0,
sguys99/Duval_Classification_41.xlsx,243.187306,113.395659,56.370583,19.805858,3.699106,719.822313,2634.433226,μL/L,log10(μL/L),0,
sguys99/Duval_Classification_41.xlsx,154.111551,117.918496,109.503718,17.296426,2.754035,483.589694,3327.135546,μL/L,log10(μL/L),0,
sguys99/Duval_Classification_41.xlsx,149.940736,42.241622,56.646326,31.695522,2.751281,455.27648,1553.173674,μL/L,log10(μL/L),0,
sguys99/Duval_Classification_41.xlsx,263.852325,98.289411,54.99164,30.168031,1.468147,456.673402,2233.663083,μL/L,log10(μL/L),0,
sguys99/Duval_Classification_41.xlsx,109.823693,108.676137,51.335214,18.92028,4.258727,381.035532,2621.946187,μL/L,log10(μL/L),0,
sguys99/Duval_Classification_41.xlsx,138.136406,76.130397,24.251409,28.668845,2.299422,1062.953907,996.484615,μL/L,log10(μL/L),0,
sguys99/Duval_Classification_41.xlsx,289.277904,107.357824,38.996014,37.972899,1.984912,1045.312169,2388.124434,μL/L,log10(μL/L),0,
sguys99/Duval_Classification_41.xlsx,18.435553,113.866738,17.678257,32.016606,2.370853,945.907272,2855.408751,μL/L,log10(μL/L),0,
sguys99/Duval_Classification_41.xlsx,292.04975,70.858232,59.815872,29.106159,2.502769,869.022571,1508.050336,μL/L,log10(μL/L),0,
sguys99/Duval_Classification_41.xlsx,61.626812,90.394164,38.645783,7.045367,3.186215,399.439969,3478.580626,μL/L,log10(μL/L),0,
sguys99/Duval_Classification_41.xlsx,202.133368,73.866654,43.599312,17.427434,3.247681,556.31533,3907.440741,μL/L,log10(μL/L),0,
sguys99/Duval_Classification_41.xlsx,178.413247,13.818464,59.257585,24.863475,2.583289,410.471477,3508.393241,μL/L,log10(μL/L),0,
sguys99/Duval_Classification_41.xlsx,204.48305,59.671877,21.662493,19.997062,2.592524,251.018637,2419.198259,μL/L,log10(μL/L),0,
sguys99/Duval_Classification_41.xlsx,112.140482,81.446913,67.893232,4.86258,3.061469,518.956587,1692.401956,μL/L,log10(μL/L),0,
sguys99/Duval_Classification_41.xlsx,188.361858,67.811122,93.888089,11.461441,3.630122,844.674438,3189.17511,μL/L,log10(μL/L),0,
sguys99/Duval_Classification_41.xlsx,244.47836,51.58208,36.959525,33.864995,4.803661,781.466903,1558.177229,μL/L,log10(μL/L),0,
sguys99/Duval_Classification_41.xlsx,11.661698,113.147679,103.56362,3.578854,3.889394,711.602849,3863.504901,μL/L,log10(μL/L),0,
sguys99/Duval_Classification_41.xlsx,30.658811,101.419078,16.113018,34.957302,2.600319,623.181623,2784.832115,μL/L,log10(μL/L),0,
sguys99/Duval_Classification_41.xlsx,292.59169,103.550317,55.447662,5.888555,4.327485,494.313177,2720.838866,μL/L,log10(μL/L),0,
sguys99/Duval_Classification_41.xlsx,197.496763,51.606232,7.417477,27.754576,1.537353,676.410241,1352.334405,μL/L,log10(μL/L),0,
sguys99/Duval_Classification_41.xlsx,73.983918,75.657119,34.143258,21.507819,1.241867,897.314258,1089.109562,μL/L,log10(μL/L),0,
sguys99/Duval_Classification_41.xlsx,124.626396,106.10823,7.15997,11.065771,1.336988,898.046841,1616.839048,μL/L,log10(μL/L),0,
sguys99/Duval_Classification_41.xlsx,41.874032,112.751675,30.2691,24.149782,1.655593,739.647516,3547.4257,μL/L,log10(μL/L),0,
sguys99/Duval_Classification_41.xlsx,84.921013,83.862606,24.525539,7.520999,2.29688,885.513412,3715.414571,μL/L,log10(μL/L),0,
sguys99/Duval_Classification_41.xlsx,81.806774,33.538634,39.973348,27.833151,2.206907,798.70433,3038.828055,μL/L,log10(μL/L),0,
sguys99/Duval_Classification_41.xlsx,103.50958,82.269715,28.511724,25.184665,1.046724,354.736591,3120.583536,μL/L,log10(μL/L),0,
sguys99/Duval_Classification_41.xlsx,50.7568,18.853619,24.053824,5.071118,3.15962,678.738181,1535.635452,μL/L,log10(μL/L),0,
sguys99/Duval_Classification_41.xlsx,108.314252,55.333234,80.66293,5.084692,1.381491,545.172116,2643.37106,μL/L,log10(μL/L),0,
sguys99/Duval_Classification_41.xlsx,41.767586,83.695537,117.830122,8.642524,1.586059,328.325532,3394.009936,μL/L,log10(μL/L),0,
sguys99/Duval_Classification_41.xlsx,265.940999,112.776097,122.543711,3.725979,3.524565,375.672048,2092.298779,μL/L,log10(μL/L),0,
sguys99/Duval_Classification_41.xlsx,33.717847,99.393554,34.205688,19.101495,4.437282,418.444246,3963.005655,μL/L,log10(μL/L),0,
sguys99/Duval_Classification_41.xlsx,279.431944,63.815762,66.368579,33.792195,4.896887,821.429702,1087.996208,μL/L,log10(μL/L),0,
sguys99/Duval_Classification_41.xlsx,123.311871,93.485664,53.249367,25.843436,3.283354,616.784505,1827.011304,μL/L,log10(μL/L),0,
sguys99/Duval_Classification_41.xlsx,19.93603,56.458172,71.424945,22.244788,4.987401,840.243323,2436.508604,μL/L,log10(μL/L),0,
sguys99/Duval_Classification_41.xlsx,106.65781,116.924673,39.579329,34.963124,3.214166,468.266879,993.940373,μL/L,log10(μL/L),0,
sguys99/Duval_Classification_41.xlsx,222.374051,118.689242,15.407938,6.614823,3.061834,258.294852,3122.201355,μL/L,log10(μL/L),0,
sguys99/Duval_Classification_41.xlsx,239.636554,105.192081,60.668231,36.597932,2.322728,702.44061,2580.978395,μL/L,log10(μL/L),0,
sguys99/Duval_Classification_41.xlsx,166.202334,53.388332,28.383924,6.996618,2.720007,487.48317,2493.951688,μL/L,log10(μL/L),0,
sguys99/Duval_Classification_41.xlsx,207.749698,60.566859,10.211174,22.12888,2.967225,1054.29563,3455.943783,μL/L,log10(μL/L),0,
sguys99/Duval_Classification_41.xlsx,268.728013,37.888905,124.425428,8.296773,1.284148,1020.476777,3548.028909,μL/L,log10(μL/L),0,
sguys99/Duval_Classification_41.xlsx,22.108786,96.502117,59.963372,23.696711,4.550957,583.78189,3324.892555,μL/L,log10(μL/L),0,
sguys99/Duval_Classification_41.xlsx,95.276446,107.229299,125.271704,3.169446,1.258534,271.126949,1817.065772,μL/L,log10(μL/L),0,
sguys99/Duval_Classification_41.xlsx,19.580318,110.594573,100.776982,31.367234,2.74474,820.721277,2247.063852,μL/L,log10(μL/L),0,
sguys99/Duval_Classification_41.xlsx,63.470169,71.853057,7.903885,34.402241,4.306518,961.59504,3207.129504,μL/L,log10(μL/L),0,
sguys99/Duval_Classification_41.xlsx,217.728746,76.276623,90.644753,36.922387,2.578139,1075.774693,1151.557458,μL/L,log10(μL/L),0,
sguys99/Duval_Classification_41.xlsx,218.195462,27.227563,93.831943,39.517826,3.4539,298.392953,1151.17558,μL/L,log10(μL/L),0,
sguys99/Duval_Classification_41.xlsx,264.072927,109.06877,86.350841,21.689925,4.274563,632.775241,1663.627724,μL/L,log10(μL/L),0,
sguys99/Duval_Classification_41.xlsx,177.235292,60.0929,74.934111,13.0426,4.54494,745.099756,2478.839505,μL/L,log10(μL/L),0,
sguys99/Duval_Classification_41.xlsx,26.781195,33.418285,33.827374,6.727769,4.724447,833.642142,3912.483446,μL/L,log10(μL/L),0,
sguys99/Duval_Classification_41.xlsx,277.286904,109.061958,102.001044,21.790407,1.763139,861.51784,3073.307793,μL/L,log10(μL/L),0,
sguys99/Duval_Classification_41.xlsx,241.309395,94.121824,35.047484,24.667538,2.034329,802.534639,1797.951824,μL/L,log10(μL/L),0,
sguys99/Duval_Classification_41.xlsx,90.068376,107.191008,52.61636,31.226823,4.591463,867.877368,1732.662808,μL/L,log10(μL/L),0,
sguys99/Duval_Classification_41.xlsx,165.83699,42.059574,116.584245,6.069618,3.373447,567.770516,3521.14348,μL/L,log10(μL/L),0,
sguys99/Duval_Classification_41.xlsx,295.524214,84.381633,112.33436,27.479059,3.01536,744.344771,3717.271757,μL/L,log10(μL/L),0,
sguys99/Duval_Classification_41.xlsx,216.409352,83.40651,56.499327,22.128224,3.451238,348.700736,2845.683671,μL/L,log10(μL/L),0,
sguys99/Duval_Classification_41.xlsx,252.657062,24.386834,46.116351,9.328777,4.277689,299.006207,1617.184953,μL/L,log10(μL/L),0,
sguys99/Duval_Classification_41.xlsx,133.378605,55.397708,81.862158,37.726641,3.127557,1082.80044,1083.730688,μL/L,log10(μL/L),0,
sguys99/Duval_Classification_41.xlsx,144.363666,41.006278,118.954013,24.847878,1.8083,492.100168,3482.41788,μL/L,log10(μL/L),0,
sguys99/Duval_Classification_41.xlsx,170.849743,89.117002,118.819077,19.303483,2.815574,755.728154,2671.099582,μL/L,log10(μL/L),0,
